ts_unix,elapsed_s,phase,guest_total_mib,guest_used_mib,guest_avail_mib,balloon_target_mib,balloon_held_mib,max_mib,host_fp_mib,psi_some,psi_full,host_free_mib
1781289800,4.0,maxram=4096/idle,3913,478,3435,4096,0,4096,887,0.00,0.00,38605
1781289802,6.1,maxram=4096/idle,3913,579,3334,4096,0,4096,1061,0.00,0.00,38667
1781289804,8.2,maxram=4096/idle,3913,650,3263,4096,0,4096,1136,0.00,0.00,38519
1781289806,10.2,maxram=4096/idle,3913,774,3139,4096,0,4096,1291,0.00,0.00,39362
1781289808,12.2,maxram=4096/idle,3913,818,3094,4096,0,4096,1376,0.00,0.00,38944
1781289810,14.3,maxram=4096/idle,3913,848,3064,4096,0,4096,1421,0.00,0.00,39185
1781289812,16.3,maxram=4096/idle/n=10,3913,909,3004,4096,0,4096,1484,0.00,0.00,38599
1781289815,18.3,maxram=4096/idle/n=10,3913,953,2960,4096,0,4096,1561,0.00,0.00,38589
1781289817,20.4,maxram=4096/idle/n=20,3913,632,3281,4096,0,4096,1579,0.00,0.00,37742
1781289819,22.4,maxram=4096/idle/n=20,3913,942,2971,4096,0,4096,1587,0.00,0.00,38139
1781289821,24.4,maxram=4096/idle/n=20,3913,989,2924,4096,0,4096,1608,0.00,0.00,38504
1781289823,26.5,maxram=4096/idle/n=30,3913,1087,2826,4096,0,4096,1699,0.00,0.00,38451
1781289825,28.7,maxram=4096/idle/n=30,3913,1089,2824,4096,0,4096,1704,0.00,0.00,38369
1781289827,30.8,maxram=4096/idle/n=30,3913,1123,2790,4096,0,4096,1742,0.00,0.00,38518
1781289829,32.8,maxram=4096/idle/n=30,3913,1197,2716,4096,0,4096,1919,0.00,0.00,38110
1781289831,34.9,maxram=4096/idle/n=40,3913,1245,2668,4096,0,4096,1961,0.00,0.00,38630
1781289833,36.9,maxram=4096/idle/n=40,3913,1288,2625,4096,0,4096,2018,0.00,0.00,38700
1781289835,38.9,maxram=4096/idle/n=40,3913,1340,2573,4096,0,4096,2100,0.00,0.00,38576
1781289837,41.0,maxram=4096/idle/n=50,3913,1368,2545,4096,0,4096,2134,0.00,0.00,38494
1781289839,43.0,maxram=4096/idle/n=50,3913,1392,2521,4096,0,4096,2166,0.00,0.00,38786
1781289841,45.0,maxram=4096/idle/n=60,3913,1444,2469,4096,0,4096,2215,0.00,0.00,37657
1781289843,47.1,maxram=4096/idle/n=60,3913,1490,2423,4096,0,4096,2259,0.00,0.00,37965
1781289845,49.1,maxram=4096/idle/n=70,3913,2588,1325,3050,1046,4096,2317,0.00,0.00,38466
1781289847,51.1,maxram=4096/idle/n=70,3913,2635,1278,3050,1046,4096,2366,0.00,0.00,38707
1781289849,53.2,maxram=4096/idle/n=70,3913,2664,1249,3050,1046,4096,2413,0.00,0.00,38695
1781289851,55.2,maxram=4096/idle/n=80,3913,2686,1227,3050,1046,4096,2429,0.00,0.00,38666
1781289854,57.4,maxram=4096/idle/n=80,3913,2680,1233,3050,1046,4096,2430,0.00,0.00,38669
1781289856,59.7,maxram=4096/idle/n=80,3913,2688,1225,3050,1046,4096,2434,0.00,0.00,38377
1781289858,61.7,maxram=4096/idle/n=80,3913,2719,1194,3050,1046,4096,2456,0.00,0.00,38477
1781289860,63.8,maxram=4096/idle/n=90,3913,2738,1175,3050,1046,4096,2485,0.00,0.00,38727
1781289862,65.8,maxram=4096/idle/n=90,3913,2766,1147,3050,1046,4096,2512,0.00,0.00,38676
1781289864,67.8,maxram=4096/idle/n=90,3913,2802,1111,3050,1046,4096,2546,0.00,0.00,38602
1781289866,69.9,maxram=4096/idle/n=100,3913,2847,1066,3050,1046,4096,2581,0.00,0.00,38596
1781289868,71.9,maxram=4096/idle/n=100,3913,2874,1039,3050,1046,4096,2617,0.00,0.00,38534
1781289870,73.9,maxram=4096/idle/n=100,3913,2901,1012,3050,1046,4096,2654,0.00,0.00,38597
1781289872,76.0,maxram=4096/idle/n=110,3913,2906,1007,3050,1046,4096,2673,0.00,0.00,37851
1781289874,78.0,maxram=4096/idle/n=110,3913,2953,960,3050,1046,4096,2699,0.00,0.00,38276
1781289876,80.0,maxram=4096/idle/n=120,3913,2995,918,3050,1046,4096,2734,0.00,0.00,38363
1781289878,82.0,maxram=4096/idle/n=120,3913,3021,892,3050,1046,4096,2773,0.00,0.00,38486
1781289880,84.1,maxram=4096/idle/n=120,3913,3063,850,3050,1046,4096,2808,0.00,0.00,38489
1781289882,86.1,maxram=4096/idle/n=130,3913,2564,1349,3563,533,4096,2841,0.00,0.00,38437
1781289884,88.1,maxram=4096/idle/n=130,3913,2577,1336,3563,533,4096,2862,0.00,0.00,38412
1781289887,90.3,maxram=4096/idle/n=130,3913,2580,1333,3563,533,4096,2863,0.00,0.00,38415
1781289889,92.5,maxram=4096/idle/n=130,3913,2605,1308,3563,533,4096,2871,0.00,0.00,38024
1781289891,94.6,maxram=4096/idle/n=130,3913,2654,1259,3563,533,4096,2917,0.00,0.00,38217
1781289893,96.6,maxram=4096/idle/n=140,3913,2669,1244,3563,533,4096,2949,0.00,0.00,38537
1781289895,98.7,maxram=4096/idle/n=140,3913,2697,1216,3563,533,4096,2979,0.00,0.00,38754
1781289897,100.7,maxram=4096/idle/n=150,3913,2760,1153,3563,533,4096,3022,0.00,0.00,38454
1781289899,102.7,maxram=4096/idle/n=150,3913,2787,1126,3563,533,4096,3063,0.00,0.00,38442
1781289901,104.8,maxram=4096/idle/n=150,3913,2792,1121,3563,533,4096,3090,0.00,0.00,38029
1781289903,106.8,maxram=4096/idle/n=160,3913,2842,1071,3563,533,4096,3125,0.00,0.00,38373
1781289905,108.8,maxram=4096/idle/n=160,3913,2875,1038,3563,533,4096,3153,0.00,0.00,38483
1781289907,110.8,maxram=4096/idle/n=170,3913,2907,1006,3563,533,4096,3188,0.00,0.00,38964
1781289909,112.9,maxram=4096/idle/n=170,3913,2963,950,3563,533,4096,3240,0.00,0.00,38825
1781289911,114.9,maxram=4096/idle/n=170,3913,2999,914,3563,533,4096,3272,0.00,0.00,38055
1781289913,116.9,maxram=4096/idle/n=180,3913,2998,915,3563,533,4096,3299,0.00,0.00,38149
1781289915,119.0,maxram=4096/idle/n=180,3913,3019,894,3563,533,4096,3313,0.00,0.00,38925
1781289917,121.0,maxram=4096/idle/n=180,3913,3021,892,3563,533,4096,3314,0.00,0.00,38832
1781289919,123.2,maxram=4096/idle/n=180,3913,3045,868,3563,533,4096,3341,0.00,0.00,38702
1781289921,125.3,maxram=4096/idle/n=190,3913,2579,1334,4086,10,4096,3386,0.00,0.00,38703
1781289923,127.3,maxram=4096/idle/n=190,3913,2618,1295,4086,10,4096,3426,0.00,0.00,38684
1781289926,129.3,maxram=4096/idle/n=200,3913,2658,1255,4086,10,4096,3468,0.00,0.00,38599
1781289928,131.4,maxram=4096/idle/n=200,3913,2689,1224,4086,10,4096,3509,0.00,0.00,38590
1781289930,133.4,maxram=4096/idle/n=210,3913,2709,1204,4086,10,4096,3538,0.00,0.00,38545
1781289932,135.4,maxram=4096/idle/n=210,3913,2781,1131,4086,10,4096,3587,0.00,0.00,38419
1781289934,137.5,maxram=4096/idle/n=210,3913,2811,1101,4086,10,4096,3623,0.00,0.00,38471
1781289936,139.5,maxram=4096/idle/n=220,3913,2834,1079,4086,10,4096,3652,0.00,0.00,38416
1781289938,141.5,maxram=4096/idle/n=220,3913,2874,1039,4086,10,4096,3687,0.00,0.00,38781
1781289940,143.6,maxram=4096/idle/n=230,3913,2902,1011,4086,10,4096,3720,0.00,0.00,38758
1781289942,145.6,maxram=4096/idle/n=230,3913,2943,970,4086,10,4096,3767,0.00,0.00,38368
1781289944,147.6,maxram=4096/idle/n=230,3913,2947,966,4086,10,4096,3770,0.00,0.00,38356
1781289946,149.9,maxram=4096/idle/n=230,3913,2940,973,4086,10,4096,3773,0.00,0.00,38417
1781289948,151.9,maxram=4096/idle/n=240,3913,2999,914,4086,10,4096,3824,0.00,0.00,38208
1781289950,153.9,maxram=4096/idle/n=240,3913,3057,856,4086,10,4096,3875,0.00,0.00,38433
1781289952,156.0,maxram=4096/idle/n=250,3913,3071,842,4086,10,4096,3900,0.00,0.00,38407
1781289954,158.0,maxram=4096/idle/n=250,3913,3084,829,4086,10,4096,3917,0.00,0.00,38357
1781289956,160.0,maxram=4096/idle/n=250,3913,3125,788,4086,10,4096,3955,0.00,0.00,38365
1781289958,162.1,maxram=4096/idle/n=260,3913,3171,742,4086,10,4096,4002,0.00,0.00,38708
1781289960,164.1,maxram=4096/idle/n=260,3913,3215,698,4086,10,4096,4056,0.00,0.00,38341
1781289962,166.1,maxram=4096/idle/n=270,3913,3222,691,4086,10,4096,4065,0.00,0.00,37719
1781289964,168.1,maxram=4096/idle/n=270,3913,3158,755,4086,10,4096,4091,0.00,0.00,38386
1781289966,170.2,maxram=4096/idle/n=270,3913,3207,705,4086,10,4096,4110,0.00,0.00,38687
1781289968,172.2,maxram=4096/idle/n=280,3913,3233,680,4086,10,4096,4125,0.00,0.00,38497
1781289970,174.2,maxram=4096/idle/n=280,3913,3249,664,4086,10,4096,4131,0.00,0.00,38208
1781289972,176.3,maxram=4096/idle/n=280,3913,3258,655,4086,10,4096,4132,0.00,0.00,38310
1781289975,178.4,maxram=4096/idle/n=280,3913,3285,628,4086,10,4096,4137,0.00,0.00,38378
1781289977,180.4,maxram=4096/idle/n=290,3913,3273,640,4086,10,4096,4138,0.00,0.00,38737
1781289979,182.5,maxram=4096/idle/n=290,3913,3292,621,4086,10,4096,4141,0.00,0.00,38735
1781289981,184.5,maxram=4096/idle/n=300,3913,3313,600,4086,10,4096,4143,0.18,0.18,38132
1781289983,186.5,maxram=4096/idle/n=300,3913,3355,558,4086,10,4096,4144,0.14,0.14,38189
1781289985,188.6,maxram=4096/idle/n=300,3913,3387,526,4086,10,4096,4145,0.12,0.12,38056
1781289987,190.6,maxram=4096/idle/n=310,3913,3287,626,4086,10,4096,4146,0.09,0.09,38026
1781289989,192.6,maxram=4096/idle/n=310,3913,3353,559,4086,10,4096,4146,0.08,0.08,38127
1781289991,194.7,maxram=4096/idle/n=320,3913,3390,523,4086,10,4096,4148,0.06,0.06,37998
1781289993,196.7,maxram=4096/idle/n=320,3913,3413,500,4086,10,4096,4149,0.05,0.05,38260
1781289995,198.7,maxram=4096/idle/n=320,3913,3423,490,4086,10,4096,4149,0.04,0.04,38043
1781289997,200.8,maxram=4096/idle/n=330,3913,3460,453,4086,10,4096,4150,0.03,0.03,37853
1781289999,202.8,maxram=4096/idle/n=330,3913,3483,430,4086,10,4096,4150,0.02,0.02,38207
1781290001,205.1,maxram=4096/idle/n=330,3913,3478,435,4086,10,4096,4150,0.02,0.02,38177
1781290004,207.4,maxram=4096/idle/n=330,3913,3505,408,4086,10,4096,4150,1.83,1.83,37798
1781290006,209.4,maxram=4096/idle/n=340,3913,3537,376,4086,10,4096,4150,1.49,1.49,37809
1781290008,211.4,maxram=4096/idle/n=340,3913,3555,358,4096,0,4096,4153,1.22,1.22,38041
1781290010,213.4,maxram=4096/idle/n=350,3913,3594,319,4096,0,4096,4153,1.00,1.00,38473
1781290012,215.5,maxram=4096/idle/n=350,3913,3608,305,4096,0,4096,4153,0.82,0.82,38031
1781290014,217.5,maxram=4096/idle/n=350,3913,3636,276,4096,0,4096,4153,0.67,0.67,38268
1781290016,219.5,maxram=4096/idle/n=360,3913,3670,243,4096,0,4096,4154,0.55,0.55,38434
1781290018,221.6,maxram=4096/idle/n=360,3913,3692,221,4096,0,4096,4154,0.45,0.45,38453
1781290020,223.6,maxram=4096/idle/n=370,3913,3722,191,4096,0,4096,4154,0.36,0.36,38445
1781290022,225.6,maxram=4096/idle/n=370,3913,3749,164,4096,0,4096,4154,0.30,0.30,38444
1781290024,227.7,maxram=4096/idle/n=370,3913,3790,123,4096,0,4096,4154,0.49,0.49,38031
1781290026,229.7,maxram=4096/idle/n=380,3913,3660,253,4096,0,4096,4153,1.31,1.31,38377
1781290028,231.7,maxram=4096/idle/n=380,3913,3684,229,4096,0,4096,4153,2.34,2.34,38542
1781290030,233.8,maxram=4096/idle/n=380,3913,3698,215,4096,0,4096,4153,7.35,6.99,38222
1781290032,236.0,maxram=4096/idle/n=380,3913,3753,160,4096,0,4096,4154,7.65,7.17,37592
1781290034,238.0,maxram=4096/idle/n=390,3913,3773,140,4096,0,4096,4154,6.26,5.87,38101
1781290036,240.1,maxram=4096/idle/n=390,3913,3619,294,4096,0,4096,4155,5.13,4.81,38232
1781290038,242.1,maxram=4096/idle/n=400,3913,3699,214,4096,0,4096,4155,4.38,4.12,38241
1781290040,244.1,maxram=4096/idle/n=400,3913,3733,180,4096,0,4096,4155,3.58,3.37,38162
1781290042,246.2,maxram=4096/idle/n=400,3913,3752,161,4096,0,4096,4156,2.93,2.76,38448
1781290044,248.2,maxram=4096/idle/n=410,3913,3620,293,4096,0,4096,4156,2.40,2.26,37651
1781290046,250.2,maxram=4096/idle/n=410,3913,3687,226,4096,0,4096,4156,2.15,2.03,37731
1781290048,252.3,maxram=4096/idle/n=420,3913,3714,199,4096,0,4096,4156,1.76,1.66,38103
1781290051,254.3,maxram=4096/idle/n=420,3913,3748,165,4096,0,4096,4156,1.44,1.36,38378
1781290053,256.3,maxram=4096/idle/n=420,3913,3741,172,4096,0,4096,4156,1.18,1.11,37794
1781290055,258.4,maxram=4096/idle/n=430,3913,3681,232,4096,0,4096,4156,1.14,1.09,38354
1781290057,260.4,maxram=4096/idle/n=430,3913,3700,213,4096,0,4096,4156,0.93,0.89,38026
1781290059,262.6,maxram=4096/idle/n=430,3913,3690,223,4096,0,4096,4156,1.67,1.63,38089
1781290061,264.9,maxram=4096/idle/n=430,3913,3686,227,4096,0,4096,4156,2.82,2.61,38424
1781290063,266.9,maxram=4096/idle/n=440,3913,3726,187,4096,0,4096,4156,4.30,4.13,38201
1781290065,269.0,maxram=4096/idle/n=440,3913,3733,180,4096,0,4096,4156,3.52,3.38,38249
1781290067,271.0,maxram=4096/idle/n=440,3913,3744,169,4096,0,4096,4156,3.06,2.95,38330
1781290069,273.0,maxram=4096/idle/n=450,3913,3772,141,4096,0,4096,4156,2.69,2.59,37799
1781290071,275.1,maxram=4096/idle/n=450,3913,3797,116,4096,0,4096,4156,2.38,2.30,37930
1781290073,277.1,maxram=4096/idle/n=460,3913,3814,99,4096,0,4096,4156,3.76,3.70,38229
1781290075,279.1,maxram=4096/idle/n=460,3913,3794,119,4096,0,4096,4156,3.80,3.75,38203
1781290077,281.1,maxram=4096/idle/n=460,3913,3811,102,4096,0,4096,4156,4.92,4.88,38283
1781290079,283.2,maxram=4096/idle/n=460,3913,3817,96,4096,0,4096,4156,4.03,4.00,38221
1781290081,285.2,maxram=4096/idle/n=470,3913,3818,94,4096,0,4096,4155,4.39,4.36,38156
1781290083,287.3,maxram=4096/idle/n=470,3913,3827,86,4096,0,4096,4156,5.22,5.20,37843
1781290086,289.3,maxram=4096/idle/n=470,3913,3823,90,4096,0,4096,4156,8.80,8.60,38388
1781290088,291.3,maxram=4096/idle/n=470,3913,3820,93,4096,0,4096,4156,9.38,9.22,38128
1781290090,293.4,maxram=4096/idle/n=470,3913,3821,92,4096,0,4096,4156,16.02,15.70,38127
1781290092,295.4,maxram=4096/idle/n=470,3913,3824,89,4096,0,4096,4156,29.24,28.62,38238
1781290094,297.4,maxram=4096/idle/n=470,3913,3842,71,4096,0,4096,4156,26.66,26.15,38070
1781290096,299.5,maxram=4096/idle/n=470,3913,3831,82,4096,0,4096,4156,24.54,24.13,38091
1781290098,301.5,maxram=4096/idle/n=480,3913,3834,79,4096,0,4096,4156,25.17,24.83,37242
1781290100,303.5,maxram=4096/idle/n=480,3913,3847,66,4096,0,4096,4156,24.77,24.31,37940
1781290102,305.7,maxram=4096/idle/n=480,3913,3853,60,4096,0,4096,4156,27.35,26.97,37914
1781290104,307.8,maxram=4096/idle/n=480,3913,3842,71,4096,0,4096,4156,32.36,32.05,38157
1781290106,309.9,maxram=4096/idle/n=480,3913,3840,73,4096,0,4096,4156,36.41,36.02,38108
1781290108,312.0,maxram=4096/idle/n=480,3913,3852,61,4096,0,4096,4156,39.59,39.09,38037
1781290110,314.1,maxram=4096/idle/n=480,3913,3842,71,4096,0,4096,4156,42.38,41.97,38019
1781290112,316.2,maxram=4096/idle/n=480,3913,3848,65,4096,0,4096,4156,45.94,45.42,37853
1781290115,318.3,maxram=4096/idle/n=480,3913,3844,69,4096,0,4096,4156,48.12,47.52,37888
1781290117,320.4,maxram=4096/idle/n=480,3913,3846,67,4096,0,4096,4156,52.99,52.31,37990
1781290119,322.6,maxram=4096/idle/n=480,3913,3844,69,4096,0,4096,4156,54.26,53.52,37947
1781290121,324.8,maxram=4096/idle/n=480,3913,3847,65,4096,0,4096,4156,55.30,54.52,37934
1781290123,327.1,maxram=4096/idle/n=480,3913,3843,70,4096,0,4096,4156,60.32,59.31,37661
1781290125,329.2,maxram=4096/idle/n=480,3913,3849,64,4096,0,4096,4156,60.80,59.80,38192
1781290128,331.3,maxram=4096/idle/n=480,3913,3844,69,4096,0,4096,4156,64.64,63.64,38124
1781290130,333.5,maxram=4096/idle/n=480,3913,3850,63,4096,0,4096,4156,64.52,63.52,38346
1781290132,335.7,maxram=4096/idle/n=480,3913,3846,67,4096,0,4096,4156,67.33,66.33,37960
1781290134,337.9,maxram=4096/idle/n=480,3913,3846,67,4096,0,4096,4156,66.72,65.72,37946
1781290136,340.1,maxram=4096/idle/n=480,3913,3846,67,4096,0,4096,4156,70.54,69.39,37816
1781290138,342.2,maxram=4096/idle/n=480,3913,3847,66,4096,0,4096,4156,68.45,67.51,38310
1781290141,344.4,maxram=4096/idle/n=480,3913,3854,59,4096,0,4096,4156,70.90,69.95,37787
1781290143,346.5,maxram=4096/idle/n=480,3913,3847,66,4096,0,4096,4156,70.19,69.23,38267
1781290145,348.7,maxram=4096/idle/n=480,3913,3859,54,4096,0,4096,4156,71.06,69.91,38345
1781290147,350.8,maxram=4096/idle/n=480,3913,3848,65,4096,0,4096,4156,68.33,67.21,38390
1781290149,353.1,maxram=4096/idle/n=480,3913,3851,62,4096,0,4096,4156,68.82,67.72,38381
1781290151,355.3,maxram=4096/idle/n=480,3913,3848,65,4096,0,4096,4156,68.49,67.40,38186
1781290154,357.5,maxram=4096/idle/n=480,3913,3858,55,4096,0,4096,4156,70.21,69.14,37928
1781290156,359.7,maxram=4096/idle/n=480,3913,3848,64,4096,0,4096,4156,70.17,69.11,38254
1781290158,361.9,maxram=4096/idle/n=480,3913,3855,58,4096,0,4096,4156,70.50,69.46,38056
1781290160,364.1,maxram=4096/idle/n=480,3913,3852,61,4096,0,4096,4156,72.48,71.45,38262
1781290163,366.3,maxram=4096/idle/n=480,3913,3851,62,4096,0,4096,4156,73.66,72.63,38297
1781290165,368.5,maxram=4096/idle/n=480,3913,3862,51,4096,0,4096,4156,71.18,70.34,38279
1781290167,371.0,maxram=4096/idle/n=480,3913,3854,59,4096,0,4096,4156,70.60,69.74,38291
1781290169,373.1,maxram=4096/idle/n=480,3913,3855,58,4096,0,4096,4156,72.67,71.78,38263
1781290172,375.4,maxram=4096/idle/n=480,3913,3856,57,4096,0,4096,4156,72.73,71.82,38244
1781290174,377.4,maxram=4096/idle/n=480,3913,3856,57,4096,0,4096,4156,74.23,73.30,38246
1781290176,379.7,maxram=4096/idle/n=480,3913,3860,53,4096,0,4096,4156,74.37,73.42,38253
1781290178,381.7,maxram=4096/idle/n=480,3913,3856,57,4096,0,4096,4156,76.83,75.88,38247
1781290180,383.9,maxram=4096/idle/n=480,3913,3857,55,4096,0,4096,4156,76.68,75.72,38245
1781290182,386.1,maxram=4096/idle/n=480,3913,3858,55,4096,0,4096,4156,77.97,76.85,38250
1781290185,388.3,maxram=4096/idle/n=480,3913,3863,50,4096,0,4096,4156,77.61,76.51,37850
1781290187,390.4,maxram=4096/idle/n=480,3913,3858,55,4096,0,4096,4156,76.78,75.70,38233
1781290189,392.7,maxram=4096/idle/n=480,3913,3864,49,4096,0,4096,4156,78.08,77.02,37761
1781290191,395.0,maxram=4096/idle/n=480,3913,3862,51,4096,0,4096,4156,78.43,77.38,37876
1781290193,397.0,maxram=4096/idle/n=480,3913,3860,53,4096,0,4096,4156,79.08,77.85,37765
1781290195,399.2,maxram=4096/idle/n=480,3913,3866,47,4096,0,4096,4156,78.34,77.15,38219
1781290198,401.6,maxram=4096/idle/n=480,3913,3859,54,4096,0,4096,4156,79.54,78.21,38184
1781290200,403.9,maxram=4096/idle/n=480,3913,3861,52,4096,0,4096,4156,79.08,77.81,38185
1781290202,406.2,maxram=4096/idle/n=480,3913,3862,51,4096,0,4096,4156,79.79,78.28,37684
1781290205,408.6,maxram=4096/idle/n=480,3913,3861,52,4096,0,4096,4155,81.64,80.22,38387
1781290207,410.7,maxram=4096/idle/n=480,3913,3859,53,4096,0,4096,4155,80.98,79.64,38428
1781290209,412.8,maxram=4096/idle/n=480,3913,3864,49,4096,0,4096,4156,81.71,80.43,38426
1781290211,415.1,maxram=4096/idle/n=480,3913,3860,53,4096,0,4096,4155,81.22,79.99,37718
1781290214,417.3,maxram=4096/idle/n=480,3913,3861,52,4096,0,4096,4155,81.90,80.53,37984
1781290216,419.4,maxram=4096/idle/n=480,3913,3861,52,4096,0,4096,4156,80.65,79.35,37916
1781290218,421.8,maxram=4096/idle/n=480,3913,3856,57,4096,0,4096,4156,80.71,79.47,37511
1781290220,423.8,maxram=4096/idle/n=480,3913,3859,54,4096,0,4096,4156,80.04,78.84,37916
1781290222,426.0,maxram=4096/idle/n=480,3913,3862,51,4096,0,4096,4156,79.67,78.32,37927
1781290224,428.3,maxram=4096/idle/n=480,3913,3863,50,4096,0,4096,4156,80.50,79.09,37900
1781290227,430.8,maxram=4096/idle/n=480,3913,3863,50,4096,0,4096,4156,81.68,80.16,37894
1781290229,433.0,maxram=4096/idle/n=480,3913,3867,46,4096,0,4096,4156,79.92,78.50,37805
1781290231,435.1,maxram=4096/idle/n=480,3913,3857,56,4096,0,4096,4156,81.02,79.49,37977
1781290235,439.2,maxram=4096/nginx,3913,278,3635,4096,0,4096,507,0.00,0.00,39633
1781290237,441.2,maxram=4096/nginx,3913,698,3215,4096,0,4096,1121,0.00,0.00,39526
1781290239,443.2,maxram=4096/nginx,3913,691,3222,4096,0,4096,1129,0.00,0.00,39482
1781290241,445.3,maxram=4096/nginx,3913,741,3172,4096,0,4096,1200,0.00,0.00,39428
1781290244,447.3,maxram=4096/nginx,3913,771,3142,4096,0,4096,1287,0.00,0.00,39384
1781290246,449.3,maxram=4096/nginx,3913,823,3090,4096,0,4096,1448,0.00,0.00,38955
1781290248,451.4,maxram=4096/nginx,3913,872,3041,4096,0,4096,1494,0.00,0.00,39054
1781290250,453.4,maxram=4096/nginx,3913,832,3081,4096,0,4096,1520,0.00,0.00,39266
1781290252,455.4,maxram=4096/nginx,3913,849,3064,4096,0,4096,1521,0.00,0.00,39293
1781290254,457.6,maxram=4096/nginx,3913,847,3066,4096,0,4096,1521,0.00,0.00,39278
1781290256,459.7,maxram=4096/nginx,3913,849,3064,4096,0,4096,1528,0.00,0.00,39295
1781290258,461.7,maxram=4096/nginx,3913,854,3059,4096,0,4096,1531,0.00,0.00,39297
1781290260,463.7,maxram=4096/nginx,3913,860,3053,4096,0,4096,1534,0.00,0.00,39293
1781290262,465.7,maxram=4096/nginx,3913,860,3053,4096,0,4096,1534,0.00,0.00,39297
1781290264,467.8,maxram=4096/nginx,3913,858,3055,4096,0,4096,1536,0.00,0.00,38906
1781290266,469.8,maxram=4096/nginx,3913,859,3054,4096,0,4096,1540,0.00,0.00,39479
1781290268,471.8,maxram=4096/nginx,3913,859,3054,4096,0,4096,1540,0.00,0.00,39418
1781290270,473.9,maxram=4096/nginx,3913,857,3056,4096,0,4096,1540,0.00,0.00,39436
1781290272,475.9,maxram=4096/nginx,3913,857,3056,4096,0,4096,1540,0.00,0.00,38825
1781290274,477.9,maxram=4096/nginx,3913,860,3053,4096,0,4096,1542,0.00,0.00,39220
1781290276,480.0,maxram=4096/nginx,3913,856,3057,4096,0,4096,1548,0.00,0.00,39312
1781290278,482.0,maxram=4096/nginx,3913,854,3059,4096,0,4096,1548,0.00,0.00,39263
1781290280,484.1,maxram=4096/nginx,3913,2573,1340,2391,1705,4096,1549,0.00,0.00,39282
1781290282,486.1,maxram=4096/nginx,3913,2590,1323,2391,1705,4096,1552,0.00,0.00,39271
1781290284,488.1,maxram=4096/nginx,3913,2591,1322,2391,1705,4096,1554,0.00,0.00,39283
1781290286,490.2,maxram=4096/nginx,3913,2588,1325,2391,1705,4096,1554,0.00,0.00,39309
1781290288,492.2,maxram=4096/nginx,3913,2712,1201,2391,1705,4096,1725,0.00,0.00,39156
1781290290,494.2,maxram=4096/nginx,3913,2720,1193,2391,1705,4096,1749,0.00,0.00,38855
1781290292,496.3,maxram=4096/nginx,3913,2729,1184,2391,1705,4096,1780,0.00,0.00,39059
1781290295,498.3,maxram=4096/nginx,3913,2781,1131,2391,1705,4096,1818,0.00,0.00,39257
1781290297,500.3,maxram=4096/nginx,3913,2779,1133,2391,1705,4096,1825,0.00,0.00,39191
1781290299,502.4,maxram=4096/nginx,3913,2775,1138,2391,1705,4096,1831,0.00,0.00,39188
1781290301,504.5,maxram=4096/nginx,3913,2781,1132,2391,1705,4096,1843,0.00,0.00,39146
1781290303,506.6,maxram=4096/nginx,3913,2791,1122,2391,1705,4096,1868,0.00,0.00,39077
1781290305,508.6,maxram=4096/nginx,3913,2786,1127,2391,1705,4096,1871,0.00,0.00,39108
1781290307,510.6,maxram=4096/nginx,3913,2782,1131,2391,1705,4096,1875,0.00,0.00,39091
1781290309,512.7,maxram=4096/nginx,3913,2785,1128,2391,1705,4096,1878,0.00,0.00,39096
1781290311,514.7,maxram=4096/nginx,3913,2733,1179,2391,1705,4096,1878,0.00,0.00,39039
1781290313,516.7,maxram=4096/nginx,3913,2740,1173,2391,1705,4096,1883,0.00,0.00,39005
1781290315,518.8,maxram=4096/nginx,3913,2732,1180,2391,1705,4096,1884,0.00,0.00,39027
1781290317,520.8,maxram=4096/nginx,3913,2813,1100,2391,1705,4096,1921,0.00,0.00,39027
1781290319,522.8,maxram=4096/nginx,3913,2908,1005,2391,1705,4096,2005,0.00,0.00,39051
1781290321,524.9,maxram=4096/nginx/n=10,3913,3017,896,2391,1705,4096,2121,0.00,0.00,38915
1781290323,526.9,maxram=4096/nginx/n=10,3913,3046,867,2391,1705,4096,2149,0.00,0.00,38739
1781290325,529.1,maxram=4096/nginx/n=10,3913,3049,864,2391,1705,4096,2153,0.00,0.00,39074
1781290328,531.4,maxram=4096/nginx/n=10,3913,2605,1308,2918,1178,4096,2243,0.00,0.00,39014
1781290330,533.4,maxram=4096/nginx/n=20,3913,2706,1207,2918,1178,4096,2343,0.00,0.00,38926
1781290332,535.4,maxram=4096/nginx/n=20,3913,2798,1115,2918,1178,4096,2430,0.00,0.00,38864
1781290334,537.5,maxram=4096/nginx/n=20,3913,2861,1052,2918,1178,4096,2504,0.00,0.00,38611
1781290336,539.5,maxram=4096/nginx/n=30,3913,2915,998,2918,1178,4096,2553,0.00,0.00,38349
1781290338,541.6,maxram=4096/nginx/n=30,3913,2945,968,2918,1178,4096,2587,0.00,0.00,38632
1781290340,543.6,maxram=4096/nginx/n=30,3913,2995,918,2918,1178,4096,2644,0.00,0.00,38498
1781290342,545.6,maxram=4096/nginx/n=40,3913,2592,1321,3438,658,4096,2749,0.00,0.00,38318
1781290344,547.7,maxram=4096/nginx/n=40,3913,2662,1251,3438,658,4096,2833,0.00,0.00,38479
1781290346,549.7,maxram=4096/nginx/n=40,3913,2756,1157,3438,658,4096,2925,0.00,0.00,38694
1781290348,551.7,maxram=4096/nginx/n=50,3913,2823,1090,3438,658,4096,2993,0.00,0.00,38663
1781290350,553.8,maxram=4096/nginx/n=50,3913,2948,965,3438,658,4096,3115,0.00,0.00,38601
1781290352,555.8,maxram=4096/nginx/n=60,3913,3011,902,3438,658,4096,3198,0.00,0.00,38589
1781290354,557.8,maxram=4096/nginx/n=60,3913,3035,878,3438,658,4096,3223,0.00,0.00,38404
1781290356,560.1,maxram=4096/nginx/n=60,3913,3039,874,3438,658,4096,3236,0.00,0.00,38600
1781290358,562.1,maxram=4096/nginx/n=60,3913,2630,1283,3976,120,4096,3343,0.00,0.00,38531
1781290360,564.2,maxram=4096/nginx/n=70,3913,2728,1185,3976,120,4096,3457,0.00,0.00,38498
1781290362,566.2,maxram=4096/nginx/n=70,3913,2772,1141,3976,120,4096,3542,0.00,0.00,38487
1781290364,568.2,maxram=4096/nginx/n=70,3913,2834,1079,3976,120,4096,3581,0.00,0.00,38431
1781290366,570.3,maxram=4096/nginx/n=80,3913,2935,978,3976,120,4096,3655,0.00,0.00,38388
1781290369,572.3,maxram=4096/nginx/n=80,3913,3015,898,3976,120,4096,3749,0.00,0.00,37772
1781290371,574.3,maxram=4096/nginx/n=90,3913,3121,792,3976,120,4096,3844,0.00,0.00,38203
1781290373,576.4,maxram=4096/nginx/n=90,3913,3198,715,3976,120,4096,3937,0.00,0.00,38190
1781290375,578.4,maxram=4096/nginx/n=100,3913,3228,685,3976,120,4096,3980,0.00,0.00,38134
1781290377,580.4,maxram=4096/nginx/n=100,3913,3293,620,3976,120,4096,4029,0.00,0.00,38153
1781290379,582.5,maxram=4096/nginx/n=100,3913,3353,560,3976,120,4096,4038,0.54,0.54,38152
1781290381,584.6,maxram=4096/nginx/n=100,3913,3359,554,3976,120,4096,4039,0.44,0.44,38108
1781290383,586.8,maxram=4096/nginx/n=110,3913,3367,546,3976,120,4096,4041,0.36,0.36,38184
1781290385,588.8,maxram=4096/nginx/n=110,3913,3442,470,3976,120,4096,4043,0.29,0.29,38235
1781290387,590.8,maxram=4096/nginx/n=110,3913,3531,382,3976,120,4096,4044,0.24,0.24,38503
1781290389,592.9,maxram=4096/nginx/n=120,3913,3542,371,4096,0,4096,4086,0.19,0.19,38562
1781290391,594.9,maxram=4096/nginx/n=120,3913,3579,334,4096,0,4096,4142,0.16,0.16,37778
1781290393,596.9,maxram=4096/nginx/n=130,3913,3648,265,4096,0,4096,4147,0.31,0.31,38288
1781290395,599.0,maxram=4096/nginx/n=130,3913,3643,270,4096,0,4096,4150,0.62,0.62,38613
1781290397,601.0,maxram=4096/nginx/n=130,3913,3633,280,4096,0,4096,4151,0.87,0.87,38757
1781290399,603.0,maxram=4096/nginx/n=140,3913,3695,218,4096,0,4096,4151,0.71,0.71,38766
1781290401,605.0,maxram=4096/nginx/n=140,3913,3753,160,4096,0,4096,4151,1.30,1.30,38747
1781290403,607.1,maxram=4096/nginx/n=150,3913,3807,105,4096,0,4096,4152,2.15,2.15,38692
1781290405,609.1,maxram=4096/nginx/n=150,3913,3819,94,4096,0,4096,4153,4.48,4.48,38668
1781290407,611.1,maxram=4096/nginx/n=150,3913,3841,72,4096,0,4096,4153,9.10,9.10,38651
1781290409,613.2,maxram=4096/nginx/n=150,3913,3819,94,4096,0,4096,4154,25.02,24.84,38611
1781290411,615.2,maxram=4096/nginx/n=150,3913,3846,67,4096,0,4096,4155,29.55,29.22,38634
1781290413,617.2,maxram=4096/nginx/n=150,3913,3846,67,4096,0,4096,4155,28.90,28.63,38644
1781290415,619.3,maxram=4096/nginx/n=150,3913,3860,52,4096,0,4096,4155,30.19,29.97,38631
1781290418,621.4,maxram=4096/nginx/n=150,3913,3868,45,4096,0,4096,4155,31.42,31.24,38105
1781290420,623.5,maxram=4096/nginx/n=150,3913,3866,47,4096,0,4096,4155,39.13,38.81,38289
1781290422,625.8,maxram=4096/nginx/n=150,3913,3862,51,4096,0,4096,4155,40.38,40.11,38494
1781290424,627.9,maxram=4096/nginx/n=150,3913,3860,53,4096,0,4096,4155,47.74,47.15,38497
1781290426,630.1,maxram=4096/nginx/n=150,3913,3866,47,4096,0,4096,4155,49.23,48.39,38445
1781290428,632.3,maxram=4096/nginx/n=150,3913,3858,55,4096,0,4096,4155,54.08,53.21,38234
1781290431,634.4,maxram=4096/nginx/n=150,3913,3846,67,4096,0,4096,4155,54.79,53.90,38497
1781290433,636.5,maxram=4096/nginx/n=150,3913,3852,61,4096,0,4096,4155,53.74,53.01,38804
1781290435,638.6,maxram=4096/nginx/n=150,3913,3853,59,4096,0,4096,4155,58.65,57.83,38673
1781290437,640.6,maxram=4096/nginx/n=150,3913,3844,69,4096,0,4096,4155,58.53,57.68,38667
1781290439,642.7,maxram=4096/nginx/n=150,3913,3851,62,4096,0,4096,4155,60.25,59.37,38310
1781290441,644.8,maxram=4096/nginx/n=150,3913,3848,65,4096,0,4096,4155,57.85,57.13,38317
1781290443,647.0,maxram=4096/nginx/n=150,3913,3865,48,4096,0,4096,4155,60.05,59.28,38327
1781290445,649.2,maxram=4096/nginx/n=150,3913,3844,69,4096,0,4096,4154,58.59,57.78,38140
1781290448,651.3,maxram=4096/nginx/n=150,3913,3852,61,4096,0,4096,4154,57.57,56.73,38047
1781290450,653.5,maxram=4096/nginx/n=150,3913,3861,52,4096,0,4096,4154,59.82,58.95,38031
1781290452,655.6,maxram=4096/nginx/n=150,3913,3856,57,4096,0,4096,4154,60.22,59.14,38496
1781290454,657.8,maxram=4096/nginx/n=150,3913,3850,63,4096,0,4096,4154,61.63,60.56,38767
1781290456,659.9,maxram=4096/nginx/n=150,3913,3854,59,4096,0,4096,4154,60.61,59.55,38184
1781290458,662.1,maxram=4096/nginx/n=150,3913,3847,66,4096,0,4096,4154,61.58,60.54,38680
1781290460,664.2,maxram=4096/nginx/n=150,3913,3854,59,4096,0,4096,4154,61.48,60.44,38875
1781290463,666.4,maxram=4096/nginx/n=150,3913,3862,51,4096,0,4096,4154,62.66,61.63,38887
1781290465,668.6,maxram=4096/nginx/n=150,3913,3855,58,4096,0,4096,4154,61.12,60.10,38659
1781290467,670.8,maxram=4096/nginx/n=150,3913,3856,57,4096,0,4096,4154,57.30,56.28,38907
1781290469,673.0,maxram=4096/nginx/n=150,3913,3857,56,4096,0,4096,4154,58.69,57.68,38180
1781290471,675.1,maxram=4096/nginx/n=150,3913,3852,61,4096,0,4096,4154,61.83,60.81,38908
1781290473,677.3,maxram=4096/nginx/n=150,3913,3853,60,4096,0,4096,4154,59.32,58.49,38931
1781290476,679.3,maxram=4096/nginx/n=150,3913,3850,63,4096,0,4096,4154,60.89,60.03,38888
1781290478,681.4,maxram=4096/nginx/n=150,3913,3840,73,4096,0,4096,4154,58.56,57.67,38956
1781290480,683.5,maxram=4096/nginx/n=150,3913,3818,95,4096,0,4096,4154,59.72,58.82,38897
1781290482,685.9,maxram=4096/nginx/n=150,3913,3889,24,4096,0,4096,4156,54.70,53.78,38875
1781290652,856.2,maxram=4096/nginx/n=150,0,0,0,4096,0,4096,4156,0.00,0.00,38136
1781290654,858.2,maxram=4096/nginx/n=150,0,0,0,4096,0,4096,4156,0.00,0.00,37849
1781290656,860.3,maxram=4096/nginx/n=150,0,0,0,4096,0,4096,4156,0.00,0.00,37848
1781290659,862.3,maxram=4096/nginx/n=150,0,0,0,4096,0,4096,4156,0.00,0.00,37784
1781290661,864.3,maxram=4096/nginx/n=150,0,0,0,4096,0,4096,4156,0.00,0.00,38185
1781290663,866.4,maxram=4096/nginx/n=150,0,0,0,4096,0,4096,4156,0.00,0.00,38192
1781290665,868.5,maxram=4096/nginx/n=150,0,0,0,4096,0,4096,4156,0.00,0.00,38181
1781290667,870.6,maxram=4096/nginx/n=150,0,0,0,4096,0,4096,4156,0.00,0.00,38361
1781290669,872.6,maxram=4096/nginx/n=150,0,0,0,4096,0,4096,4156,0.00,0.00,38528
1781290671,874.8,maxram=4096/nginx/n=150,0,0,0,4096,0,4096,4156,0.00,0.00,37776
1781290673,876.8,maxram=4096/nginx/n=150,0,0,0,4096,0,4096,4157,0.00,0.00,37719
1781290675,879.0,maxram=4096/nginx/n=150,0,0,0,4096,0,4096,4157,0.00,0.00,38610
1781290677,881.0,maxram=4096/nginx/n=150,0,0,0,4096,0,4096,4157,0.00,0.00,38313
1781290679,883.0,maxram=4096/nginx/n=150,0,0,0,4096,0,4096,4157,0.00,0.00,37892
1781290681,885.1,maxram=4096/nginx/n=150,0,0,0,4096,0,4096,4157,0.00,0.00,38692
1781290683,887.1,maxram=4096/nginx/n=150,0,0,0,4096,0,4096,4157,0.00,0.00,38804
1781290685,889.1,maxram=4096/nginx/n=150,0,0,0,4096,0,4096,4157,0.00,0.00,38504
1781290687,891.2,maxram=4096/nginx/n=150,0,0,0,4096,0,4096,4157,0.00,0.00,38948
1781290689,893.2,maxram=4096/nginx/n=150,0,0,0,4096,0,4096,4157,0.00,0.00,38901
1781290692,895.3,maxram=4096/nginx/n=150,0,0,0,4096,0,4096,4157,0.00,0.00,38597
1781290694,897.3,maxram=4096/nginx/n=150,0,0,0,4096,0,4096,4157,0.00,0.00,38221
1781290696,899.4,maxram=4096/nginx/n=150,0,0,0,4096,0,4096,4157,0.00,0.00,38624
1781290698,901.4,maxram=4096/nginx/n=150,0,0,0,4096,0,4096,4157,0.00,0.00,38766
1781290700,903.5,maxram=4096/nginx/n=150,0,0,0,4096,0,4096,4157,0.00,0.00,39094
1781290702,905.5,maxram=4096/nginx/n=150,0,0,0,4096,0,4096,4157,0.00,0.00,38733
1781290704,907.5,maxram=4096/nginx/n=150,0,0,0,4096,0,4096,4157,0.00,0.00,38615
1781290706,909.6,maxram=4096/nginx/n=150,0,0,0,4096,0,4096,4157,0.00,0.00,38902
1781290708,911.6,maxram=4096/nginx/n=150,0,0,0,4096,0,4096,4157,0.00,0.00,38446
1781290710,913.7,maxram=4096/nginx/n=150,0,0,0,4096,0,4096,4157,0.00,0.00,38919
1781290712,915.7,maxram=4096/nginx/n=150,0,0,0,4096,0,4096,4157,0.00,0.00,38627
1781290714,917.8,maxram=4096/nginx/n=150,0,0,0,4096,0,4096,4157,0.00,0.00,38275
1781290716,919.8,maxram=4096/nginx/n=150,0,0,0,4096,0,4096,4157,0.00,0.00,38745
1781290718,921.9,maxram=4096/nginx/n=150,0,0,0,4096,0,4096,4157,0.00,0.00,38714
1781290720,923.9,maxram=4096/nginx/n=150,0,0,0,4096,0,4096,4157,0.00,0.00,38720
1781290722,925.9,maxram=4096/nginx/n=150,0,0,0,4096,0,4096,4157,0.00,0.00,39002
1781290724,928.0,maxram=4096/nginx/n=150,0,0,0,4096,0,4096,4157,0.00,0.00,38499
1781290726,930.1,maxram=4096/nginx/n=150,0,0,0,4096,0,4096,4157,0.00,0.00,38797
1781290728,932.1,maxram=4096/nginx/n=150,0,0,0,4096,0,4096,4157,0.00,0.00,38936
1781290730,934.1,maxram=4096/nginx/n=150,0,0,0,4096,0,4096,4157,0.00,0.00,38979
1781290732,936.2,maxram=4096/nginx/n=150,0,0,0,4096,0,4096,4157,0.00,0.00,38883
1781290734,938.2,maxram=4096/nginx/n=150,0,0,0,4096,0,4096,4157,0.00,0.00,38822
1781290736,940.3,maxram=4096/nginx/n=150,0,0,0,4096,0,4096,4157,0.00,0.00,38711
1781290739,942.3,maxram=4096/nginx/n=150,0,0,0,4096,0,4096,4157,0.00,0.00,38265
1781290741,944.3,maxram=4096/nginx/n=150,0,0,0,4096,0,4096,4157,0.00,0.00,38734
1781290743,946.4,maxram=4096/nginx/n=150,0,0,0,4096,0,4096,4157,0.00,0.00,38673
1781290745,948.4,maxram=4096/nginx/n=150,0,0,0,4096,0,4096,4157,0.00,0.00,38842
1781290747,950.4,maxram=4096/nginx/n=150,0,0,0,4096,0,4096,4157,0.00,0.00,38843
1781290749,952.5,maxram=4096/nginx/n=150,0,0,0,4096,0,4096,4157,0.00,0.00,38644
1781290751,954.5,maxram=4096/nginx/n=150,0,0,0,4096,0,4096,4157,0.00,0.00,38466
1781290753,956.5,maxram=4096/nginx/n=150,0,0,0,4096,0,4096,4157,0.00,0.00,39253
1781290755,958.6,maxram=4096/nginx/n=150,0,0,0,4096,0,4096,4157,0.00,0.00,38610
1781290757,960.7,maxram=4096/nginx/n=150,0,0,0,4096,0,4096,4157,0.00,0.00,39116
1781290759,962.7,maxram=4096/nginx/n=150,0,0,0,4096,0,4096,4157,0.00,0.00,39251
1781290761,964.8,maxram=4096/nginx/n=150,0,0,0,4096,0,4096,4157,0.00,0.00,38508
1781290763,966.8,maxram=4096/nginx/n=150,0,0,0,4096,0,4096,4157,0.00,0.00,38324
1781290765,968.9,maxram=4096/nginx/n=150,0,0,0,4096,0,4096,4157,0.00,0.00,38611
1781290767,970.9,maxram=4096/nginx/n=150,0,0,0,4096,0,4096,4157,0.00,0.00,39094
1781290769,973.0,maxram=4096/nginx/n=150,0,0,0,4096,0,4096,4157,0.00,0.00,39446
1781290771,975.0,maxram=4096/nginx/n=150,0,0,0,4096,0,4096,4157,0.00,0.00,38962
1781290773,977.1,maxram=4096/nginx/n=150,0,0,0,4096,0,4096,4157,0.00,0.00,39292
1781290775,979.1,maxram=4096/nginx/n=150,0,0,0,4096,0,4096,4157,0.00,0.00,38871
1781290777,981.2,maxram=4096/nginx/n=150,0,0,0,4096,0,4096,4157,0.00,0.00,39126
1781290779,983.2,maxram=4096/nginx/n=150,0,0,0,4096,0,4096,4157,0.00,0.00,38849
1781290781,985.3,maxram=4096/nginx/n=150,0,0,0,4096,0,4096,4157,0.00,0.00,38917
1781290784,987.3,maxram=4096/nginx/n=150,0,0,0,4096,0,4096,4157,0.00,0.00,38723
1781290786,989.4,maxram=4096/nginx/n=150,0,0,0,4096,0,4096,4157,0.00,0.00,39082
1781290788,991.4,maxram=4096/nginx/n=150,0,0,0,4096,0,4096,4157,0.00,0.00,39302
1781290790,993.5,maxram=4096/nginx/n=150,0,0,0,4096,0,4096,4157,0.00,0.00,39299
1781290792,995.5,maxram=4096/nginx/n=150,0,0,0,4096,0,4096,4157,0.00,0.00,38994
1781290794,997.6,maxram=4096/nginx/n=150,0,0,0,4096,0,4096,4157,0.00,0.00,39258
1781290796,999.6,maxram=4096/nginx/n=150,0,0,0,4096,0,4096,4157,0.00,0.00,39266
1781290798,1001.6,maxram=4096/nginx/n=150,0,0,0,4096,0,4096,4157,0.00,0.00,39244
1781290800,1003.7,maxram=4096/nginx/n=150,0,0,0,4096,0,4096,4157,0.00,0.00,39245
1781290802,1005.8,maxram=4096/nginx/n=150,0,0,0,4096,0,4096,4157,0.00,0.00,38676
1781290804,1007.8,maxram=4096/nginx/n=150,0,0,0,4096,0,4096,4157,0.00,0.00,38334
1781290806,1009.9,maxram=4096/nginx/n=150,0,0,0,4096,0,4096,4157,0.00,0.00,39402
1781290808,1011.9,maxram=4096/nginx/n=150,0,0,0,4096,0,4096,4157,0.00,0.00,39424
1781290810,1014.0,maxram=4096/nginx/n=150,0,0,0,4096,0,4096,4157,0.00,0.00,39425
1781290812,1016.0,maxram=4096/nginx/n=150,0,0,0,4096,0,4096,4157,0.00,0.00,39173
1781290814,1018.1,maxram=4096/nginx/n=150,0,0,0,4096,0,4096,4157,0.00,0.00,38961
1781290816,1020.1,maxram=4096/nginx/n=150,0,0,0,4096,0,4096,4157,0.00,0.00,39172
1781290818,1022.1,maxram=4096/nginx/n=150,0,0,0,4096,0,4096,4157,0.00,0.00,39218
1781290820,1024.2,maxram=4096/nginx/n=150,0,0,0,4096,0,4096,4157,0.00,0.00,39223
1781290822,1026.2,maxram=4096/nginx/n=150,0,0,0,4096,0,4096,4157,0.00,0.00,39256
1781290825,1028.3,maxram=4096/nginx/n=150,0,0,0,4096,0,4096,4157,0.00,0.00,39282
1781290827,1030.5,maxram=4096/nginx/n=150,0,0,0,4096,0,4096,4157,0.00,0.00,39227
1781290829,1032.5,maxram=4096/nginx/n=150,0,0,0,4096,0,4096,4157,0.00,0.00,39179
1781290831,1034.6,maxram=4096/nginx/n=150,0,0,0,4096,0,4096,4157,0.00,0.00,39206
1781290833,1036.6,maxram=4096/nginx/n=150,0,0,0,4096,0,4096,4157,0.00,0.00,39201
1781290835,1038.7,maxram=4096/nginx/n=150,0,0,0,4096,0,4096,4157,0.00,0.00,39204
1781290837,1040.7,maxram=4096/nginx/n=150,0,0,0,4096,0,4096,4157,0.00,0.00,39208
1781290839,1042.7,maxram=4096/nginx/n=150,0,0,0,4096,0,4096,4157,0.00,0.00,39226
1781290841,1044.8,maxram=4096/nginx/n=150,0,0,0,4096,0,4096,4157,0.00,0.00,39182
1781290843,1046.8,maxram=4096/nginx/n=150,0,0,0,4096,0,4096,4157,0.00,0.00,38921
1781290845,1048.9,maxram=4096/nginx/n=150,0,0,0,4096,0,4096,4157,0.00,0.00,38487
1781290847,1051.1,maxram=4096/nginx/n=150,0,0,0,4096,0,4096,4157,0.00,0.00,39228
1781290849,1053.1,maxram=4096/nginx/n=150,0,0,0,4096,0,4096,4157,0.00,0.00,39225
1781290917,1120.8,maxram=4096/nginx/n=150,0,0,0,4096,0,4096,4157,0.00,0.00,40805
1781290919,1122.8,maxram=4096/nginx/n=150,0,0,0,4096,0,4096,4157,0.00,0.00,40782
1781290921,1124.9,maxram=4096/nginx/n=150,0,0,0,4096,0,4096,4157,0.00,0.00,40545
1781290923,1126.9,maxram=4096/nginx/n=150,0,0,0,4096,0,4096,4157,0.00,0.00,40815
1781290925,1128.9,maxram=4096/nginx/n=150,0,0,0,4096,0,4096,4157,0.00,0.00,40348
1781290927,1131.0,maxram=4096/nginx/n=150,0,0,0,4096,0,4096,4157,0.00,0.00,40885
1781290929,1133.0,maxram=4096/nginx/n=150,0,0,0,4096,0,4096,4158,0.00,0.00,40880
1781290931,1135.1,maxram=4096/nginx/n=150,0,0,0,4096,0,4096,4158,0.00,0.00,40350
1781290933,1137.1,maxram=4096/nginx/n=150,0,0,0,4096,0,4096,4158,0.00,0.00,40044
1781290937,1141.1,maxram=4096/hog:256,3913,492,3421,4096,0,4096,843,0.00,0.00,43364
1781290939,1143.2,maxram=4096/hog:256,3913,616,3297,4096,0,4096,1032,0.00,0.00,43143
1781290941,1145.2,maxram=4096/hog:256,3913,626,3287,4096,0,4096,1115,0.00,0.00,42635
1781290943,1147.2,maxram=4096/hog:256,3913,388,3525,4096,0,4096,1215,0.00,0.00,42589
1781290945,1149.3,maxram=4096/hog:256,3913,701,3212,4096,0,4096,1228,0.00,0.00,43038
1781290948,1151.3,maxram=4096/hog:256,3913,717,3196,4096,0,4096,1232,0.00,0.00,43037
1781290950,1153.3,maxram=4096/hog:256,3913,699,3213,4096,0,4096,1232,0.00,0.00,43046
1781290952,1155.4,maxram=4096/hog:256,3913,521,3392,4096,0,4096,1232,0.00,0.00,43026
1781290954,1157.4,maxram=4096/hog:256,3913,667,3246,4096,0,4096,1233,0.00,0.00,42940
1781290956,1159.5,maxram=4096/hog:256,3913,672,3241,4096,0,4096,1234,0.00,0.00,42926
1781290958,1161.6,maxram=4096/hog:256,3913,516,3397,4096,0,4096,1235,0.00,0.00,42511
1781290960,1163.7,maxram=4096/hog:256,3913,762,3151,4096,0,4096,1325,0.00,0.00,42151
1781290962,1165.7,maxram=4096/hog:256,3913,776,3137,4096,0,4096,1348,0.00,0.00,42050
1781290964,1167.7,maxram=4096/hog:256,3913,786,3127,4096,0,4096,1395,0.00,0.00,41454
1781290966,1169.8,maxram=4096/hog:256,3913,688,3225,4096,0,4096,1437,0.00,0.00,41330
1781290968,1171.8,maxram=4096/hog:256,3913,862,3051,4096,0,4096,1483,0.00,0.00,41089
1781290970,1173.8,maxram=4096/hog:256,3913,1162,2751,4096,0,4096,1792,0.00,0.00,41921
1781290972,1175.9,maxram=4096/hog:256,3913,2456,1457,4096,0,4096,3066,0.00,0.00,40584
1781290974,1177.9,maxram=4096/hog:256/n=10,3913,3188,725,4096,0,4096,3802,0.00,0.00,40420
1781290976,1179.9,maxram=4096/hog:256/n=10,3913,3762,151,4096,0,4096,4133,0.54,0.54,40177
1781290980,1184.0,maxram=8192/idle,7931,386,7545,8192,0,8192,766,0.00,0.00,42788
1781290982,1186.0,maxram=8192/idle,7931,607,7324,8192,0,8192,1091,0.00,0.00,42490
1781290984,1188.0,maxram=8192/idle,7931,777,7154,8192,0,8192,1343,0.00,0.00,42510
1781290986,1190.1,maxram=8192/idle,7931,613,7317,8192,0,8192,1419,0.00,0.00,42358
1781290988,1192.1,maxram=8192/idle,7931,769,7162,8192,0,8192,1435,0.00,0.00,42408
1781290991,1194.3,maxram=8192/idle,7931,892,7039,8192,0,8192,1491,0.00,0.00,41793
1781290993,1196.4,maxram=8192/idle/n=10,7931,949,6982,8192,0,8192,1560,0.00,0.00,41737
1781290995,1198.5,maxram=8192/idle/n=10,7931,953,6978,8192,0,8192,1640,0.00,0.00,42125
1781290997,1200.5,maxram=8192/idle/n=10,7931,1033,6897,8192,0,8192,1809,0.00,0.00,41963
1781290999,1202.5,maxram=8192/idle/n=10,7931,1083,6848,8192,0,8192,1871,0.00,0.00,41921
1781291001,1204.6,maxram=8192/idle/n=20,7931,1116,6815,8192,0,8192,1906,0.00,0.00,41465
1781291003,1206.6,maxram=8192/idle/n=20,7931,1161,6770,8192,0,8192,1951,0.00,0.00,41860
1781291005,1208.6,maxram=8192/idle/n=20,7931,1171,6760,8192,0,8192,1976,0.00,0.00,41801
1781291007,1210.7,maxram=8192/idle/n=30,7931,1198,6733,8192,0,8192,2007,0.00,0.00,41764
1781291009,1212.7,maxram=8192/idle/n=30,7931,1234,6697,8192,0,8192,2035,0.00,0.00,41735
1781291011,1214.7,maxram=8192/idle/n=40,7931,1261,6669,8192,0,8192,2074,0.00,0.00,41709
1781291013,1216.8,maxram=8192/idle/n=40,7931,1284,6647,8192,0,8192,2105,0.00,0.00,41692
1781291015,1218.8,maxram=8192/idle/n=40,7931,1319,6612,8192,0,8192,2128,0.00,0.00,41664
1781291017,1220.8,maxram=8192/idle/n=50,7931,1348,6583,8192,0,8192,2156,0.00,0.00,41644
1781291019,1222.9,maxram=8192/idle/n=50,7931,1349,6582,8192,0,8192,2156,0.00,0.00,41640
1781291021,1225.2,maxram=8192/idle/n=50,7931,1345,6586,8192,0,8192,2159,0.00,0.00,41535
1781291024,1227.3,maxram=8192/idle/n=50,7931,1374,6556,8192,0,8192,2179,0.00,0.00,41616
1781291026,1229.3,maxram=8192/idle/n=50,7931,6714,1216,2932,5260,8192,2237,0.00,0.00,41562
1781291028,1231.4,maxram=8192/idle/n=60,7931,6695,1236,2932,5260,8192,2255,0.00,0.00,41550
1781291030,1233.4,maxram=8192/idle/n=60,7931,6747,1184,2932,5260,8192,2302,0.00,0.00,41484
1781291032,1235.5,maxram=8192/idle/n=70,7931,6769,1162,2932,5260,8192,2341,0.00,0.00,41054
1781291034,1237.5,maxram=8192/idle/n=70,7931,6788,1143,2932,5260,8192,2363,0.00,0.00,41380
1781291036,1239.5,maxram=8192/idle/n=70,7931,6836,1094,2932,5260,8192,2405,0.00,0.00,41288
1781291038,1241.5,maxram=8192/idle/n=80,7931,6863,1067,2932,5260,8192,2427,0.00,0.00,41265
1781291040,1243.6,maxram=8192/idle/n=80,7931,6913,1018,2932,5260,8192,2470,0.00,0.00,40936
1781291042,1245.6,maxram=8192/idle/n=80,7931,6948,983,2932,5260,8192,2520,0.00,0.00,40905
1781291044,1247.6,maxram=8192/idle/n=90,7931,6967,964,2932,5260,8192,2555,0.00,0.00,41141
1781291046,1249.7,maxram=8192/idle/n=90,7931,7014,917,2932,5260,8192,2597,0.00,0.00,40586
1781291048,1251.7,maxram=8192/idle/n=90,7931,7035,896,2932,5260,8192,2618,0.00,0.00,41214
1781291050,1253.7,maxram=8192/idle/n=100,7931,7029,902,2932,5260,8192,2622,0.00,0.00,41145
1781291052,1255.9,maxram=8192/idle/n=100,7931,7057,874,2932,5260,8192,2644,0.00,0.00,40408
1781291054,1257.9,maxram=8192/idle/n=100,7931,7110,820,2932,5260,8192,2684,0.00,0.00,41125
1781291056,1259.9,maxram=8192/idle/n=110,7931,7144,787,2932,5260,8192,2724,0.00,0.00,41061
1781291058,1262.0,maxram=8192/idle/n=110,7931,6648,1283,3464,4728,8192,2767,0.00,0.00,41044
1781291060,1264.0,maxram=8192/idle/n=110,7931,6707,1224,3464,4728,8192,2826,0.00,0.00,40994
1781291062,1266.0,maxram=8192/idle/n=120,7931,6716,1215,3464,4728,8192,2855,0.00,0.00,40948
1781291064,1268.1,maxram=8192/idle/n=120,7931,6774,1157,3464,4728,8192,2900,0.00,0.00,40924
1781291066,1270.1,maxram=8192/idle/n=130,7931,6819,1112,3464,4728,8192,2935,0.00,0.00,40883
1781291068,1272.1,maxram=8192/idle/n=130,7931,6837,1094,3464,4728,8192,2973,0.00,0.00,40816
1781291070,1274.2,maxram=8192/idle/n=140,7931,6876,1055,3464,4728,8192,3003,0.00,0.00,40817
1781291072,1276.2,maxram=8192/idle/n=140,7931,6908,1023,3464,4728,8192,3042,0.00,0.00,40266
1781291074,1278.2,maxram=8192/idle/n=140,7931,6950,980,3464,4728,8192,3081,0.00,0.00,40731
1781291076,1280.3,maxram=8192/idle/n=140,7931,6949,982,3464,4728,8192,3088,0.00,0.00,40240
1781291079,1282.3,maxram=8192/idle/n=140,7931,6941,990,3464,4728,8192,3088,0.00,0.00,40494
1781291081,1284.4,maxram=8192/idle/n=150,7931,6973,958,3464,4728,8192,3120,0.00,0.00,39721
1781291083,1286.4,maxram=8192/idle/n=150,7931,7003,927,3464,4728,8192,3154,0.00,0.00,40501
1781291085,1288.4,maxram=8192/idle/n=160,7931,7034,897,3464,4728,8192,3184,0.00,0.00,40585
1781291087,1290.5,maxram=8192/idle/n=160,7931,7073,858,3464,4728,8192,3232,0.00,0.00,40573
1781291089,1292.5,maxram=8192/idle/n=170,7931,7113,818,3464,4728,8192,3266,0.00,0.00,40505
1781291091,1294.5,maxram=8192/idle/n=170,7931,7144,787,3464,4728,8192,3298,0.00,0.00,40718
1781291093,1296.6,maxram=8192/idle/n=170,7931,6659,1271,4004,4188,8192,3360,0.00,0.00,40592
1781291095,1298.6,maxram=8192/idle/n=180,7931,6685,1246,4004,4188,8192,3386,0.00,0.00,41073
1781291097,1300.6,maxram=8192/idle/n=180,7931,6734,1197,4004,4188,8192,3422,0.00,0.00,40941
1781291099,1302.7,maxram=8192/idle/n=190,7931,6766,1165,4004,4188,8192,3467,0.00,0.00,40659
1781291101,1304.7,maxram=8192/idle/n=190,7931,6788,1142,4004,4188,8192,3498,0.00,0.00,40195
1781291103,1306.7,maxram=8192/idle/n=200,7931,6818,1113,4004,4188,8192,3534,0.00,0.00,40613
1781291105,1308.8,maxram=8192/idle/n=200,7931,6827,1104,4004,4188,8192,3537,0.00,0.00,40619
1781291107,1310.9,maxram=8192/idle/n=200,7931,6822,1109,4004,4188,8192,3537,0.00,0.00,40188
1781291109,1313.0,maxram=8192/idle/n=200,7931,6863,1068,4004,4188,8192,3571,0.00,0.00,40758
1781291111,1315.0,maxram=8192/idle/n=200,7931,6925,1005,4004,4188,8192,3617,0.00,0.00,39958
1781291113,1317.0,maxram=8192/idle/n=210,7931,6975,956,4004,4188,8192,3675,0.00,0.00,40666
1781291115,1319.1,maxram=8192/idle/n=210,7931,6995,936,4004,4188,8192,3702,0.00,0.00,40458
1781291117,1321.1,maxram=8192/idle/n=220,7931,7027,904,4004,4188,8192,3737,0.00,0.00,40416
1781291119,1323.1,maxram=8192/idle/n=220,7931,7057,874,4004,4188,8192,3767,0.00,0.00,40367
1781291121,1325.2,maxram=8192/idle/n=230,7931,7103,828,4004,4188,8192,3815,0.00,0.00,39873
1781291123,1327.2,maxram=8192/idle/n=230,7931,7147,784,4004,4188,8192,3853,0.00,0.00,40536
1781291125,1329.2,maxram=8192/idle/n=230,7931,6705,1226,4527,3665,8192,3902,0.00,0.00,40485
1781291127,1331.3,maxram=8192/idle/n=240,7931,6722,1209,4527,3665,8192,3936,0.00,0.00,40453
1781291130,1333.3,maxram=8192/idle/n=240,7931,6715,1216,4527,3665,8192,3978,0.00,0.00,39962
1781291132,1335.3,maxram=8192/idle/n=250,7931,6730,1201,4527,3665,8192,3992,0.00,0.00,40572
1781291134,1337.5,maxram=8192/idle/n=250,7931,6712,1219,4527,3665,8192,3993,0.00,0.00,40585
1781291136,1339.8,maxram=8192/idle/n=250,7931,6726,1205,4527,3665,8192,4002,0.00,0.00,40472
1781291138,1341.8,maxram=8192/idle/n=250,7931,6782,1149,4527,3665,8192,4010,0.00,0.00,40362
1781291140,1343.9,maxram=8192/idle/n=260,7931,6813,1118,4527,3665,8192,4039,0.00,0.00,40218
1781291142,1345.9,maxram=8192/idle/n=260,7931,6871,1060,4527,3665,8192,4084,0.00,0.00,40006
1781291144,1347.9,maxram=8192/idle/n=270,7931,6920,1011,4527,3665,8192,4129,0.00,0.00,40619
1781291146,1350.0,maxram=8192/idle/n=270,7931,6976,955,4527,3665,8192,4177,0.00,0.00,40950
1781291148,1352.0,maxram=8192/idle/n=270,7931,7006,925,4527,3665,8192,4222,0.00,0.00,40785
1781291150,1354.0,maxram=8192/idle/n=280,7931,7003,927,4527,3665,8192,4242,0.00,0.00,40888
1781291152,1356.1,maxram=8192/idle/n=280,7931,7036,895,4527,3665,8192,4268,0.00,0.00,40863
1781291154,1358.1,maxram=8192/idle/n=290,7931,7088,842,4527,3665,8192,4312,0.00,0.00,40799
1781291156,1360.1,maxram=8192/idle/n=290,7931,7141,790,4527,3665,8192,4360,0.00,0.00,40720
1781291158,1362.2,maxram=8192/idle/n=290,7931,7150,781,4527,3665,8192,4387,0.00,0.00,40696
1781291160,1364.2,maxram=8192/idle/n=300,7931,6666,1264,5040,3152,8192,4408,0.00,0.00,40387
1781291163,1366.4,maxram=8192/idle/n=300,7931,6647,1284,5040,3152,8192,4411,0.00,0.00,40711
1781291165,1368.5,maxram=8192/idle/n=300,7931,6675,1256,5040,3152,8192,4450,0.00,0.00,40662
1781291167,1370.5,maxram=8192/idle/n=300,7931,6728,1203,5040,3152,8192,4508,0.00,0.00,40601
1781291169,1372.5,maxram=8192/idle/n=310,7931,6749,1182,5040,3152,8192,4545,0.00,0.00,40683
1781291171,1374.6,maxram=8192/idle/n=310,7931,6772,1158,5040,3152,8192,4582,0.00,0.00,39820
1781291173,1376.6,maxram=8192/idle/n=320,7931,6788,1143,5040,3152,8192,4628,0.00,0.00,39742
1781291175,1378.7,maxram=8192/idle/n=320,7931,6839,1092,5040,3152,8192,4663,0.00,0.00,40325
1781291177,1380.7,maxram=8192/idle/n=320,7931,6848,1083,5040,3152,8192,4689,0.00,0.00,40132
1781291179,1382.7,maxram=8192/idle/n=330,7931,6894,1037,5040,3152,8192,4722,0.00,0.00,40266
1781291181,1384.8,maxram=8192/idle/n=330,7931,6925,1006,5040,3152,8192,4761,0.00,0.00,39573
1781291183,1386.8,maxram=8192/idle/n=340,7931,6962,968,5040,3152,8192,4804,0.00,0.00,40336
1781291185,1388.9,maxram=8192/idle/n=340,7931,7007,924,5040,3152,8192,4832,0.00,0.00,40233
1781291187,1390.9,maxram=8192/idle/n=340,7931,7048,883,5040,3152,8192,4874,0.00,0.00,40108
1781291189,1392.9,maxram=8192/idle/n=340,7931,7036,895,5040,3152,8192,4888,0.00,0.00,40089
1781291191,1395.0,maxram=8192/idle/n=350,7931,7025,906,5040,3152,8192,4890,0.00,0.00,40086
1781291193,1397.2,maxram=8192/idle/n=350,7931,7041,889,5040,3152,8192,4913,0.00,0.00,40062
1781291195,1399.2,maxram=8192/idle/n=350,7931,7092,838,5040,3152,8192,4922,0.00,0.00,40040
1781291197,1401.3,maxram=8192/idle/n=360,7931,7139,792,5040,3152,8192,4947,0.00,0.00,40049
1781291200,1403.3,maxram=8192/idle/n=360,7931,6673,1258,5563,2629,8192,4981,0.00,0.00,40006
1781291202,1405.3,maxram=8192/idle/n=370,7931,6722,1209,5563,2629,8192,5024,0.00,0.00,39975
1781291204,1407.4,maxram=8192/idle/n=370,7931,6758,1173,5563,2629,8192,5067,0.00,0.00,39710
1781291206,1409.4,maxram=8192/idle/n=370,7931,6784,1147,5563,2629,8192,5097,0.00,0.00,40007
1781291208,1411.4,maxram=8192/idle/n=380,7931,6814,1117,5563,2629,8192,5137,0.00,0.00,39964
1781291210,1413.5,maxram=8192/idle/n=380,7931,6825,1106,5563,2629,8192,5173,0.00,0.00,39919
1781291212,1415.5,maxram=8192/idle/n=390,7931,6861,1070,5563,2629,8192,5222,0.00,0.00,39623
1781291214,1417.5,maxram=8192/idle/n=390,7931,6908,1023,5563,2629,8192,5263,0.00,0.00,40195
1781291216,1419.6,maxram=8192/idle/n=390,7931,6956,975,5563,2629,8192,5307,0.00,0.00,40152
1781291218,1421.6,maxram=8192/idle/n=390,7931,6966,965,5563,2629,8192,5322,0.00,0.00,40131
1781291220,1423.8,maxram=8192/idle/n=400,7931,6950,981,5563,2629,8192,5326,0.00,0.00,39829
1781291222,1426.0,maxram=8192/idle/n=400,7931,6955,976,5563,2629,8192,5346,0.00,0.00,39807
1781291224,1428.1,maxram=8192/idle/n=400,7931,7015,916,5563,2629,8192,5380,0.00,0.00,40059
1781291226,1430.1,maxram=8192/idle/n=410,7931,7051,879,5563,2629,8192,5416,0.00,0.00,39561
1781291228,1432.1,maxram=8192/idle/n=410,7931,7080,851,5563,2629,8192,5453,0.00,0.00,40229
1781291230,1434.2,maxram=8192/idle/n=420,7931,7090,841,5563,2629,8192,5475,0.00,0.00,39533
1781291232,1436.2,maxram=8192/idle/n=420,7931,7137,794,5563,2629,8192,5484,0.00,0.00,40261
1781291234,1438.2,maxram=8192/idle/n=420,7931,6686,1244,6096,2096,8192,5525,0.00,0.00,39648
1781291236,1440.3,maxram=8192/idle/n=430,7931,6720,1211,6096,2096,8192,5562,0.00,0.00,39900
1781291239,1442.3,maxram=8192/idle/n=430,7931,6743,1188,6096,2096,8192,5613,0.00,0.00,40218
1781291241,1444.3,maxram=8192/idle/n=440,7931,6773,1158,6096,2096,8192,5641,0.00,0.00,40240
1781291243,1446.4,maxram=8192/idle/n=440,7931,6816,1115,6096,2096,8192,5690,0.00,0.00,40193
1781291245,1448.4,maxram=8192/idle/n=440,7931,6836,1095,6096,2096,8192,5724,0.00,0.00,40151
1781291247,1450.4,maxram=8192/idle/n=440,7931,6861,1070,6096,2096,8192,5753,0.00,0.00,40137
1781291249,1452.6,maxram=8192/idle/n=450,7931,6839,1092,6096,2096,8192,5755,0.00,0.00,40135
1781291251,1454.8,maxram=8192/idle/n=450,7931,6851,1080,6096,2096,8192,5764,0.00,0.00,39097
1781291253,1456.8,maxram=8192/idle/n=450,7931,6888,1042,6096,2096,8192,5791,0.00,0.00,38877
1781291255,1458.9,maxram=8192/idle/n=450,7931,6915,1016,6096,2096,8192,5818,0.00,0.00,40260
1781291257,1460.9,maxram=8192/idle/n=460,7931,6958,972,6096,2096,8192,5859,0.00,0.00,40164
1781291259,1462.9,maxram=8192/idle/n=460,7931,6969,962,6096,2096,8192,5881,0.00,0.00,39320
1781291261,1465.0,maxram=8192/idle/n=460,7931,6985,946,6096,2096,8192,5901,0.00,0.00,40095
1781291263,1467.0,maxram=8192/idle/n=470,7931,7039,892,6096,2096,8192,5938,0.00,0.00,40073
1781291265,1469.1,maxram=8192/idle/n=470,7931,7068,863,6096,2096,8192,5965,0.00,0.00,40049
1781291267,1471.1,maxram=8192/idle/n=480,7931,7086,845,6096,2096,8192,6005,0.00,0.00,39993
1781291269,1473.1,maxram=8192/idle/n=480,7931,7099,832,6096,2096,8192,6030,0.00,0.00,39968
1781291271,1475.2,maxram=8192/idle/n=480,7931,7135,796,6096,2096,8192,6042,0.00,0.00,39952
1781291273,1477.2,maxram=8192/idle/n=490,7931,7161,770,6096,2096,8192,6058,0.00,0.00,39965
1781291275,1479.2,maxram=8192/idle/n=490,7931,6653,1278,6618,1574,8192,6079,0.00,0.00,39930
1781291277,1481.3,maxram=8192/idle/n=490,7931,6708,1223,6618,1574,8192,6115,0.00,0.00,39856
1781291280,1483.3,maxram=8192/idle/n=500,7931,6723,1208,6618,1574,8192,6137,0.00,0.00,39799
1781291282,1485.3,maxram=8192/idle/n=500,7931,6732,1199,6618,1574,8192,6155,0.00,0.00,39476
1781291284,1487.6,maxram=8192/idle/n=500,7931,6737,1194,6618,1574,8192,6165,0.00,0.00,39800
1781291286,1489.6,maxram=8192/idle/n=500,7931,6740,1191,6618,1574,8192,6174,0.00,0.00,39397
1781291288,1491.7,maxram=8192/idle/n=500,7931,6739,1192,6618,1574,8192,6183,0.00,0.00,39966
1781291290,1493.8,maxram=8192/idle/n=500,7931,6789,1142,6618,1574,8192,6217,0.00,0.00,39901
1781291292,1495.8,maxram=8192/idle/n=510,7931,6814,1117,6618,1574,8192,6269,0.00,0.00,39864
1781291294,1497.8,maxram=8192/idle/n=510,7931,6852,1079,6618,1574,8192,6300,0.00,0.00,39271
1781291296,1499.8,maxram=8192/idle/n=510,7931,6899,1031,6618,1574,8192,6329,0.00,0.00,39883
1781291298,1501.9,maxram=8192/idle/n=520,7931,6924,1007,6618,1574,8192,6376,0.00,0.00,39258
1781291300,1503.9,maxram=8192/idle/n=520,7931,6945,986,6618,1574,8192,6401,0.00,0.00,39851
1781291302,1505.9,maxram=8192/idle/n=530,7931,6982,948,6618,1574,8192,6435,0.00,0.00,39801
1781291304,1508.0,maxram=8192/idle/n=530,7931,7003,928,6618,1574,8192,6456,0.00,0.00,39784
1781291306,1510.0,maxram=8192/idle/n=530,7931,7060,871,6618,1574,8192,6504,0.00,0.00,39735
1781291308,1512.0,maxram=8192/idle/n=540,7931,7093,838,6618,1574,8192,6543,0.00,0.00,39695
1781291310,1514.1,maxram=8192/idle/n=540,7931,7101,830,6618,1574,8192,6571,0.00,0.00,39526
1781291312,1516.1,maxram=8192/idle/n=540,7931,7102,829,6618,1574,8192,6583,0.00,0.00,39058
1781291315,1518.5,maxram=8192/idle/n=540,7931,7102,829,6618,1574,8192,6586,0.00,0.00,39298
1781291317,1520.7,maxram=8192/idle/n=550,7931,7112,819,6618,1574,8192,6592,0.00,0.00,38423
1781291319,1522.7,maxram=8192/idle/n=550,7931,7152,779,6618,1574,8192,6610,0.00,0.00,39102
1781291321,1524.7,maxram=8192/idle/n=550,7931,7098,833,6618,1574,8192,6637,0.18,0.18,39346
1781291323,1526.8,maxram=8192/idle/n=560,7931,7118,813,6618,1574,8192,6650,0.14,0.14,39320
1781291325,1528.8,maxram=8192/idle/n=560,7931,7184,747,6618,1574,8192,6664,0.12,0.12,39320
1781291327,1530.8,maxram=8192/idle/n=560,7931,6677,1254,7141,1051,8192,6683,0.09,0.09,39285
1781291329,1532.9,maxram=8192/idle/n=570,7931,6701,1230,7141,1051,8192,6701,0.08,0.08,39227
1781291331,1534.9,maxram=8192/idle/n=570,7931,6722,1209,7141,1051,8192,6716,0.06,0.06,39221
1781291333,1537.0,maxram=8192/idle/n=570,7931,6758,1173,7141,1051,8192,6740,0.05,0.05,39185
1781291335,1539.0,maxram=8192/idle/n=580,7931,6795,1136,7141,1051,8192,6760,0.04,0.04,38520
1781291337,1541.0,maxram=8192/idle/n=580,7931,6837,1094,7141,1051,8192,6798,0.03,0.03,38658
1781291339,1543.1,maxram=8192/idle/n=590,7931,6864,1067,7141,1051,8192,6833,0.02,0.02,38101
1781291341,1545.1,maxram=8192/idle/n=590,7931,6911,1020,7141,1051,8192,6882,0.02,0.02,37829
1781291343,1547.1,maxram=8192/idle/n=590,7931,6933,998,7141,1051,8192,6914,0.01,0.01,38133
1781291345,1549.2,maxram=8192/idle/n=590,7931,6919,1012,7141,1051,8192,6915,0.01,0.01,38752
1781291348,1551.4,maxram=8192/idle/n=590,7931,6910,1021,7141,1051,8192,6919,0.00,0.00,38518
1781291350,1553.4,maxram=8192/idle/n=600,7931,6974,956,7141,1051,8192,6950,0.00,0.00,39155
1781291352,1555.4,maxram=8192/idle/n=600,7931,7011,920,7141,1051,8192,6994,0.00,0.00,38358
1781291354,1557.5,maxram=8192/idle/n=610,7931,7054,877,7141,1051,8192,7032,0.00,0.00,39089
1781291356,1559.5,maxram=8192/idle/n=610,7931,7079,852,7141,1051,8192,7059,0.00,0.00,39029
1781291358,1561.5,maxram=8192/idle/n=610,7931,7132,798,7141,1051,8192,7111,0.00,0.00,38971
1781291360,1563.6,maxram=8192/idle/n=620,7931,7115,816,7141,1051,8192,7127,0.00,0.00,38981
1781291362,1565.6,maxram=8192/idle/n=620,7931,7139,792,7141,1051,8192,7152,0.00,0.00,38959
1781291364,1567.6,maxram=8192/idle/n=620,7931,7154,777,7141,1051,8192,7162,0.00,0.00,38951
1781291366,1569.7,maxram=8192/idle/n=630,7931,7159,772,7141,1051,8192,7170,0.00,0.00,38931
1781291368,1571.7,maxram=8192/idle/n=630,7931,7079,852,7141,1051,8192,7183,0.90,0.90,38900
1781291370,1573.7,maxram=8192/idle/n=640,7931,7136,795,7141,1051,8192,7191,0.74,0.74,38884
1781291372,1575.8,maxram=8192/idle/n=640,7931,6677,1254,7657,535,8192,7201,0.78,0.78,38889
1781291374,1577.8,maxram=8192/idle/n=640,7931,6708,1223,7657,535,8192,7236,0.64,0.64,38686
1781291376,1579.8,maxram=8192/idle/n=640,7931,6720,1211,7657,535,8192,7244,0.52,0.52,38646
1781291378,1581.9,maxram=8192/idle/n=640,7931,6721,1210,7657,535,8192,7245,0.43,0.43,38290
1781291380,1584.1,maxram=8192/idle/n=650,7931,6749,1182,7657,535,8192,7288,0.35,0.35,38605
1781291382,1586.1,maxram=8192/idle/n=650,7931,6790,1141,7657,535,8192,7331,0.28,0.28,38250
1781291384,1588.2,maxram=8192/idle/n=650,7931,6848,1083,7657,535,8192,7379,0.23,0.23,38178
1781291386,1590.2,maxram=8192/idle/n=660,7931,6872,1059,7657,535,8192,7407,0.19,0.19,38179
1781291388,1592.2,maxram=8192/idle/n=660,7931,6897,1034,7657,535,8192,7446,0.15,0.15,38123
1781291390,1594.3,maxram=8192/idle/n=670,7931,6925,1006,7657,535,8192,7486,0.12,0.12,37980
1781291393,1596.3,maxram=8192/idle/n=670,7931,6975,955,7657,535,8192,7520,0.10,0.10,37975
1781291395,1598.3,maxram=8192/idle/n=670,7931,6980,951,7657,535,8192,7557,0.08,0.08,38028
1781291397,1600.4,maxram=8192/idle/n=680,7931,6989,941,7657,535,8192,7565,0.07,0.07,38604
1781291399,1602.4,maxram=8192/idle/n=680,7931,6984,947,7657,535,8192,7585,0.05,0.05,38623
1781291401,1604.4,maxram=8192/idle/n=680,7931,6768,1163,7657,535,8192,7660,0.04,0.04,37962
1781291403,1606.5,maxram=8192/idle/n=680,7931,6745,1186,7657,535,8192,7660,0.03,0.03,37972
1781291405,1608.7,maxram=8192/idle/n=680,7931,6738,1193,7657,535,8192,7660,0.03,0.03,38312
1781291407,1611.0,maxram=8192/idle/n=680,7931,6682,1248,7657,535,8192,7659,0.02,0.02,38282
1781291409,1613.1,maxram=8192/idle/n=680,7931,6354,1576,7657,535,8192,7662,0.02,0.02,38305
1781291411,1615.1,maxram=8192/idle/n=680,7931,6361,1570,7657,535,8192,7661,0.01,0.01,37347
1781291413,1617.1,maxram=8192/idle/n=680,7931,6316,1615,7657,535,8192,7660,0.01,0.01,37763
1781291415,1619.2,maxram=8192/idle/n=680,7931,5978,1953,7657,535,8192,7662,0.01,0.01,38280
1781291417,1621.2,maxram=8192/idle/n=680,7931,5944,1987,7657,535,8192,7661,0.00,0.00,38127
1781291419,1623.2,maxram=8192/idle/n=680,7931,5903,2028,7657,535,8192,7660,0.00,0.00,38105
1781291421,1625.3,maxram=8192/idle/n=680,7931,5575,2356,7657,535,8192,7662,0.00,0.00,38723
1781291424,1627.3,maxram=8192/idle/n=680,7931,5569,2362,7657,535,8192,7660,0.00,0.00,39004
1781291426,1629.5,maxram=8192/idle/n=680,7931,5555,2376,7657,535,8192,7660,0.00,0.00,38978
1781291428,1631.8,maxram=8192/idle/n=680,7931,5524,2407,7657,535,8192,7659,0.00,0.00,38993
1781291430,1633.8,maxram=8192/idle/n=680,7931,5188,2743,7657,535,8192,7661,0.00,0.00,38946
1781291432,1635.8,maxram=8192/idle/n=680,7931,5161,2770,7657,535,8192,7660,0.00,0.00,38952
1781291434,1637.9,maxram=8192/idle/n=680,7931,5127,2804,7657,535,8192,7659,0.00,0.00,38949
1781291436,1639.9,maxram=8192/idle/n=680,7931,4779,3152,7657,535,8192,7658,0.00,0.00,38947
1781291438,1641.9,maxram=8192/idle/n=680,7931,4763,3168,7657,535,8192,7658,0.00,0.00,38461
1781291440,1644.0,maxram=8192/idle/n=680,7931,4735,3196,7657,535,8192,7657,0.00,0.00,39012
1781291442,1646.0,maxram=8192/idle/n=680,7931,4391,3540,7657,535,8192,7658,0.00,0.00,38985
1781291444,1648.0,maxram=8192/idle/n=680,7931,4354,3576,7657,535,8192,7658,0.00,0.00,38967
1781291446,1650.1,maxram=8192/idle/n=680,7931,4329,3602,7657,535,8192,7657,0.00,0.00,38973
1781291448,1652.2,maxram=8192/idle/n=680,7931,4336,3595,7657,535,8192,7657,0.00,0.00,38965
1781291451,1654.3,maxram=8192/idle/n=680,7931,4305,3626,7657,535,8192,7656,0.00,0.00,38965
1781291453,1656.4,maxram=8192/idle/n=680,7931,3992,3939,7657,535,8192,7658,0.00,0.00,38366
1781291455,1658.4,maxram=8192/idle/n=680,7931,3946,3985,7657,535,8192,7657,0.00,0.00,38883
1781291457,1660.4,maxram=8192/idle/n=680,7931,3924,4007,7657,535,8192,7656,0.00,0.00,38882
1781291459,1662.5,maxram=8192/idle/n=680,7931,3577,4354,7657,535,8192,7656,0.00,0.00,38847
1781291461,1664.5,maxram=8192/idle/n=680,7931,6621,1310,4571,3621,8192,7655,0.00,0.00,38558
1781291463,1666.5,maxram=8192/idle/n=680,7931,6599,1332,4571,3621,8192,7654,0.00,0.00,38837
1781291465,1668.6,maxram=8192/idle/n=680,7931,6271,1660,4571,3621,8192,7668,0.00,0.00,38799
1781291467,1670.6,maxram=8192/idle/n=680,7931,6233,1698,4571,3621,8192,7667,0.00,0.00,38760
1781291469,1672.7,maxram=8192/idle/n=680,7931,6254,1677,4571,3621,8192,7667,0.00,0.00,38785
1781291471,1675.0,maxram=8192/idle/n=680,7931,6247,1683,4571,3621,8192,7667,0.00,0.00,38048
1781291473,1677.0,maxram=8192/idle/n=680,7931,6270,1661,4571,3621,8192,7668,0.00,0.00,38078
1781291475,1679.0,maxram=8192/idle/n=680,7931,5871,2060,4571,3621,8192,7668,0.00,0.00,38822
1781291477,1681.1,maxram=8192/idle/n=680,7931,5858,2073,4571,3621,8192,7667,0.00,0.00,38836
1781291479,1683.1,maxram=8192/idle/n=680,7931,5814,2117,4571,3621,8192,7666,0.00,0.00,38842
1781291481,1685.1,maxram=8192/idle/n=680,7931,5525,2406,4571,3621,8192,7668,0.00,0.00,38700
1781291483,1687.2,maxram=8192/idle/n=680,7931,5521,2410,4571,3621,8192,7667,0.00,0.00,38839
1781291485,1689.2,maxram=8192/idle/n=680,7931,5488,2443,4571,3621,8192,7666,0.00,0.00,38824
1781291487,1691.3,maxram=8192/idle/n=680,7931,5222,2709,4571,3621,8192,7668,0.00,0.00,38751
1781291490,1693.5,maxram=8192/idle/n=680,7931,5225,2706,4571,3621,8192,7668,0.00,0.00,38748
1781291492,1695.7,maxram=8192/idle/n=680,7931,5214,2717,4571,3621,8192,7668,0.00,0.00,38740
1781291494,1697.8,maxram=8192/idle/n=680,7931,5200,2731,4571,3621,8192,7666,0.00,0.00,38742
1781291496,1699.8,maxram=8192/idle/n=680,7931,4951,2980,4571,3621,8192,7667,0.00,0.00,38711
1781291498,1701.8,maxram=8192/idle/n=680,7931,4935,2996,4571,3621,8192,7667,0.00,0.00,38666
1781291502,1705.9,maxram=8192/nginx,7931,337,7594,8192,0,8192,708,0.00,0.00,42114
1781291504,1707.9,maxram=8192/nginx,7931,640,7291,8192,0,8192,1155,0.00,0.00,41889
1781291506,1710.0,maxram=8192/nginx,7931,770,7161,8192,0,8192,1349,0.00,0.00,41787
1781291508,1712.0,maxram=8192/nginx,7931,899,7032,8192,0,8192,1493,0.00,0.00,41724
1781291510,1714.0,maxram=8192/nginx,7931,1011,6920,8192,0,8192,1643,0.00,0.00,41610
1781291512,1716.1,maxram=8192/nginx/n=10,7931,1134,6797,8192,0,8192,1804,0.00,0.00,41132
1781291514,1718.1,maxram=8192/nginx/n=10,7931,1292,6639,8192,0,8192,2066,0.00,0.00,41618
1781291516,1720.1,maxram=8192/nginx/n=10,7931,1349,6581,8192,0,8192,2150,0.00,0.00,41903
1781291519,1722.3,maxram=8192/nginx/n=10,7931,1356,6575,8192,0,8192,2152,0.00,0.00,41899
1781291521,1724.4,maxram=8192/nginx/n=10,7931,1361,6570,8192,0,8192,2157,0.00,0.00,41575
1781291523,1726.5,maxram=8192/nginx/n=20,7931,1393,6538,8192,0,8192,2198,0.00,0.00,41786
1781291525,1728.5,maxram=8192/nginx/n=20,7931,1467,6464,8192,0,8192,2266,0.00,0.00,41723
1781291527,1730.6,maxram=8192/nginx/n=20,7931,1545,6386,8192,0,8192,2342,0.00,0.00,41647
1781291529,1732.6,maxram=8192/nginx/n=30,7931,1612,6319,8192,0,8192,2417,0.00,0.00,41522
1781291531,1734.6,maxram=8192/nginx/n=30,7931,1730,6200,8192,0,8192,2532,0.00,0.00,40864
1781291533,1736.7,maxram=8192/nginx/n=30,7931,1788,6143,8192,0,8192,2612,0.00,0.00,41570
1781291535,1738.7,maxram=8192/nginx/n=40,7931,1875,6056,8192,0,8192,2692,0.00,0.00,41498
1781291537,1740.7,maxram=8192/nginx/n=40,7931,1970,5961,8192,0,8192,2790,0.00,0.00,41504
1781291539,1742.8,maxram=8192/nginx/n=50,7931,2046,5885,8192,0,8192,2860,0.00,0.00,41429
1781291541,1744.8,maxram=8192/nginx/n=50,7931,2091,5840,8192,0,8192,2927,0.00,0.00,41376
1781291543,1746.8,maxram=8192/nginx/n=50,7931,2195,5736,8192,0,8192,3014,0.00,0.00,41432
1781291545,1748.9,maxram=8192/nginx/n=60,7931,2273,5658,8192,0,8192,3093,0.00,0.00,41351
1781291547,1751.0,maxram=8192/nginx/n=60,7931,6658,1273,3847,4345,8192,3160,0.00,0.00,41269
1781291549,1753.0,maxram=8192/nginx/n=60,7931,6671,1260,3847,4345,8192,3215,0.00,0.00,41217
1781291551,1755.1,maxram=8192/nginx/n=60,7931,6668,1263,3847,4345,8192,3217,0.00,0.00,40546
1781291553,1757.1,maxram=8192/nginx/n=60,7931,6748,1183,3847,4345,8192,3282,0.00,0.00,41277
1781291555,1759.2,maxram=8192/nginx/n=70,7931,6860,1071,3847,4345,8192,3389,0.00,0.00,41150
1781291557,1761.2,maxram=8192/nginx/n=70,7931,6946,984,3847,4345,8192,3482,0.00,0.00,41102
1781291559,1763.2,maxram=8192/nginx/n=80,7931,7036,895,3847,4345,8192,3571,0.00,0.00,41039
1781291562,1765.3,maxram=8192/nginx/n=80,7931,7131,800,3847,4345,8192,3670,0.00,0.00,40977
1781291564,1767.3,maxram=8192/nginx/n=90,7931,6695,1236,4387,3805,8192,3773,0.00,0.00,40854
1781291566,1769.3,maxram=8192/nginx/n=90,7931,6764,1167,4387,3805,8192,3846,0.00,0.00,40771
1781291568,1771.4,maxram=8192/nginx/n=90,7931,6856,1075,4387,3805,8192,3932,0.00,0.00,40718
1781291570,1773.4,maxram=8192/nginx/n=100,7931,6944,987,4387,3805,8192,4031,0.00,0.00,40665
1781291572,1775.5,maxram=8192/nginx/n=100,7931,7031,900,4387,3805,8192,4127,0.00,0.00,40318
1781291574,1777.5,maxram=8192/nginx/n=110,7931,7095,836,4387,3805,8192,4219,0.00,0.00,40964
1781291576,1779.5,maxram=8192/nginx/n=110,7931,7185,746,4387,3805,8192,4290,0.00,0.00,40614
1781291578,1781.6,maxram=8192/nginx/n=110,7931,6664,1267,4926,3266,8192,4319,0.00,0.00,40828
1781291580,1783.7,maxram=8192/nginx/n=110,7931,6660,1271,4926,3266,8192,4327,0.00,0.00,40535
1781291582,1785.7,maxram=8192/nginx/n=110,7931,6757,1174,4926,3266,8192,4420,0.00,0.00,40414
1781291584,1787.8,maxram=8192/nginx/n=120,7931,6844,1087,4926,3266,8192,4500,0.00,0.00,40582
1781291586,1789.8,maxram=8192/nginx/n=120,7931,6941,990,4926,3266,8192,4599,0.00,0.00,40479
1781291588,1791.8,maxram=8192/nginx/n=130,7931,7027,904,4926,3266,8192,4700,0.00,0.00,40510
1781291590,1793.9,maxram=8192/nginx/n=130,7931,7115,816,4926,3266,8192,4799,0.00,0.00,40381
1781291592,1795.9,maxram=8192/nginx/n=140,7931,6664,1267,5456,2736,8192,4874,0.00,0.00,40367
1781291594,1797.9,maxram=8192/nginx/n=140,7931,6754,1177,5456,2736,8192,4955,0.00,0.00,40298
1781291596,1800.0,maxram=8192/nginx/n=140,7931,6827,1104,5456,2736,8192,5026,0.00,0.00,40238
1781291598,1802.0,maxram=8192/nginx/n=150,7931,6914,1017,5456,2736,8192,5101,0.00,0.00,40155
1781291600,1804.1,maxram=8192/nginx/n=150,7931,6986,945,5456,2736,8192,5200,0.00,0.00,39303
1781291602,1806.1,maxram=8192/nginx/n=160,7931,7109,822,5456,2736,8192,5305,0.00,0.00,39228
1781291604,1808.1,maxram=8192/nginx/n=160,7931,6713,1217,5969,2223,8192,5420,0.00,0.00,39130
1781291606,1810.2,maxram=8192/nginx/n=160,7931,6721,1210,5969,2223,8192,5432,0.00,0.00,39126
1781291609,1812.3,maxram=8192/nginx/n=160,7931,6732,1199,5969,2223,8192,5454,0.00,0.00,38546
1781291611,1814.3,maxram=8192/nginx/n=170,7931,6800,1131,5969,2223,8192,5548,0.00,0.00,39878
1781291613,1816.4,maxram=8192/nginx/n=170,7931,6869,1062,5969,2223,8192,5625,0.00,0.00,39811
1781291615,1818.4,maxram=8192/nginx/n=170,7931,6935,995,5969,2223,8192,5717,0.00,0.00,39717
1781291617,1820.4,maxram=8192/nginx/n=180,7931,7025,906,5969,2223,8192,5820,0.00,0.00,39219
1781291619,1822.5,maxram=8192/nginx/n=180,7931,7039,892,5969,2223,8192,5880,0.00,0.00,39776
1781291621,1824.5,maxram=8192/nginx/n=190,7931,7146,785,5969,2223,8192,5912,0.00,0.00,39722
1781291623,1826.5,maxram=8192/nginx/n=190,7931,6689,1242,6501,1691,8192,5968,0.00,0.00,39661
1781291625,1828.6,maxram=8192/nginx/n=190,7931,6822,1109,6501,1691,8192,6092,0.00,0.00,39548
1781291627,1830.6,maxram=8192/nginx/n=200,7931,6898,1033,6501,1691,8192,6180,0.00,0.00,39481
1781291629,1832.6,maxram=8192/nginx/n=200,7931,6998,933,6501,1691,8192,6286,0.00,0.00,39382
1781291631,1834.7,maxram=8192/nginx/n=210,7931,7072,859,6501,1691,8192,6390,0.00,0.00,39343
1781291633,1836.7,maxram=8192/nginx/n=210,7931,7087,844,6501,1691,8192,6445,0.00,0.00,39299
1781291635,1839.0,maxram=8192/nginx/n=210,7931,7088,843,6501,1691,8192,6456,0.00,0.00,38795
1781291638,1841.3,maxram=8192/nginx/n=210,7931,7120,811,6501,1691,8192,6484,0.00,0.00,39457
1781291640,1843.4,maxram=8192/nginx/n=220,7931,6731,1200,7018,1174,8192,6578,0.00,0.00,39102
1781291642,1845.4,maxram=8192/nginx/n=220,7931,6840,1091,7018,1174,8192,6675,0.00,0.00,39002
1781291644,1847.4,maxram=8192/nginx/n=220,7931,6916,1015,7018,1174,8192,6760,0.00,0.00,39429
1781291646,1849.5,maxram=8192/nginx/n=230,7931,6995,936,7018,1174,8192,6848,0.00,0.00,39358
1781291648,1851.5,maxram=8192/nginx/n=230,7931,7067,864,7018,1174,8192,6931,0.00,0.00,38776
1781291650,1853.5,maxram=8192/nginx/n=240,7931,7098,833,7018,1174,8192,7001,0.00,0.00,39152
1781291652,1855.6,maxram=8192/nginx/n=240,7931,6670,1261,7546,646,8192,7062,0.00,0.00,38535
1781291654,1857.6,maxram=8192/nginx/n=240,7931,6784,1147,7546,646,8192,7172,0.00,0.00,39261
1781291656,1859.6,maxram=8192/nginx/n=250,7931,6843,1088,7546,646,8192,7246,0.00,0.00,39224
1781291658,1861.7,maxram=8192/nginx/n=250,7931,6933,998,7546,646,8192,7334,0.00,0.00,39130
1781291660,1863.7,maxram=8192/nginx/n=260,7931,7043,888,7546,646,8192,7452,0.00,0.00,39040
1781291662,1865.7,maxram=8192/nginx/n=260,7931,7108,823,7546,646,8192,7534,0.00,0.00,38961
1781291664,1867.8,maxram=8192/nginx/n=260,7931,7102,829,7546,646,8192,7550,0.00,0.00,38944
1781291666,1870.1,maxram=8192/nginx/n=260,7931,7099,832,7546,646,8192,7562,0.00,0.00,38940
1781291668,1872.1,maxram=8192/nginx/n=270,7931,7181,750,7546,646,8192,7596,0.00,0.00,38896
1781291670,1874.1,maxram=8192/nginx/n=270,7931,6766,1164,8083,109,8192,7690,0.00,0.00,38843
1781291672,1876.2,maxram=8192/nginx/n=270,7931,6854,1077,8083,109,8192,7771,0.00,0.00,38836
1781291674,1878.2,maxram=8192/nginx/n=280,7931,6925,1006,8083,109,8192,7853,0.00,0.00,38834
1781291676,1880.2,maxram=8192/nginx/n=280,7931,7020,911,8083,109,8192,7942,0.00,0.00,38843
1781291679,1882.3,maxram=8192/nginx/n=290,7931,7140,791,8083,109,8192,8059,0.00,0.00,38542
1781291681,1884.3,maxram=8192/nginx/n=290,7931,7129,802,8083,109,8192,8108,0.00,0.00,39135
1781291683,1886.3,maxram=8192/nginx/n=290,7931,7197,734,8083,109,8192,8142,0.00,0.00,39058
1781291685,1888.4,maxram=8192/nginx/n=300,7931,7135,796,8083,109,8192,8145,0.00,0.00,39069
1781291687,1890.4,maxram=8192/nginx/n=300,7931,7201,730,8083,109,8192,8145,0.00,0.00,39062
1781291689,1892.4,maxram=8192/nginx/n=300,7931,7183,748,8083,109,8192,8145,0.18,0.18,39055
1781291691,1894.5,maxram=8192/nginx/n=310,7931,7241,690,8083,109,8192,8146,1.77,1.77,39058
1781291693,1896.5,maxram=8192/nginx/n=310,7931,7278,652,8083,109,8192,8146,2.00,2.00,39041
1781291695,1898.5,maxram=8192/nginx/n=310,7931,7277,653,8083,109,8192,8146,1.63,1.63,39057
1781291697,1900.6,maxram=8192/nginx/n=310,7931,7306,625,8083,109,8192,8146,1.34,1.34,39060
1781291699,1902.7,maxram=8192/nginx/n=320,7931,7359,572,8083,109,8192,8147,1.46,1.46,38888
1781291701,1904.7,maxram=8192/nginx/n=320,7931,7451,480,8083,109,8192,8147,1.73,1.73,38616
1781291703,1906.7,maxram=8192/nginx/n=320,7931,7475,456,8083,109,8192,8147,1.96,1.96,39022
1781291705,1908.8,maxram=8192/nginx/n=330,7931,7506,425,8083,109,8192,8147,4.51,4.51,38594
1781291707,1910.8,maxram=8192/nginx/n=330,7931,7515,415,8192,0,8192,8152,4.41,4.41,38704
1781291709,1912.8,maxram=8192/nginx/n=340,7931,7592,339,8192,0,8192,8206,3.61,3.61,39204
1781291711,1914.9,maxram=8192/nginx/n=340,7931,7601,330,8192,0,8192,8246,2.96,2.96,38438
1781291713,1916.9,maxram=8192/nginx/n=340,7931,7668,263,8192,0,8192,8254,2.60,2.60,38638
1781291715,1918.9,maxram=8192/nginx/n=350,7931,7685,246,8192,0,8192,8256,2.31,2.31,38553
1781291717,1921.0,maxram=8192/nginx/n=350,7931,7687,244,8192,0,8192,8256,2.80,2.80,38229
1781291719,1923.0,maxram=8192/nginx/n=360,7931,7707,224,8192,0,8192,8256,3.01,3.01,39080
1781291721,1925.1,maxram=8192/nginx/n=360,7931,7739,192,8192,0,8192,8256,5.18,5.18,39079
1781291723,1927.1,maxram=8192/nginx/n=360,7931,7735,196,8192,0,8192,8256,9.68,9.68,38952
1781291725,1929.1,maxram=8192/nginx/n=360,7931,7713,217,8192,0,8192,8256,9.56,9.56,39106
1781291727,1931.2,maxram=8192/nginx/n=360,7931,7733,198,8192,0,8192,8256,18.17,17.84,39064
1781291729,1933.2,maxram=8192/nginx/n=360,7931,7795,136,8192,0,8192,8256,21.04,20.77,39033
1781291731,1935.2,maxram=8192/nginx/n=370,7931,7798,133,8192,0,8192,8256,23.75,23.52,39023
1781291734,1937.3,maxram=8192/nginx/n=370,7931,7821,110,8192,0,8192,8256,26.33,26.15,38996
1781291736,1939.3,maxram=8192/nginx/n=370,7931,7824,107,8192,0,8192,8255,30.43,30.29,38997
1781291738,1941.4,maxram=8192/nginx/n=370,7931,7818,113,8192,0,8192,8255,29.81,29.69,38956
1781291740,1943.4,maxram=8192/nginx/n=370,7931,7807,124,8192,0,8192,8255,32.38,32.10,38943
1781291742,1945.5,maxram=8192/nginx/n=370,7931,7809,122,8192,0,8192,8255,32.67,32.44,38952
1781291744,1947.5,maxram=8192/nginx/n=370,7931,7810,121,8192,0,8192,8255,32.91,32.54,38958
1781291746,1949.7,maxram=8192/nginx/n=370,7931,7811,120,8192,0,8192,8255,39.63,39.15,38960
1781291748,1951.7,maxram=8192/nginx/n=370,7931,7807,124,8192,0,8192,8255,41.33,40.75,38949
1781291750,1953.7,maxram=8192/nginx/n=370,7931,7826,105,8192,0,8192,8255,40.90,40.43,38947
1781291752,1955.8,maxram=8192/nginx/n=370,7931,7803,128,8192,0,8192,8255,42.37,41.80,38555
1781291754,1957.9,maxram=8192/nginx/n=370,7931,7814,117,8192,0,8192,8255,49.37,48.72,39137
1781291756,1959.9,maxram=8192/nginx/n=370,7931,7816,115,8192,0,8192,8255,50.21,49.50,39104
1781291758,1962.0,maxram=8192/nginx/n=370,7931,7817,114,8192,0,8192,8255,52.70,51.94,39017
1781291760,1964.2,maxram=8192/nginx/n=370,7931,7824,107,8192,0,8192,8255,52.21,51.59,38663
1781291763,1966.3,maxram=8192/nginx/n=370,7931,7824,107,8192,0,8192,8255,54.89,54.38,38747
1781291765,1968.4,maxram=8192/nginx/n=370,7931,7817,114,8192,0,8192,8255,56.54,55.94,39035
1781291767,1970.5,maxram=8192/nginx/n=370,7931,7819,112,8192,0,8192,8255,58.62,57.94,39031
1781291769,1972.6,maxram=8192/nginx/n=370,7931,7816,115,8192,0,8192,8255,57.60,56.87,39012
1781291771,1974.7,maxram=8192/nginx/n=370,7931,7819,112,8192,0,8192,8255,59.48,58.70,38308
1781291773,1976.7,maxram=8192/nginx/n=370,7931,7813,118,8192,0,8192,8255,60.48,59.66,38519
1781291775,1978.8,maxram=8192/nginx/n=370,7931,7813,118,8192,0,8192,8255,61.30,60.45,39074
1781291777,1980.8,maxram=8192/nginx/n=370,7931,7815,115,8192,0,8192,8255,60.52,59.82,39072
1781291779,1982.9,maxram=8192/nginx/n=370,7931,7815,116,8192,0,8192,8255,62.78,62.21,38797
1781291781,1985.0,maxram=8192/nginx/n=370,7931,7823,108,8192,0,8192,8255,61.55,60.90,39072
1781291783,1987.2,maxram=8192/nginx/n=370,7931,7816,115,8192,0,8192,8255,64.17,63.45,39084
1781291786,1989.3,maxram=8192/nginx/n=370,7931,7843,88,8192,0,8192,8255,63.42,62.79,39075
1781291788,1991.4,maxram=8192/nginx/n=370,7931,7826,105,8192,0,8192,8255,61.89,61.38,39035
1781291790,1993.6,maxram=8192/nginx/n=370,7931,7815,116,8192,0,8192,8255,60.64,60.04,39065
1781291792,1995.6,maxram=8192/nginx/n=370,7931,7821,110,8192,0,8192,8255,59.80,59.31,39024
1781291794,1997.9,maxram=8192/nginx/n=370,7931,7823,108,8192,0,8192,8255,62.01,61.43,38984
1781291796,1999.9,maxram=8192/nginx/n=370,7931,7821,110,8192,0,8192,8255,61.28,60.62,38958
1781291798,2002.1,maxram=8192/nginx/n=370,7931,7820,111,8192,0,8192,8255,63.22,62.50,38919
1781291801,2004.3,maxram=8192/nginx/n=370,7931,7820,111,8192,0,8192,8255,63.18,62.59,38904
1781291803,2006.5,maxram=8192/nginx/n=370,7931,7823,108,8192,0,8192,8255,63.87,63.21,38913
1781291805,2008.7,maxram=8192/nginx/n=370,7931,7826,105,8192,0,8192,8255,64.62,63.89,38305
1781291807,2010.9,maxram=8192/nginx/n=370,7931,7823,108,8192,0,8192,8255,66.32,65.54,38992
1781291809,2013.0,maxram=8192/nginx/n=370,7931,7825,105,8192,0,8192,8255,64.45,63.81,38870
1781291811,2015.2,maxram=8192/nginx/n=370,7931,7824,106,8192,0,8192,8255,62.92,62.22,38780
1781291814,2017.3,maxram=8192/nginx/n=370,7931,7833,98,8192,0,8192,8255,64.92,64.17,38691
1781291816,2019.8,maxram=8192/nginx/n=370,7931,7826,105,8192,0,8192,8254,69.76,68.41,38653
1781291818,2022.0,maxram=8192/nginx/n=370,7931,7833,98,8192,0,8192,8254,70.52,69.06,38612
1781291820,2024.1,maxram=8192/nginx/n=370,7931,7826,105,8192,0,8192,8254,69.88,68.50,38006
1781291823,2026.5,maxram=8192/nginx/n=370,7931,7829,102,8192,0,8192,8254,71.54,70.22,38964
1781291825,2028.7,maxram=8192/nginx/n=370,7931,7827,104,8192,0,8192,8254,71.26,70.00,38927
1781291827,2030.7,maxram=8192/nginx/n=370,7931,7825,106,8192,0,8192,8254,71.21,70.00,38896
1781291829,2032.9,maxram=8192/nginx/n=370,7931,7829,102,8192,0,8192,8254,69.54,68.37,38619
1781291831,2035.1,maxram=8192/nginx/n=370,7931,7829,101,8192,0,8192,8254,69.44,68.30,37807
1781291833,2037.2,maxram=8192/nginx/n=370,7931,7827,104,8192,0,8192,8254,71.71,70.42,38592
1781291836,2039.3,maxram=8192/nginx/n=370,7931,7834,97,8192,0,8192,8254,70.68,69.44,38559
1781291838,2041.4,maxram=8192/nginx/n=370,7931,7832,99,8192,0,8192,8254,70.59,69.60,38523
1781291840,2043.5,maxram=8192/nginx/n=370,7931,7842,89,8192,0,8192,8254,71.75,70.76,38837
1781291842,2045.8,maxram=8192/nginx/n=370,7931,7834,97,8192,0,8192,8254,72.15,71.17,38832
1781291844,2048.1,maxram=8192/nginx/n=370,7931,7838,93,8192,0,8192,8254,73.57,72.59,38486
1781291847,2050.4,maxram=8192/nginx/n=370,7931,7834,96,8192,0,8192,8254,73.83,72.84,38482
1781291849,2052.6,maxram=8192/nginx/n=370,7931,7843,88,8192,0,8192,8254,74.77,73.78,38476
1781291851,2054.9,maxram=8192/nginx/n=370,7931,7836,95,8192,0,8192,8254,75.71,74.72,38517
1781291853,2057.1,maxram=8192/nginx/n=370,7931,7837,94,8192,0,8192,8254,76.13,75.13,38513
1781291856,2059.3,maxram=8192/nginx/n=370,7931,7838,93,8192,0,8192,8254,76.47,75.47,38887
1781291858,2061.4,maxram=8192/nginx/n=370,7931,7838,93,8192,0,8192,8254,77.47,76.47,37754
1781291860,2063.8,maxram=8192/nginx/n=370,7931,7838,93,8192,0,8192,8254,77.77,76.78,38851
1781291862,2066.2,maxram=8192/nginx/n=370,7931,7839,92,8192,0,8192,8254,78.54,77.54,38823
1781291865,2068.5,maxram=8192/nginx/n=370,7931,7837,94,8192,0,8192,8254,79.16,78.17,38835
1781291867,2070.7,maxram=8192/nginx/n=370,7931,7842,88,8192,0,8192,8254,79.68,78.50,38822
1781291869,2073.0,maxram=8192/nginx/n=370,7931,7843,88,8192,0,8192,8254,79.55,78.41,38819
1781291871,2075.3,maxram=8192/nginx/n=370,7931,7837,94,8192,0,8192,8254,80.36,79.06,38796
1781291876,2079.3,maxram=8192/hog:256,7931,274,7657,8192,0,8192,521,0.00,0.00,42356
1781291878,2081.3,maxram=8192/hog:256,7931,705,7226,8192,0,8192,1161,0.00,0.00,42001
1781291880,2083.4,maxram=8192/hog:256,7931,728,7203,8192,0,8192,1211,0.00,0.00,41658
1781291882,2085.4,maxram=8192/hog:256,7931,829,7102,8192,0,8192,1353,0.00,0.00,41616
1781291884,2087.4,maxram=8192/hog:256,7931,831,7100,8192,0,8192,1482,0.00,0.00,42274
1781291886,2089.5,maxram=8192/hog:256,7931,825,7106,8192,0,8192,1491,0.00,0.00,42210
1781291888,2091.5,maxram=8192/hog:256,7931,880,7051,8192,0,8192,1580,0.00,0.00,41612
1781291890,2093.6,maxram=8192/hog:256,7931,877,7054,8192,0,8192,1581,0.00,0.00,42197
1781291892,2095.6,maxram=8192/hog:256,7931,874,7057,8192,0,8192,1586,0.00,0.00,42138
1781291894,2097.7,maxram=8192/hog:256,7931,874,7057,8192,0,8192,1586,0.00,0.00,42157
1781291896,2099.8,maxram=8192/hog:256,7931,874,7057,8192,0,8192,1586,0.00,0.00,41915
1781291898,2101.8,maxram=8192/hog:256,7931,886,7045,8192,0,8192,1604,0.00,0.00,41886
1781291900,2103.8,maxram=8192/hog:256,7931,872,7059,8192,0,8192,1604,0.00,0.00,42175
1781291902,2105.9,maxram=8192/hog:256,7931,858,7073,8192,0,8192,1604,0.00,0.00,42167
1781291904,2107.9,maxram=8192/hog:256,7931,852,7079,8192,0,8192,1604,0.00,0.00,42178
1781291906,2110.0,maxram=8192/hog:256,7931,839,7092,8192,0,8192,1606,0.00,0.00,42175
1781291908,2112.0,maxram=8192/hog:256,7931,829,7102,8192,0,8192,1606,0.00,0.00,42174
1781291910,2114.0,maxram=8192/hog:256,7931,822,7109,8192,0,8192,1606,0.00,0.00,42138
1781291912,2116.1,maxram=8192/hog:256,7931,821,7110,8192,0,8192,1606,0.00,0.00,42144
1781291914,2118.1,maxram=8192/hog:256,7931,811,7120,8192,0,8192,1606,0.00,0.00,42163
1781291916,2120.2,maxram=8192/hog:256,7931,798,7132,8192,0,8192,1606,0.00,0.00,42165
1781291919,2122.4,maxram=8192/hog:256,7931,798,7133,8192,0,8192,1606,0.00,0.00,42099
1781291921,2124.4,maxram=8192/hog:256,7931,796,7135,8192,0,8192,1606,0.00,0.00,42081
1781291923,2126.4,maxram=8192/hog:256,7931,6792,1139,2332,5860,8192,1760,0.00,0.00,41919
1781291925,2128.5,maxram=8192/hog:256,7931,6865,1066,2332,5860,8192,1831,0.00,0.00,41863
1781291927,2130.5,maxram=8192/hog:256,7931,6915,1016,2332,5860,8192,1892,0.00,0.00,41801
1781291929,2132.5,maxram=8192/hog:256,7931,6902,1029,2332,5860,8192,1922,0.00,0.00,41482
1781291931,2134.6,maxram=8192/hog:256,7931,6908,1023,2332,5860,8192,1945,0.00,0.00,42019
1781291933,2136.6,maxram=8192/hog:256,7931,6911,1020,2332,5860,8192,1962,0.00,0.00,42005
1781291935,2138.7,maxram=8192/hog:256,7931,6909,1022,2332,5860,8192,1964,0.00,0.00,41985
1781291937,2140.7,maxram=8192/hog:256,7931,6903,1028,2332,5860,8192,1969,0.00,0.00,41924
1781291939,2142.7,maxram=8192/hog:256,7931,6881,1050,2332,5860,8192,1973,0.00,0.00,41380
1781291941,2144.8,maxram=8192/hog:256,7931,6881,1050,2332,5860,8192,1985,0.00,0.00,41330
1781291943,2146.8,maxram=8192/hog:256,7931,6875,1056,2332,5860,8192,1991,0.00,0.00,42081
1781291945,2148.9,maxram=8192/hog:256,7931,6872,1059,2332,5860,8192,1991,0.00,0.00,42118
1781291947,2150.9,maxram=8192/hog:256,7931,7129,802,2332,5860,8192,2216,0.00,0.00,41867
1781291949,2153.0,maxram=8192/hog:256,7931,7412,519,3047,5145,8192,3137,0.00,0.00,41406
1781291951,2155.0,maxram=8192/hog:256,7931,5478,2452,6094,2098,8192,3772,0.36,0.36,40275
1781291953,2157.0,maxram=8192/hog:256/n=10,7931,6555,1375,6094,2098,8192,4866,0.29,0.29,39710
1781291955,2159.1,maxram=8192/hog:256/n=10,7931,5696,2235,8192,0,8192,6053,0.24,0.24,39777
1781291957,2161.1,maxram=8192/hog:256/n=20,7931,6839,1091,8192,0,8192,7196,0.19,0.19,39167
1781291959,2163.2,maxram=8192/hog:256/n=20,7931,7792,139,8192,0,8192,8183,0.16,0.16,38673
1781291965,2168.5,maxram=8192/hog:256/n=20,7931,7930,1,8192,0,8192,8228,12.38,12.38,38636
1781291995,2198.6,maxram=8192/hog:256/n=20,7931,7868,63,8192,0,8192,8234,63.44,61.60,38717
1781291999,2202.9,maxram=8192/hog:256/n=20,7931,7931,0,8192,0,8192,8240,61.32,60.07,38006
1781292002,2205.6,maxram=8192/hog:256/n=30,7931,7931,0,8192,0,8192,8240,56.73,55.53,38466
1781292007,2210.6,maxram=8192/hog:256/n=30,7931,7931,0,8192,0,8192,8241,48.25,47.11,38825
1781292020,2223.6,maxram=8192/hog:256/n=30,7931,7931,0,8192,0,8192,8242,57.57,56.14,38154
1781292024,2227.6,maxram=16384/idle,15967,530,15437,16384,0,16384,1054,0.00,0.00,42021
1781292026,2229.6,maxram=16384/idle,15967,649,15318,16384,0,16384,1260,0.00,0.00,41931
1781292028,2231.7,maxram=16384/idle,15967,728,15239,16384,0,16384,1388,0.00,0.00,41798
1781292030,2233.7,maxram=16384/idle,15967,903,15064,16384,0,16384,1597,0.00,0.00,41049
1781292032,2235.8,maxram=16384/idle,15967,954,15013,16384,0,16384,1657,0.00,0.00,41669
1781292034,2237.8,maxram=16384/idle,15967,955,15012,16384,0,16384,1681,0.00,0.00,41655
1781292036,2240.0,maxram=16384/idle,15967,1066,14901,16384,0,16384,1926,0.00,0.00,41456
1781292038,2242.0,maxram=16384/idle/n=10,15967,1098,14869,16384,0,16384,1994,0.00,0.00,41844
1781292040,2244.1,maxram=16384/idle/n=10,15967,1147,14820,16384,0,16384,2043,0.00,0.00,41668
1781292042,2246.1,maxram=16384/idle/n=10,15967,1163,14804,16384,0,16384,2072,0.00,0.00,41335
1781292044,2248.2,maxram=16384/idle/n=20,15967,1186,14781,16384,0,16384,2103,0.00,0.00,41578
1781292046,2250.2,maxram=16384/idle/n=20,15967,1228,14739,16384,0,16384,2142,0.00,0.00,41564
1781292048,2252.2,maxram=16384/idle/n=30,15967,1258,14709,16384,0,16384,2182,0.00,0.00,41481
1781292050,2254.3,maxram=16384/idle/n=30,15967,1295,14671,16384,0,16384,2209,0.00,0.00,41479
1781292053,2256.3,maxram=16384/idle/n=30,15967,1340,14627,16384,0,16384,2257,0.00,0.00,40989
1781292055,2258.3,maxram=16384/idle/n=40,15967,1372,14594,16384,0,16384,2293,0.00,0.00,41581
1781292057,2260.4,maxram=16384/idle/n=40,15967,1408,14558,16384,0,16384,2336,0.00,0.00,41532
1781292059,2262.4,maxram=16384/idle/n=40,15967,1415,14552,16384,0,16384,2343,0.00,0.00,41529
1781292061,2264.5,maxram=16384/idle/n=40,15967,1416,14551,16384,0,16384,2344,0.00,0.00,41240
1781292063,2266.8,maxram=16384/idle/n=50,15967,1443,14523,16384,0,16384,2368,0.00,0.00,41534
1781292065,2268.8,maxram=16384/idle/n=50,15967,1492,14475,16384,0,16384,2410,0.00,0.00,41473
1781292067,2270.9,maxram=16384/idle/n=60,15967,1524,14443,16384,0,16384,2452,0.00,0.00,41421
1781292069,2272.9,maxram=16384/idle/n=60,15967,14906,1061,3061,13323,16384,2509,0.00,0.00,41363
1781292071,2274.9,maxram=16384/idle/n=60,15967,14947,1020,3061,13323,16384,2552,0.00,0.00,40701
1781292073,2277.0,maxram=16384/idle/n=70,15967,14961,1006,3061,13323,16384,2594,0.00,0.00,40899
1781292075,2279.0,maxram=16384/idle/n=70,15967,15028,939,3061,13323,16384,2653,0.00,0.00,41402
1781292077,2281.0,maxram=16384/idle/n=80,15967,15059,908,3061,13323,16384,2691,0.00,0.00,41349
1781292079,2283.1,maxram=16384/idle/n=80,15967,15094,873,3061,13323,16384,2726,0.00,0.00,42073
1781292081,2285.1,maxram=16384/idle/n=90,15967,15142,825,3061,13323,16384,2769,0.00,0.00,42014
1781292083,2287.2,maxram=16384/idle/n=90,15967,15179,788,3061,13323,16384,2812,0.00,0.00,41489
1781292085,2289.2,maxram=16384/idle/n=90,15967,15201,765,3061,13323,16384,2845,0.00,0.00,41961
1781292087,2291.2,maxram=16384/idle/n=100,15967,15219,748,3061,13323,16384,2863,0.00,0.00,41937
1781292090,2293.4,maxram=16384/idle/n=100,15967,15220,747,3061,13323,16384,2864,0.00,0.00,41929
1781292092,2295.9,maxram=16384/idle/n=100,15967,15238,729,3061,13323,16384,2882,0.00,0.00,41592
1781292094,2297.9,maxram=16384/idle/n=100,15967,15279,687,3061,13323,16384,2925,0.00,0.00,41545
1781292096,2300.0,maxram=16384/idle/n=110,15967,15343,624,3061,13323,16384,2987,0.00,0.00,41452
1781292098,2302.0,maxram=16384/idle/n=110,15967,15348,619,3061,13323,16384,3007,0.00,0.00,41446
1781292100,2304.1,maxram=16384/idle/n=120,15967,15342,625,3061,13323,16384,3022,0.00,0.00,41432
1781292102,2306.1,maxram=16384/idle/n=120,15967,15361,606,3061,13323,16384,3036,0.00,0.00,41415
1781292104,2308.1,maxram=16384/idle/n=120,15967,14894,1072,3574,12810,16384,3067,0.00,0.00,41389
1781292106,2310.2,maxram=16384/idle/n=130,15967,14932,1034,3574,12810,16384,3090,0.00,0.00,41362
1781292108,2312.2,maxram=16384/idle/n=130,15967,14979,988,3574,12810,16384,3137,0.00,0.00,41301
1781292110,2314.2,maxram=16384/idle/n=140,15967,15030,937,3574,12810,16384,3186,0.00,0.00,41191
1781292113,2316.3,maxram=16384/idle/n=140,15967,15057,910,3574,12810,16384,3212,0.00,0.00,41152
1781292115,2318.3,maxram=16384/idle/n=150,15967,15093,874,3574,12810,16384,3246,0.00,0.00,41268
1781292117,2320.4,maxram=16384/idle/n=150,15967,15105,862,3574,12810,16384,3261,0.00,0.00,41606
1781292119,2322.5,maxram=16384/idle/n=150,15967,15095,872,3574,12810,16384,3263,0.00,0.00,41601
1781292121,2324.6,maxram=16384/idle/n=150,15967,15137,830,3574,12810,16384,3292,0.00,0.00,41309
1781292123,2326.7,maxram=16384/idle/n=150,15967,15163,804,3574,12810,16384,3329,0.00,0.00,41621
1781292125,2328.7,maxram=16384/idle/n=160,15967,15192,775,3574,12810,16384,3362,0.00,0.00,41581
1781292127,2330.7,maxram=16384/idle/n=160,15967,15230,737,3574,12810,16384,3399,0.00,0.00,41537
1781292129,2332.8,maxram=16384/idle/n=170,15967,15266,701,3574,12810,16384,3441,0.00,0.00,40713
1781292131,2334.8,maxram=16384/idle/n=170,15967,15308,659,3574,12810,16384,3486,0.00,0.00,40615
1781292133,2336.8,maxram=16384/idle/n=170,15967,15337,629,3574,12810,16384,3514,0.00,0.00,41347
1781292135,2338.9,maxram=16384/idle/n=180,15967,15315,651,3574,12810,16384,3536,0.00,0.00,41343
1781292137,2340.9,maxram=16384/idle/n=180,15967,15265,702,3574,12810,16384,3556,0.00,0.00,41318
1781292139,2342.9,maxram=16384/idle/n=190,15967,15283,684,3574,12810,16384,3567,0.00,0.00,41308
1781292141,2345.0,maxram=16384/idle/n=190,15967,15325,642,3574,12810,16384,3581,0.00,0.00,41281
1781292143,2347.0,maxram=16384/idle/n=200,15967,15366,601,3574,12810,16384,3586,0.00,0.00,41269
1781292145,2349.0,maxram=16384/idle/n=200,15967,14865,1101,4095,12289,16384,3594,0.00,0.00,41108
1781292147,2351.2,maxram=16384/idle/n=200,15967,14859,1107,4095,12289,16384,3596,0.00,0.00,41221
1781292150,2353.3,maxram=16384/idle/n=200,15967,14902,1065,4095,12289,16384,3621,0.00,0.00,41026
1781292152,2355.4,maxram=16384/idle/n=210,15967,14979,988,4095,12289,16384,3663,0.00,0.00,41193
1781292154,2357.4,maxram=16384/idle/n=210,15967,15005,962,4095,12289,16384,3691,0.00,0.00,41148
1781292156,2359.4,maxram=16384/idle/n=210,15967,15061,906,4095,12289,16384,3741,0.00,0.00,41093
1781292158,2361.5,maxram=16384/idle/n=220,15967,15100,867,4095,12289,16384,3788,0.00,0.00,40647
1781292160,2363.5,maxram=16384/idle/n=220,15967,15130,836,4095,12289,16384,3817,0.00,0.00,41250
1781292162,2365.6,maxram=16384/idle/n=230,15967,15159,808,4095,12289,16384,3858,0.00,0.00,40932
1781292164,2367.6,maxram=16384/idle/n=230,15967,15211,755,4095,12289,16384,3896,0.00,0.00,41130
1781292166,2369.6,maxram=16384/idle/n=230,15967,15242,725,4095,12289,16384,3936,0.00,0.00,40506
1781292168,2371.7,maxram=16384/idle/n=240,15967,15261,706,4095,12289,16384,3968,0.00,0.00,41141
1781292170,2373.7,maxram=16384/idle/n=240,15967,15299,668,4095,12289,16384,3997,0.00,0.00,41093
1781292172,2375.7,maxram=16384/idle/n=250,15967,15339,628,4095,12289,16384,4033,0.00,0.00,41054
1781292174,2377.8,maxram=16384/idle/n=250,15967,14850,1117,4617,11767,16384,4064,0.00,0.00,40790
1781292176,2379.9,maxram=16384/idle/n=250,15967,14847,1119,4617,11767,16384,4067,0.00,0.00,41321
1781292178,2381.9,maxram=16384/idle/n=250,15967,14857,1110,4617,11767,16384,4086,0.00,0.00,41288
1781292180,2384.0,maxram=16384/idle/n=250,15967,14888,1079,4617,11767,16384,4109,0.00,0.00,40964
1781292182,2386.0,maxram=16384/idle/n=260,15967,14913,1054,4617,11767,16384,4139,0.00,0.00,40972
1781292184,2388.1,maxram=16384/idle/n=260,15967,14963,1004,4617,11767,16384,4185,0.00,0.00,41169
1781292186,2390.1,maxram=16384/idle/n=260,15967,14980,987,4617,11767,16384,4213,0.00,0.00,41123
1781292188,2392.1,maxram=16384/idle/n=270,15967,15002,965,4617,11767,16384,4239,0.00,0.00,40596
1781292190,2394.2,maxram=16384/idle/n=270,15967,15025,942,4617,11767,16384,4258,0.00,0.00,40141
1781292192,2396.2,maxram=16384/idle/n=270,15967,15053,913,4617,11767,16384,4286,0.00,0.00,40822
1781292194,2398.3,maxram=16384/idle/n=280,15967,15091,876,4617,11767,16384,4324,0.00,0.00,40788
1781292197,2400.3,maxram=16384/idle/n=280,15967,15101,866,4617,11767,16384,4353,0.00,0.00,40742
1781292199,2402.3,maxram=16384/idle/n=290,15967,15129,838,4617,11767,16384,4371,0.00,0.00,41026
1781292201,2404.4,maxram=16384/idle/n=290,15967,15167,800,4617,11767,16384,4413,0.00,0.00,41017
1781292203,2406.4,maxram=16384/idle/n=290,15967,15203,764,4617,11767,16384,4443,0.00,0.00,40989
1781292205,2408.5,maxram=16384/idle/n=290,15967,15216,751,4617,11767,16384,4450,0.00,0.00,40989
1781292207,2410.5,maxram=16384/idle/n=290,15967,15209,757,4617,11767,16384,4454,0.00,0.00,40975
1781292209,2412.8,maxram=16384/idle/n=300,15967,15211,756,4617,11767,16384,4473,0.00,0.00,40963
1781292211,2414.8,maxram=16384/idle/n=300,15967,15241,726,4617,11767,16384,4490,0.00,0.00,40938
1781292213,2416.9,maxram=16384/idle/n=300,15967,15307,660,4617,11767,16384,4539,0.00,0.00,40895
1781292215,2418.9,maxram=16384/idle/n=310,15967,15333,634,4617,11767,16384,4573,0.00,0.00,40852
1781292217,2421.0,maxram=16384/idle/n=310,15967,15307,660,4617,11767,16384,4596,0.00,0.00,40575
1781292219,2423.0,maxram=16384/idle/n=310,15967,15348,618,4617,11767,16384,4618,0.00,0.00,40997
1781292221,2425.0,maxram=16384/idle/n=320,15967,15236,731,4617,11767,16384,4629,0.00,0.00,40965
1781292223,2427.1,maxram=16384/idle/n=320,15967,15278,689,4617,11767,16384,4630,0.00,0.00,40843
1781292225,2429.1,maxram=16384/idle/n=330,15967,15305,661,4617,11767,16384,4635,0.00,0.00,40942
1781292227,2431.1,maxram=16384/idle/n=330,15967,15336,631,4617,11767,16384,4655,0.00,0.00,40900
1781292229,2433.2,maxram=16384/idle/n=330,15967,15361,605,4617,11767,16384,4677,0.00,0.00,40754
1781292231,2435.2,maxram=16384/idle/n=340,15967,14881,1086,5137,11247,16384,4696,0.00,0.00,40441
1781292233,2437.3,maxram=16384/idle/n=340,15967,14923,1044,5137,11247,16384,4738,0.00,0.00,40358
1781292236,2439.3,maxram=16384/idle/n=340,15967,14961,1006,5137,11247,16384,4758,0.00,0.00,40319
1781292238,2441.4,maxram=16384/idle/n=340,15967,14952,1015,5137,11247,16384,4762,0.00,0.00,40320
1781292240,2443.6,maxram=16384/idle/n=350,15967,14968,999,5137,11247,16384,4782,0.00,0.00,40360
1781292242,2445.7,maxram=16384/idle/n=350,15967,14990,976,5137,11247,16384,4820,0.00,0.00,40050
1781292244,2447.7,maxram=16384/idle/n=350,15967,15028,939,5137,11247,16384,4852,0.00,0.00,40317
1781292246,2449.7,maxram=16384/idle/n=360,15967,15063,904,5137,11247,16384,4898,0.00,0.00,40257
1781292248,2451.8,maxram=16384/idle/n=360,15967,15104,863,5137,11247,16384,4930,0.00,0.00,39734
1781292250,2453.8,maxram=16384/idle/n=370,15967,15123,843,5137,11247,16384,4958,0.00,0.00,40338
1781292252,2455.8,maxram=16384/idle/n=370,15967,15157,810,5137,11247,16384,4997,0.00,0.00,39618
1781292254,2457.9,maxram=16384/idle/n=370,15967,15190,777,5137,11247,16384,5020,0.00,0.00,40297
1781292256,2459.9,maxram=16384/idle/n=380,15967,15219,748,5137,11247,16384,5058,0.00,0.00,40239
1781292258,2462.0,maxram=16384/idle/n=380,15967,15246,721,5137,11247,16384,5087,0.00,0.00,40191
1781292260,2464.0,maxram=16384/idle/n=390,15967,15270,697,5137,11247,16384,5098,0.00,0.00,40173
1781292262,2466.1,maxram=16384/idle/n=390,15967,15345,622,5137,11247,16384,5128,0.00,0.00,40139
1781292264,2468.1,maxram=16384/idle/n=390,15967,14848,1119,5653,10731,16384,5148,0.00,0.00,40153
1781292266,2470.1,maxram=16384/idle/n=390,15967,14878,1089,5653,10731,16384,5175,0.00,0.00,40098
1781292268,2472.3,maxram=16384/idle/n=390,15967,14905,1062,5653,10731,16384,5203,0.00,0.00,40071
1781292271,2474.3,maxram=16384/idle/n=400,15967,14888,1079,5653,10731,16384,5225,0.00,0.00,40043
1781292273,2476.3,maxram=16384/idle/n=400,15967,14930,1037,5653,10731,16384,5258,0.00,0.00,40015
1781292275,2478.4,maxram=16384/idle/n=410,15967,14967,1000,5653,10731,16384,5289,0.00,0.00,39977
1781292277,2480.4,maxram=16384/idle/n=410,15967,15007,959,5653,10731,16384,5319,0.00,0.00,39947
1781292279,2482.4,maxram=16384/idle/n=410,15967,15036,931,5653,10731,16384,5366,0.00,0.00,39904
1781292281,2484.5,maxram=16384/idle/n=420,15967,15074,892,5653,10731,16384,5406,0.00,0.00,39877
1781292283,2486.5,maxram=16384/idle/n=420,15967,15103,864,5653,10731,16384,5435,0.00,0.00,39848
1781292285,2488.5,maxram=16384/idle/n=430,15967,15150,817,5653,10731,16384,5477,0.00,0.00,39818
1781292287,2490.6,maxram=16384/idle/n=430,15967,15173,794,5653,10731,16384,5514,0.00,0.00,39814
1781292289,2492.6,maxram=16384/idle/n=430,15967,15202,765,5653,10731,16384,5540,0.00,0.00,39796
1781292291,2494.7,maxram=16384/idle/n=440,15967,15220,747,5653,10731,16384,5581,0.00,0.00,39819
1781292293,2496.7,maxram=16384/idle/n=440,15967,15267,700,5653,10731,16384,5607,0.00,0.00,39406
1781292295,2498.7,maxram=16384/idle/n=440,15967,15265,702,5653,10731,16384,5614,0.00,0.00,40028
1781292297,2500.9,maxram=16384/idle/n=440,15967,15273,694,5653,10731,16384,5622,0.00,0.00,39999
1781292299,2502.9,maxram=16384/idle/n=450,15967,15272,695,5653,10731,16384,5639,0.00,0.00,39975
1781292301,2505.0,maxram=16384/idle/n=450,15967,15301,666,5653,10731,16384,5665,0.00,0.00,39657
1781292303,2507.0,maxram=16384/idle/n=450,15967,15372,594,5653,10731,16384,5683,0.00,0.00,39953
1781292305,2509.0,maxram=16384/idle/n=460,15967,14882,1085,6176,10208,16384,5709,0.00,0.00,40066
1781292307,2511.1,maxram=16384/idle/n=460,15967,14936,1031,6176,10208,16384,5752,0.00,0.00,39991
1781292309,2513.1,maxram=16384/idle/n=470,15967,14956,1011,6176,10208,16384,5789,0.00,0.00,39954
1781292311,2515.1,maxram=16384/idle/n=470,15967,14977,990,6176,10208,16384,5830,0.00,0.00,39126
1781292313,2517.2,maxram=16384/idle/n=470,15967,14996,971,6176,10208,16384,5858,0.00,0.00,39899
1781292315,2519.2,maxram=16384/idle/n=480,15967,15046,921,6176,10208,16384,5892,0.00,0.00,39841
1781292317,2521.2,maxram=16384/idle/n=480,15967,15075,892,6176,10208,16384,5928,0.00,0.00,39825
1781292320,2523.3,maxram=16384/idle/n=490,15967,15138,829,6176,10208,16384,5986,0.00,0.00,40075
1781292322,2525.3,maxram=16384/idle/n=490,15967,15149,818,6176,10208,16384,6023,0.00,0.00,40046
1781292324,2527.3,maxram=16384/idle/n=490,15967,15162,804,6176,10208,16384,6049,0.00,0.00,39536
1781292326,2529.5,maxram=16384/idle/n=490,15967,15162,805,6176,10208,16384,6053,0.00,0.00,40104
1781292328,2531.6,maxram=16384/idle/n=490,15967,15195,772,6176,10208,16384,6074,0.00,0.00,40062
1781292330,2533.6,maxram=16384/idle/n=500,15967,15202,765,6176,10208,16384,6091,0.00,0.00,40016
1781292332,2535.6,maxram=16384/idle/n=500,15967,15256,711,6176,10208,16384,6147,0.00,0.00,39948
1781292334,2537.6,maxram=16384/idle/n=510,15967,15267,700,6176,10208,16384,6167,0.00,0.00,39935
1781292336,2539.7,maxram=16384/idle/n=510,15967,15313,654,6176,10208,16384,6189,0.00,0.00,39974
1781292338,2541.7,maxram=16384/idle/n=510,15967,15339,628,6176,10208,16384,6208,0.00,0.00,39938
1781292340,2543.8,maxram=16384/idle/n=520,15967,15218,749,6176,10208,16384,6223,0.00,0.00,39366
1781292342,2545.8,maxram=16384/idle/n=520,15967,15267,700,6176,10208,16384,6240,0.00,0.00,39913
1781292344,2547.8,maxram=16384/idle/n=530,15967,15279,688,6176,10208,16384,6241,0.00,0.00,39908
1781292346,2549.9,maxram=16384/idle/n=530,15967,15328,639,6176,10208,16384,6245,0.00,0.00,39911
1781292348,2551.9,maxram=16384/idle/n=530,15967,14859,1108,6698,9686,16384,6250,0.00,0.00,39908
1781292350,2553.9,maxram=16384/idle/n=540,15967,14904,1063,6698,9686,16384,6272,0.00,0.00,39878
1781292352,2556.0,maxram=16384/idle/n=540,15967,14931,1035,6698,9686,16384,6324,0.00,0.00,39827
1781292354,2558.1,maxram=16384/idle/n=540,15967,14930,1037,6698,9686,16384,6330,0.00,0.00,39907
1781292356,2560.2,maxram=16384/idle/n=540,15967,14935,1032,6698,9686,16384,6351,0.00,0.00,39828
1781292358,2562.2,maxram=16384/idle/n=550,15967,14972,995,6698,9686,16384,6388,0.00,0.00,39812
1781292361,2564.3,maxram=16384/idle/n=550,15967,14996,971,6698,9686,16384,6430,0.00,0.00,39489
1781292363,2566.3,maxram=16384/idle/n=550,15967,15028,939,6698,9686,16384,6475,0.00,0.00,39466
1781292365,2568.4,maxram=16384/idle/n=560,15967,15081,886,6698,9686,16384,6509,0.00,0.00,39734
1781292367,2570.4,maxram=16384/idle/n=560,15967,15106,861,6698,9686,16384,6544,0.00,0.00,39681
1781292369,2572.4,maxram=16384/idle/n=570,15967,15108,859,6698,9686,16384,6562,0.00,0.00,39664
1781292371,2574.4,maxram=16384/idle/n=570,15967,15155,812,6698,9686,16384,6603,0.00,0.00,38737
1781292373,2576.5,maxram=16384/idle/n=570,15967,15182,784,6698,9686,16384,6639,0.00,0.00,39288
1781292375,2578.5,maxram=16384/idle/n=580,15967,15209,758,6698,9686,16384,6672,0.00,0.00,39768
1781292377,2580.6,maxram=16384/idle/n=580,15967,15238,729,6698,9686,16384,6701,0.00,0.00,39741
1781292379,2582.6,maxram=16384/idle/n=590,15967,15245,722,6698,9686,16384,6716,0.00,0.00,39719
1781292381,2584.6,maxram=16384/idle/n=590,15967,15319,648,6698,9686,16384,6724,0.00,0.00,39713
1781292383,2586.7,maxram=16384/idle/n=590,15967,15313,654,6698,9686,16384,6745,0.00,0.00,39691
1781292385,2588.7,maxram=16384/idle/n=590,15967,15308,659,6698,9686,16384,6745,0.00,0.00,39692
1781292387,2590.8,maxram=16384/idle/n=590,15967,15327,640,6698,9686,16384,6753,0.00,0.00,39747
1781292389,2592.8,maxram=16384/idle/n=600,15967,15352,614,6698,9686,16384,6758,0.00,0.00,39713
1781292391,2594.9,maxram=16384/idle/n=600,15967,14881,1086,7217,9167,16384,6777,0.00,0.00,39699
1781292393,2596.9,maxram=16384/idle/n=610,15967,14939,1028,7217,9167,16384,6836,0.00,0.00,39641
1781292395,2598.9,maxram=16384/idle/n=610,15967,14970,997,7217,9167,16384,6880,0.00,0.00,39601
1781292397,2601.0,maxram=16384/idle/n=610,15967,14988,979,7217,9167,16384,6900,0.00,0.00,39549
1781292399,2603.0,maxram=16384/idle/n=620,15967,15021,946,7217,9167,16384,6939,0.00,0.00,39557
1781292401,2605.0,maxram=16384/idle/n=620,15967,15066,901,7217,9167,16384,6980,0.00,0.00,39474
1781292403,2607.1,maxram=16384/idle/n=620,15967,15093,874,7217,9167,16384,7011,0.00,0.00,39442
1781292405,2609.1,maxram=16384/idle/n=630,15967,15121,846,7217,9167,16384,7039,0.00,0.00,39414
1781292407,2611.1,maxram=16384/idle/n=630,15967,15182,785,7217,9167,16384,7099,0.00,0.00,39360
1781292409,2613.2,maxram=16384/idle/n=640,15967,15170,797,7217,9167,16384,7124,0.00,0.00,39317
1781292411,2615.2,maxram=16384/idle/n=640,15967,15215,752,7217,9167,16384,7147,0.00,0.00,39298
1781292413,2617.3,maxram=16384/idle/n=640,15967,15219,747,7217,9167,16384,7161,0.00,0.00,39288
1781292416,2619.5,maxram=16384/idle/n=640,15967,15230,737,7217,9167,16384,7166,0.00,0.00,39268
1781292418,2621.6,maxram=16384/idle/n=640,15967,15263,704,7217,9167,16384,7192,0.00,0.00,39244
1781292420,2623.6,maxram=16384/idle/n=650,15967,15288,678,7217,9167,16384,7225,0.00,0.00,38896
1781292422,2625.7,maxram=16384/idle/n=650,15967,15287,680,7217,9167,16384,7242,0.00,0.00,38906
1781292424,2627.7,maxram=16384/idle/n=660,15967,15322,645,7217,9167,16384,7258,0.00,0.00,38910
1781292426,2629.7,maxram=16384/idle/n=660,15967,15230,737,7217,9167,16384,7269,0.00,0.00,39546
1781292428,2631.8,maxram=16384/idle/n=660,15967,15276,691,7217,9167,16384,7284,0.00,0.00,39069
1781292430,2633.8,maxram=16384/idle/n=670,15967,15314,653,7217,9167,16384,7285,0.00,0.00,39562
1781292432,2635.8,maxram=16384/idle/n=670,15967,15325,642,7217,9167,16384,7290,0.00,0.00,39506
1781292434,2637.9,maxram=16384/idle/n=680,15967,15360,607,7217,9167,16384,7291,0.00,0.00,39530
1781292436,2639.9,maxram=16384/idle/n=680,15967,15360,607,7217,9167,16384,7292,0.00,0.00,39495
1781292438,2641.9,maxram=16384/idle/n=680,15967,15117,850,7217,9167,16384,7294,0.00,0.00,39108
1781292440,2644.0,maxram=16384/idle/n=680,15967,15100,866,7217,9167,16384,7293,0.00,0.00,38535
1781292442,2646.0,maxram=16384/idle/n=680,15967,15076,891,7217,9167,16384,7293,0.00,0.00,39268
1781292444,2648.1,maxram=16384/idle/n=680,15967,15076,891,7217,9167,16384,7294,0.00,0.00,39223
1781292446,2650.2,maxram=16384/idle/n=680,15967,15047,920,7217,9167,16384,7293,0.00,0.00,39240
1781292448,2652.2,maxram=16384/idle/n=680,15967,14741,1226,7217,9167,16384,7295,0.00,0.00,39241
1781292451,2654.3,maxram=16384/idle/n=680,15967,14710,1256,7217,9167,16384,7294,0.00,0.00,39517
1781292453,2656.3,maxram=16384/idle/n=680,15967,14680,1287,7217,9167,16384,7293,0.00,0.00,39522
1781292455,2658.4,maxram=16384/idle/n=680,15967,14348,1619,7217,9167,16384,7295,0.00,0.00,39515
1781292457,2660.4,maxram=16384/idle/n=680,15967,14323,1644,7217,9167,16384,7294,0.00,0.00,39522
1781292459,2662.4,maxram=16384/idle/n=680,15967,14290,1677,7217,9167,16384,7293,0.00,0.00,39053
1781292461,2664.5,maxram=16384/idle/n=680,15967,13966,2001,7217,9167,16384,7295,0.00,0.00,39550
1781292463,2666.5,maxram=16384/idle/n=680,15967,13937,2030,7217,9167,16384,7294,0.00,0.00,39560
1781292465,2668.6,maxram=16384/idle/n=680,15967,13916,2050,7217,9167,16384,7293,0.00,0.00,39550
1781292467,2670.6,maxram=16384/idle/n=680,15967,13907,2059,7217,9167,16384,7293,0.00,0.00,39560
1781292469,2672.7,maxram=16384/idle/n=680,15967,13902,2065,7217,9167,16384,7293,0.00,0.00,39550
1781292471,2674.8,maxram=16384/idle/n=680,15967,13559,2408,7217,9167,16384,7295,0.00,0.00,39536
1781292473,2676.9,maxram=16384/idle/n=680,15967,13562,2405,7217,9167,16384,7294,0.00,0.00,39538
1781292475,2678.9,maxram=16384/idle/n=680,15967,13549,2418,7217,9167,16384,7293,0.00,0.00,39544
1781292477,2680.9,maxram=16384/idle/n=680,15967,13546,2421,7217,9167,16384,7293,0.00,0.00,39494
1781292479,2683.0,maxram=16384/idle/n=680,15967,13207,2760,7217,9167,16384,7295,0.00,0.00,39526
1781292481,2685.0,maxram=16384/idle/n=680,15967,13180,2787,7217,9167,16384,7294,0.00,0.00,39247
1781292483,2687.0,maxram=16384/idle/n=680,15967,13141,2826,7217,9167,16384,7293,0.00,0.00,39449
1781292485,2689.1,maxram=16384/idle/n=680,15967,12797,3170,7217,9167,16384,7295,0.00,0.00,39413
1781292487,2691.1,maxram=16384/idle/n=680,15967,12765,3202,7217,9167,16384,7294,0.00,0.00,39391
1781292489,2693.2,maxram=16384/idle/n=680,15967,12773,3194,7217,9167,16384,7294,0.00,0.00,39573
1781292492,2695.5,maxram=16384/idle/n=680,15967,12768,3199,7217,9167,16384,7294,0.00,0.00,38671
1781292494,2697.7,maxram=16384/idle/n=680,15967,12772,3195,7217,9167,16384,7294,0.00,0.00,38948
1781292496,2699.7,maxram=16384/idle/n=680,15967,12743,3224,7217,9167,16384,7293,0.00,0.00,39461
1781292498,2701.7,maxram=16384/idle/n=680,15967,12469,3498,7217,9167,16384,7295,0.00,0.00,39457
1781292500,2703.8,maxram=16384/idle/n=680,15967,14637,1330,4785,11599,16384,7296,0.00,0.00,39504
1781292502,2705.8,maxram=16384/idle/n=680,15967,14838,1129,4785,11599,16384,7295,0.00,0.00,39512
1781292504,2707.8,maxram=16384/idle/n=680,15967,14827,1140,4785,11599,16384,7294,0.00,0.00,39505
1781292506,2709.9,maxram=16384/idle/n=680,15967,14453,1514,4785,11599,16384,7296,0.00,0.00,39503
1781292508,2711.9,maxram=16384/idle/n=680,15967,14453,1514,4785,11599,16384,7295,0.00,0.00,39484
1781292510,2713.9,maxram=16384/idle/n=680,15967,14440,1526,4785,11599,16384,7294,0.00,0.00,39460
1781292512,2716.0,maxram=16384/idle/n=680,15967,14153,1814,4785,11599,16384,7296,0.00,0.00,39485
1781292514,2718.0,maxram=16384/idle/n=680,15967,14155,1812,4785,11599,16384,7296,0.00,0.00,39475
1781292516,2720.1,maxram=16384/idle/n=680,15967,14165,1802,4785,11599,16384,7296,0.00,0.00,39476
1781292519,2722.3,maxram=16384/idle/n=680,15967,14147,1820,4785,11599,16384,7296,0.00,0.00,39231
1781292521,2724.4,maxram=16384/idle/n=680,15967,14140,1827,4785,11599,16384,7295,0.00,0.00,39497
1781292523,2726.4,maxram=16384/idle/n=680,15967,14117,1850,4785,11599,16384,7294,0.00,0.00,39484
1781292525,2728.4,maxram=16384/idle/n=680,15967,13868,2099,4785,11599,16384,7296,0.00,0.00,39468
1781292527,2730.5,maxram=16384/idle/n=680,15967,13841,2125,4785,11599,16384,7295,0.00,0.00,39432
1781292529,2732.5,maxram=16384/idle/n=680,15967,13820,2147,4785,11599,16384,7294,0.00,0.00,39466
1781292531,2734.5,maxram=16384/idle/n=680,15967,13548,2419,4785,11599,16384,7296,0.00,0.00,39466
1781292533,2736.6,maxram=16384/idle/n=680,15967,13537,2430,4785,11599,16384,7295,0.00,0.00,38916
1781292535,2738.6,maxram=16384/idle/n=680,15967,13526,2441,4785,11599,16384,7294,0.00,0.00,39519
1781292537,2740.6,maxram=16384/idle/n=680,15967,13259,2708,4785,11599,16384,7296,0.00,0.00,39154
1781292539,2743.1,maxram=16384/idle/n=680,15967,13251,2716,4785,11599,16384,7296,0.00,0.00,39475
1781292541,2745.2,maxram=16384/idle/n=680,15967,13261,2706,4785,11599,16384,7296,0.00,0.00,39182
1781292543,2747.2,maxram=16384/idle/n=680,15967,13249,2717,4785,11599,16384,7295,0.00,0.00,39506
1781292545,2749.2,maxram=16384/idle/n=680,15967,13006,2961,4785,11599,16384,7295,0.00,0.00,39486
1781292548,2751.3,maxram=16384/idle/n=680,15967,13002,2965,4785,11599,16384,7294,0.00,0.00,39483
1781292554,2757.5,maxram=16384/nginx,15967,711,15256,16384,0,16384,1329,0.00,0.00,41455
1781292556,2759.5,maxram=16384/nginx,15967,913,15054,16384,0,16384,1585,0.00,0.00,41972
1781292558,2761.5,maxram=16384/nginx,15967,1012,14955,16384,0,16384,1714,0.00,0.00,41880
1781292560,2763.6,maxram=16384/nginx/n=10,15967,1149,14818,16384,0,16384,1871,0.00,0.00,42156
1781292562,2765.6,maxram=16384/nginx/n=10,15967,1196,14771,16384,0,16384,1953,0.00,0.00,42095
1781292564,2767.7,maxram=16384/nginx/n=10,15967,1141,14826,16384,0,16384,2008,0.00,0.00,41584
1781292566,2769.7,maxram=16384/nginx/n=20,15967,1355,14612,16384,0,16384,2112,0.00,0.00,42138
1781292568,2772.0,maxram=16384/nginx/n=20,15967,1353,14613,16384,0,16384,2114,0.00,0.00,42120
1781292570,2774.0,maxram=16384/nginx/n=20,15967,1391,14576,16384,0,16384,2157,0.00,0.00,42050
1781292572,2776.1,maxram=16384/nginx/n=20,15967,1212,14755,16384,0,16384,2184,0.00,0.00,42018
1781292574,2778.1,maxram=16384/nginx/n=30,15967,1523,14444,16384,0,16384,2300,0.00,0.00,41903
1781292576,2780.1,maxram=16384/nginx/n=30,15967,1628,14339,16384,0,16384,2402,0.00,0.00,41796
1781292578,2782.2,maxram=16384/nginx/n=40,15967,1730,14237,16384,0,16384,2509,0.00,0.00,41708
1781292580,2784.2,maxram=16384/nginx/n=40,15967,1837,14130,16384,0,16384,2626,0.00,0.00,41657
1781292582,2786.3,maxram=16384/nginx/n=40,15967,1977,13990,16384,0,16384,2905,0.00,0.00,41518
1781292585,2788.3,maxram=16384/nginx/n=50,15967,2111,13856,16384,0,16384,3031,0.00,0.00,41422
1781292587,2790.3,maxram=16384/nginx/n=50,15967,2186,13781,16384,0,16384,3124,0.00,0.00,41370
1781292589,2792.4,maxram=16384/nginx/n=60,15967,2264,13703,16384,0,16384,3208,0.00,0.00,41315
1781292591,2794.4,maxram=16384/nginx/n=60,15967,2367,13600,16384,0,16384,3317,0.00,0.00,40765
1781292593,2796.4,maxram=16384/nginx/n=60,15967,2432,13535,16384,0,16384,3383,0.00,0.00,41418
1781292595,2798.7,maxram=16384/nginx/n=60,15967,2438,13529,16384,0,16384,3390,0.00,0.00,41376
1781292597,2800.9,maxram=16384/nginx/n=70,15967,6293,9673,3995,12389,16384,3431,0.00,0.00,41327
1781292599,2803.0,maxram=16384/nginx/n=70,15967,14947,1020,3995,12389,16384,3540,0.00,0.00,41227
1781292601,2805.0,maxram=16384/nginx/n=70,15967,15061,906,3995,12389,16384,3646,0.00,0.00,40878
1781292603,2807.0,maxram=16384/nginx/n=80,15967,15176,791,3995,12389,16384,3757,0.00,0.00,41193
1781292605,2809.1,maxram=16384/nginx/n=80,15967,15264,703,3995,12389,16384,3849,0.00,0.00,41079
1781292607,2811.1,maxram=16384/nginx/n=90,15967,15319,648,3995,12389,16384,3927,0.00,0.00,41018
1781292609,2813.2,maxram=16384/nginx/n=90,15967,15304,663,3995,12389,16384,3969,0.00,0.00,40959
1781292611,2815.2,maxram=16384/nginx/n=100,15967,15364,603,3995,12389,16384,3988,0.00,0.00,40413
1781292613,2817.2,maxram=16384/nginx/n=100,15967,14937,1030,4518,11866,16384,4055,0.00,0.00,40510
1781292615,2819.3,maxram=16384/nginx/n=100,15967,15047,919,4518,11866,16384,4158,0.00,0.00,40994
1781292618,2821.3,maxram=16384/nginx/n=110,15967,15131,836,4518,11866,16384,4245,0.00,0.00,40917
1781292620,2823.3,maxram=16384/nginx/n=110,15967,15269,698,4518,11866,16384,4382,0.00,0.00,40866
1781292622,2825.4,maxram=16384/nginx/n=110,15967,15286,681,4518,11866,16384,4416,0.00,0.00,40830
1781292624,2827.5,maxram=16384/nginx/n=110,15967,15301,666,4518,11866,16384,4444,0.00,0.00,40342
1781292626,2829.5,maxram=16384/nginx/n=120,15967,15347,620,4518,11866,16384,4498,0.00,0.00,40901
1781292628,2831.6,maxram=16384/nginx/n=120,15967,15367,600,4518,11866,16384,4540,0.00,0.00,40859
1781292630,2833.6,maxram=16384/nginx/n=130,15967,14968,999,5059,11325,16384,4633,0.00,0.00,40763
1781292632,2835.7,maxram=16384/nginx/n=130,15967,15080,887,5059,11325,16384,4744,0.00,0.00,40674
1781292634,2837.7,maxram=16384/nginx/n=130,15967,15188,779,5059,11325,16384,4840,0.00,0.00,40586
1781292636,2839.8,maxram=16384/nginx/n=140,15967,15262,705,5059,11325,16384,4924,0.00,0.00,40524
1781292638,2841.8,maxram=16384/nginx/n=140,15967,15345,622,5059,11325,16384,5017,0.00,0.00,40472
1781292640,2843.8,maxram=16384/nginx/n=150,15967,14887,1080,5585,10799,16384,5093,0.00,0.00,40437
1781292642,2845.9,maxram=16384/nginx/n=150,15967,14992,975,5585,10799,16384,5195,0.00,0.00,40375
1781292644,2847.9,maxram=16384/nginx/n=160,15967,15107,860,5585,10799,16384,5306,0.00,0.00,40330
1781292646,2849.9,maxram=16384/nginx/n=160,15967,15181,786,5585,10799,16384,5373,0.00,0.00,40295
1781292648,2851.9,maxram=16384/nginx/n=160,15967,15289,678,5585,10799,16384,5479,0.00,0.00,40236
1781292650,2854.2,maxram=16384/nginx/n=160,15967,15285,682,5585,10799,16384,5489,0.00,0.00,39719
1781292653,2856.3,maxram=16384/nginx/n=160,15967,15301,666,5585,10799,16384,5506,0.00,0.00,39750
1781292655,2858.4,maxram=16384/nginx/n=170,15967,14862,1105,6101,10283,16384,5591,0.00,0.00,39611
1781292657,2860.4,maxram=16384/nginx/n=170,15967,15000,967,6101,10283,16384,5694,0.00,0.00,40249
1781292659,2862.4,maxram=16384/nginx/n=180,15967,15053,914,6101,10283,16384,5758,0.00,0.00,40141
1781292661,2864.5,maxram=16384/nginx/n=180,15967,15169,797,6101,10283,16384,5891,0.00,0.00,39882
1781292663,2866.5,maxram=16384/nginx/n=180,15967,15197,770,6101,10283,16384,5966,0.00,0.00,40193
1781292665,2868.5,maxram=16384/nginx/n=190,15967,15280,687,6101,10283,16384,5995,0.00,0.00,40159
1781292667,2870.6,maxram=16384/nginx/n=190,15967,15354,613,6101,10283,16384,6073,0.00,0.00,40069
1781292669,2872.6,maxram=16384/nginx/n=200,15967,14882,1085,6618,9766,16384,6128,0.00,0.00,38964
1781292671,2874.6,maxram=16384/nginx/n=200,15967,15005,962,6618,9766,16384,6238,0.00,0.00,39243
1781292673,2876.7,maxram=16384/nginx/n=200,15967,15100,867,6618,9766,16384,6342,0.00,0.00,39924
1781292675,2878.7,maxram=16384/nginx/n=210,15967,15184,783,6618,9766,16384,6443,0.00,0.00,39818
1781292677,2880.7,maxram=16384/nginx/n=210,15967,15279,687,6618,9766,16384,6543,0.00,0.00,39730
1781292679,2882.8,maxram=16384/nginx/n=210,15967,15290,677,6618,9766,16384,6583,0.00,0.00,39680
1781292681,2885.1,maxram=16384/nginx/n=210,15967,15283,684,6618,9766,16384,6596,0.00,0.00,39659
1781292683,2887.2,maxram=16384/nginx/n=220,15967,15316,651,6618,9766,16384,6613,0.00,0.00,39647
1781292685,2889.2,maxram=16384/nginx/n=220,15967,15336,631,7172,9212,16384,6671,0.00,0.00,39587
1781292687,2891.2,maxram=16384/nginx/n=220,15967,14929,1038,7172,9212,16384,6734,0.36,0.36,39534
1781292690,2893.3,maxram=16384/nginx/n=230,15967,15029,938,7172,9212,16384,6827,0.29,0.29,39494
1781292692,2895.3,maxram=16384/nginx/n=230,15967,15113,854,7172,9212,16384,6912,0.24,0.24,39438
1781292694,2897.3,maxram=16384/nginx/n=230,15967,15190,777,7172,9212,16384,6987,0.19,0.19,39404
1781292696,2899.4,maxram=16384/nginx/n=240,15967,15264,702,7172,9212,16384,7084,0.16,0.16,38924
1781292698,2901.4,maxram=16384/nginx/n=240,15967,15316,651,7172,9212,16384,7160,0.13,0.13,39531
1781292700,2903.4,maxram=16384/nginx/n=250,15967,14869,1098,7692,8692,16384,7219,0.10,0.10,39582
1781292702,2905.5,maxram=16384/nginx/n=250,15967,14955,1012,7692,8692,16384,7307,0.08,0.08,39480
1781292704,2907.5,maxram=16384/nginx/n=250,15967,15060,907,7692,8692,16384,7404,0.07,0.07,39416
1781292706,2909.6,maxram=16384/nginx/n=260,15967,15109,857,7692,8692,16384,7494,0.05,0.05,39328
1781292708,2911.6,maxram=16384/nginx/n=260,15967,15210,757,7692,8692,16384,7562,0.04,0.04,39278
1781292710,2913.6,maxram=16384/nginx/n=260,15967,15299,668,7692,8692,16384,7658,0.03,0.03,39208
1781292712,2915.7,maxram=16384/nginx/n=260,15967,15291,676,7692,8692,16384,7684,0.03,0.03,39192
1781292714,2917.8,maxram=16384/nginx/n=260,15967,15284,683,7692,8692,16384,7695,0.02,0.02,39188
1781292716,2920.0,maxram=16384/nginx/n=270,15967,15304,663,7692,8692,16384,7718,0.02,0.02,39204
1781292718,2922.0,maxram=16384/nginx/n=270,15967,15357,610,7692,8692,16384,7750,0.01,0.01,39176
1781292720,2924.1,maxram=16384/nginx/n=270,15967,14958,1009,8217,8167,16384,7841,0.19,0.19,38960
1781292722,2926.1,maxram=16384/nginx/n=280,15967,15021,946,8217,8167,16384,7912,0.15,0.15,38968
1781292724,2928.1,maxram=16384/nginx/n=280,15967,15111,855,8217,8167,16384,7994,0.13,0.13,39256
1781292726,2930.2,maxram=16384/nginx/n=280,15967,15206,761,8217,8167,16384,8093,0.10,0.10,39202
1781292728,2932.2,maxram=16384/nginx/n=290,15967,15300,667,8217,8167,16384,8179,0.08,0.08,38986
1781292730,2934.2,maxram=16384/nginx/n=290,15967,15330,637,8217,8167,16384,8245,0.07,0.07,38666
1781292732,2936.3,maxram=16384/nginx/n=300,15967,15345,622,8217,8167,16384,8281,0.05,0.05,39454
1781292735,2938.3,maxram=16384/nginx/n=300,15967,14911,1055,8740,7644,16384,8308,0.77,0.77,39405
1781292737,2940.3,maxram=16384/nginx/n=300,15967,15017,950,8740,7644,16384,8398,0.63,0.63,39313
1781292739,2942.4,maxram=16384/nginx/n=310,15967,15108,859,8740,7644,16384,8488,0.51,0.51,39230
1781292741,2944.4,maxram=16384/nginx/n=310,15967,15227,739,8740,7644,16384,8592,0.42,0.42,38560
1781292743,2946.5,maxram=16384/nginx/n=310,15967,15243,724,8740,7644,16384,8627,0.34,0.34,38662
1781292745,2948.6,maxram=16384/nginx/n=310,15967,15210,757,8740,7644,16384,8648,0.46,0.46,38615
1781292747,2950.6,maxram=16384/nginx/n=320,15967,15293,674,8740,7644,16384,8724,0.38,0.38,38484
1781292749,2952.7,maxram=16384/nginx/n=320,15967,15342,625,8740,7644,16384,8783,0.31,0.31,39029
1781292751,2954.7,maxram=16384/nginx/n=320,15967,14871,1096,9298,7086,16384,8821,0.25,0.25,38703
1781292753,2956.8,maxram=16384/nginx/n=330,15967,14960,1007,9298,7086,16384,8907,0.57,0.57,38626
1781292755,2958.8,maxram=16384/nginx/n=330,15967,15062,905,9298,7086,16384,8994,0.46,0.46,38566
1781292757,2960.8,maxram=16384/nginx/n=340,15967,15122,845,9298,7086,16384,9104,0.38,0.38,38546
1781292759,2962.9,maxram=16384/nginx/n=340,15967,15231,736,9298,7086,16384,9171,0.31,0.31,38136
1781292761,2964.9,maxram=16384/nginx/n=340,15967,15302,665,9298,7086,16384,9277,0.25,0.25,38722
1781292763,2966.9,maxram=16384/nginx/n=350,15967,15325,642,9298,7086,16384,9337,0.20,0.20,38654
1781292765,2969.0,maxram=16384/nginx/n=350,15967,14901,1066,9832,6552,16384,9391,0.17,0.17,38586
1781292767,2971.0,maxram=16384/nginx/n=360,15967,14996,971,9832,6552,16384,9498,0.14,0.14,38493
1781292769,2973.0,maxram=16384/nginx/n=360,15967,15082,884,9832,6552,16384,9570,0.11,0.11,38430
1781292771,2975.1,maxram=16384/nginx/n=360,15967,15171,796,9832,6552,16384,9664,0.09,0.09,38373
1781292773,2977.1,maxram=16384/nginx/n=360,15967,15180,787,9832,6552,16384,9684,0.07,0.07,38372
1781292776,2979.5,maxram=16384/nginx/n=360,15967,15203,764,9832,6552,16384,9741,0.05,0.05,38375
1781292778,2981.5,maxram=16384/nginx/n=370,15967,15274,693,9832,6552,16384,9822,0.04,0.04,38303
1781292780,2983.6,maxram=16384/nginx/n=370,15967,15324,642,9832,6552,16384,9889,0.03,0.03,37977
1781292782,2985.6,maxram=16384/nginx/n=380,15967,14904,1063,10345,6039,16384,9954,0.20,0.20,37922
1781292784,2987.7,maxram=16384/nginx/n=380,15967,15038,929,10345,6039,16384,10068,0.17,0.17,38152
1781292786,2989.7,maxram=16384/nginx/n=380,15967,15117,850,10345,6039,16384,10153,0.13,0.13,38046
1781292788,2991.7,maxram=16384/nginx/n=390,15967,15198,769,10345,6039,16384,10241,0.11,0.11,37610
1781292790,2993.8,maxram=16384/nginx/n=390,15967,15292,675,10345,6039,16384,10337,0.09,0.09,37487
1781292792,2995.8,maxram=16384/nginx/n=400,15967,15304,663,10345,6039,16384,10374,0.07,0.07,38493
1781292794,2997.8,maxram=16384/nginx/n=400,15967,14885,1082,10916,5468,16384,10423,0.24,0.24,38395
1781292796,2999.9,maxram=16384/nginx/n=400,15967,15019,948,10916,5468,16384,10522,0.19,0.19,38296
1781292798,3001.9,maxram=16384/nginx/n=410,15967,15091,876,10916,5468,16384,10598,0.16,0.16,38227
1781292800,3003.9,maxram=16384/nginx/n=410,15967,15181,786,10916,5468,16384,10676,0.13,0.13,38181
1781292802,3006.2,maxram=16384/nginx/n=410,15967,15176,791,10916,5468,16384,10689,0.10,0.10,38137
1781292805,3008.5,maxram=16384/nginx/n=410,15967,15223,744,10916,5468,16384,10744,0.08,0.08,37514
1781292807,3010.5,maxram=16384/nginx/n=420,15967,15276,691,10916,5468,16384,10830,0.07,0.07,38219
1781292809,3012.5,maxram=16384/nginx/n=420,15967,15272,695,10916,5468,16384,10916,0.05,0.05,38075
1781292811,3014.6,maxram=16384/nginx/n=420,15967,15332,635,10916,5468,16384,10975,0.04,0.04,38030
1781292813,3016.6,maxram=16384/nginx/n=430,15967,15382,585,10916,5468,16384,10984,0.03,0.03,38051
1781292815,3018.6,maxram=16384/nginx/n=430,15967,14966,1001,11479,4905,16384,11070,0.75,0.75,37970
1781292817,3020.7,maxram=16384/nginx/n=440,15967,15037,930,11479,4905,16384,11191,0.62,0.62,37889
1781292819,3022.7,maxram=16384/nginx/n=440,15967,15127,840,11479,4905,16384,11234,0.50,0.50,37869
1781292821,3024.7,maxram=16384/nginx/n=440,15967,15216,751,11479,4905,16384,11333,0.41,0.41,37862
1781292823,3026.8,maxram=16384/nginx/n=450,15967,15280,687,11479,4905,16384,11423,0.33,0.33,37842
1781292825,3028.8,maxram=16384/nginx/n=450,15967,15310,657,11479,4905,16384,11507,0.27,0.27,37845
1781292827,3030.8,maxram=16384/nginx/n=460,15967,15425,542,11479,4905,16384,11549,0.22,0.22,37851
1781292829,3032.9,maxram=16384/nginx/n=460,15967,14959,1008,12006,4378,16384,11616,0.54,0.54,37839
1781292831,3034.9,maxram=16384/nginx/n=460,15967,15048,919,12006,4378,16384,11704,0.44,0.44,37829
1781292833,3037.2,maxram=16384/nginx/n=460,15967,15037,930,12006,4378,16384,11715,0.36,0.36,37856
1781292836,3039.3,maxram=16384/nginx/n=460,15967,15085,882,12006,4378,16384,11762,0.24,0.24,37471
1781292838,3041.3,maxram=16384/nginx/n=470,15967,15143,824,12006,4378,16384,11856,0.20,0.20,38042
1781292840,3043.3,maxram=16384/nginx/n=470,15967,15246,721,12006,4378,16384,11985,0.16,0.16,37652
1781292842,3045.4,maxram=16384/nginx/n=480,15967,15285,682,12006,4378,16384,12044,0.13,0.13,37578
1781292844,3047.4,maxram=16384/nginx/n=480,15967,15351,615,12006,4378,16384,12078,0.83,0.83,37907
1781292846,3049.5,maxram=16384/nginx/n=480,15967,14928,1039,12564,3820,16384,12142,1.04,1.04,37833
1781292848,3051.5,maxram=16384/nginx/n=490,15967,15007,959,12564,3820,16384,12219,0.85,0.85,37751
1781292850,3053.5,maxram=16384/nginx/n=490,15967,15089,878,12564,3820,16384,12311,0.70,0.70,37660
1781292852,3055.6,maxram=16384/nginx/n=490,15967,15172,794,12564,3820,16384,12410,0.57,0.57,36842
1781292854,3057.6,maxram=16384/nginx/n=500,15967,15260,707,12564,3820,16384,12479,0.46,0.46,37889
1781292856,3059.6,maxram=16384/nginx/n=500,15967,15299,667,12564,3820,16384,12565,0.38,0.38,37805
1781292858,3061.7,maxram=16384/nginx/n=510,15967,15320,647,12564,3820,16384,12620,0.31,0.31,37493
1781292860,3063.7,maxram=16384/nginx/n=510,15967,14864,1103,13108,3276,16384,12655,0.62,0.62,37790
1781292862,3065.8,maxram=16384/nginx/n=510,15967,14993,974,13108,3276,16384,12769,0.50,0.50,37674
1781292864,3068.0,maxram=16384/nginx/n=510,15967,14991,976,13108,3276,16384,12783,0.41,0.41,37650
1781292866,3070.1,maxram=16384/nginx/n=520,15967,15027,940,13108,3276,16384,12813,0.33,0.33,37169
1781292868,3072.2,maxram=16384/nginx/n=520,15967,15116,851,13108,3276,16384,12891,0.27,0.27,37692
1781292870,3074.2,maxram=16384/nginx/n=520,15967,15202,765,13108,3276,16384,12999,0.22,0.22,37580
1781292872,3076.2,maxram=16384/nginx/n=530,15967,15230,737,13108,3276,16384,13089,0.18,0.18,37503
1781292874,3078.3,maxram=16384/nginx/n=530,15967,15306,661,13108,3276,16384,13173,0.15,0.15,37449
1781292877,3080.3,maxram=16384/nginx/n=530,15967,14868,1099,13630,2754,16384,13186,1.21,1.21,37431
1781292879,3082.3,maxram=16384/nginx/n=540,15967,14950,1017,13630,2754,16384,13264,1.17,1.17,37375
1781292881,3084.4,maxram=16384/nginx/n=540,15967,15066,901,13630,2754,16384,13371,0.95,0.95,37337
1781292883,3086.4,maxram=16384/nginx/n=550,15967,15152,815,13630,2754,16384,13462,0.78,0.78,37323
1781292885,3088.4,maxram=16384/nginx/n=550,15967,15206,761,13630,2754,16384,13523,0.64,0.64,37305
1781292887,3090.5,maxram=16384/nginx/n=550,15967,15286,681,13630,2754,16384,13608,0.52,0.52,37188
1781292889,3092.5,maxram=16384/nginx/n=560,15967,15311,656,13630,2754,16384,13662,0.43,0.43,37151
1781292891,3094.5,maxram=16384/nginx/n=560,15967,14870,1097,14166,2218,16384,13710,0.35,0.35,37106
1781292893,3096.6,maxram=16384/nginx/n=560,15967,14892,1075,14166,2218,16384,13736,1.19,1.19,37103
1781292895,3098.8,maxram=16384/nginx/n=560,15967,14969,998,14166,2218,16384,13796,1.70,1.70,37090
1781292897,3100.8,maxram=16384/nginx/n=560,15967,15021,946,14166,2218,16384,13886,5.38,5.01,36755
1781292899,3102.8,maxram=16384/nginx/n=570,15967,15069,898,14166,2218,16384,13924,4.40,4.10,37335
1781292901,3104.9,maxram=16384/nginx/n=570,15967,15178,789,14166,2218,16384,14033,3.60,3.36,36985
1781292903,3106.9,maxram=16384/nginx/n=580,15967,15227,739,14166,2218,16384,14139,2.95,2.75,37299
1781292905,3108.9,maxram=16384/nginx/n=580,15967,15301,666,14166,2218,16384,14206,2.41,2.25,37420
1781292907,3111.0,maxram=16384/nginx/n=580,15967,15349,618,14166,2218,16384,14244,1.97,1.84,37363
1781292909,3113.0,maxram=16384/nginx/n=590,15967,14886,1081,14703,1681,16384,14266,2.70,2.59,37342
1781292911,3115.0,maxram=16384/nginx/n=590,15967,14993,974,14703,1681,16384,14361,3.30,3.21,36534
1781292913,3117.1,maxram=16384/nginx/n=590,15967,15083,884,14703,1681,16384,14449,2.70,2.63,36614
1781292915,3119.1,maxram=16384/nginx/n=600,15967,15146,821,14703,1681,16384,14517,2.21,2.15,37168
1781292917,3121.2,maxram=16384/nginx/n=600,15967,15224,743,14703,1681,16384,14599,1.81,1.76,37085
1781292919,3123.2,maxram=16384/nginx/n=610,15967,15287,679,14703,1681,16384,14704,1.48,1.44,36998
1781292921,3125.2,maxram=16384/nginx/n=610,15967,15337,629,14703,1681,16384,14762,1.21,1.18,36948
1781292924,3127.4,maxram=16384/nginx/n=610,15967,15335,632,14703,1681,16384,14764,0.99,0.96,36927
1781292926,3129.5,maxram=16384/nginx/n=610,15967,15345,621,14703,1681,16384,14773,0.66,0.64,36967
1781292928,3131.5,maxram=16384/nginx/n=610,15967,14881,1086,15226,1158,16384,14803,0.72,0.71,37218
1781292930,3133.6,maxram=16384/nginx/n=610,15967,14977,990,15226,1158,16384,14894,0.59,0.58,37136
1781292932,3135.6,maxram=16384/nginx/n=620,15967,15027,940,15226,1158,16384,14947,0.48,0.47,37102
1781292934,3137.6,maxram=16384/nginx/n=620,15967,15100,867,15226,1158,16384,15008,0.39,0.39,37046
1781292936,3139.7,maxram=16384/nginx/n=620,15967,15181,786,15226,1158,16384,15096,0.32,0.31,36950
1781292938,3141.7,maxram=16384/nginx/n=630,15967,15242,725,15226,1158,16384,15171,0.26,0.26,36870
1781292940,3143.7,maxram=16384/nginx/n=630,15967,15268,699,15226,1158,16384,15256,0.21,0.21,36036
1781292942,3145.8,maxram=16384/nginx/n=630,15967,15356,611,15226,1158,16384,15304,0.54,0.53,37175
1781292944,3147.8,maxram=16384/nginx/n=640,15967,15409,557,15226,1158,16384,15309,2.25,2.25,37092
1781292946,3149.8,maxram=16384/nginx/n=640,15967,14928,1039,15762,622,16384,15366,2.75,2.75,37046
1781292948,3151.9,maxram=16384/nginx/n=640,15967,15006,961,15762,622,16384,15450,2.97,2.97,36947
1781292950,3153.9,maxram=16384/nginx/n=650,15967,15054,913,15762,622,16384,15514,2.43,2.43,36895
1781292952,3155.9,maxram=16384/nginx/n=650,15967,15140,827,15762,622,16384,15604,1.99,1.99,36827
1781292954,3158.0,maxram=16384/nginx/n=650,15967,15225,742,15762,622,16384,15671,1.63,1.63,37030
1781292956,3160.0,maxram=16384/nginx/n=660,15967,15242,725,15762,622,16384,15747,1.33,1.33,37046
1781292958,3162.1,maxram=16384/nginx/n=660,15967,15243,724,15762,622,16384,15779,1.09,1.09,37010
1781292960,3164.2,maxram=16384/nginx/n=660,15967,15241,726,15762,622,16384,15802,4.33,4.33,36692
1781292962,3166.2,maxram=16384/nginx/n=660,15967,15371,596,15762,622,16384,15838,6.45,6.08,36668
1781292964,3168.2,maxram=16384/nginx/n=660,15967,14981,986,16293,91,16384,15892,5.28,4.98,36396
1781292967,3170.3,maxram=16384/nginx/n=660,15967,14894,1073,16293,91,16384,15934,4.32,4.08,36491
1781292969,3172.3,maxram=16384/nginx/n=660,15967,14417,1549,16293,91,16384,15945,3.54,3.34,36749
1781292971,3174.3,maxram=16384/nginx/n=660,15967,14402,1565,16293,91,16384,15944,2.89,2.73,35966
1781292973,3176.4,maxram=16384/nginx/n=660,15967,13545,2422,16293,91,16384,15947,2.37,2.24,36752
1781292975,3178.4,maxram=16384/nginx/n=660,15967,13466,2501,16293,91,16384,15946,1.94,1.83,36152
1781292977,3180.4,maxram=16384/nginx/n=660,15967,13418,2549,16293,91,16384,15946,1.59,1.50,36745
1781292979,3182.5,maxram=16384/nginx/n=660,15967,12488,3479,16293,91,16384,15947,1.30,1.22,36663
1781292981,3184.5,maxram=16384/nginx/n=660,15967,12452,3515,16293,91,16384,15947,1.06,1.00,36557
1781292983,3186.5,maxram=16384/nginx/n=660,15967,12481,3486,16293,91,16384,15947,0.87,0.82,36556
1781292985,3188.6,maxram=16384/nginx/n=660,15967,12463,3504,16293,91,16384,15947,0.71,0.67,36965
1781292987,3190.7,maxram=16384/nginx/n=660,15967,11989,3978,16293,91,16384,15948,0.58,0.55,36877
1781292989,3192.7,maxram=16384/nginx/n=660,15967,11488,4479,16293,91,16384,15947,0.47,0.45,36832
1781292991,3194.8,maxram=16384/nginx/n=660,15967,11470,4497,16293,91,16384,15946,0.39,0.36,36823
1781292993,3196.8,maxram=16384/nginx/n=660,15967,11455,4512,16293,91,16384,15945,0.32,0.30,36824
1781292995,3198.8,maxram=16384/nginx/n=660,15967,10541,5426,16293,91,16384,15948,0.26,0.24,36744
1781292997,3200.9,maxram=16384/nginx/n=660,15967,10471,5496,16293,91,16384,15947,0.21,0.20,36674
1781292999,3202.9,maxram=16384/nginx/n=660,15967,10451,5516,16293,91,16384,15947,0.17,0.16,36689
1781293001,3204.9,maxram=16384/nginx/n=660,15967,9517,6449,16293,91,16384,15949,0.14,0.13,36836
1781293003,3207.0,maxram=16384/nginx/n=660,15967,9484,6483,16293,91,16384,15948,0.11,0.11,36912
1781293005,3209.0,maxram=16384/nginx/n=660,15967,9490,6477,16293,91,16384,15948,0.09,0.09,36911
1781293008,3211.3,maxram=16384/nginx/n=660,15967,9475,6492,16293,91,16384,15947,0.07,0.07,36911
1781293010,3213.4,maxram=16384/nginx/n=660,15967,8520,7447,16293,91,16384,15948,0.06,0.06,36659
1781293012,3215.4,maxram=16384/nginx/n=660,15967,8511,7455,16293,91,16384,15947,0.05,0.04,36643
1781293014,3217.4,maxram=16384/nginx/n=660,15967,8483,7483,16293,91,16384,15944,0.04,0.03,36656
1781293016,3219.5,maxram=16384/nginx/n=660,15967,8560,7407,9888,6496,16384,15947,0.03,0.03,36568
1781293018,3221.5,maxram=16384/nginx/n=660,15967,13933,2034,9888,6496,16384,15947,0.02,0.02,36557
1781293020,3223.5,maxram=16384/nginx/n=660,15967,13878,2089,9888,6496,16384,15946,0.02,0.02,36303
1781293022,3225.6,maxram=16384/nginx/n=660,15967,12933,3034,9888,6496,16384,15948,0.01,0.01,36267
1781293024,3227.6,maxram=16384/nginx/n=660,15967,12919,3048,9888,6496,16384,15947,0.01,0.01,36632
1781293026,3229.9,maxram=16384/nginx/n=660,15967,12924,3043,9888,6496,16384,15947,0.00,0.00,36615
1781293028,3231.9,maxram=16384/nginx/n=660,15967,12909,3058,9888,6496,16384,15947,0.00,0.00,36619
1781293030,3233.9,maxram=16384/nginx/n=660,15967,12888,3079,9888,6496,16384,15946,0.00,0.00,36145
1781293032,3236.0,maxram=16384/nginx/n=660,15967,11914,4053,9888,6496,16384,15948,0.00,0.00,36642
1781293034,3238.0,maxram=16384/nginx/n=660,15967,11876,4091,9888,6496,16384,15947,0.00,0.00,36617
1781293036,3240.0,maxram=16384/nginx/n=660,15967,11873,4094,9888,6496,16384,15946,0.00,0.00,36620
1781293038,3242.1,maxram=16384/nginx/n=660,15967,10924,5043,9888,6496,16384,15948,0.00,0.00,36597
1781293040,3244.1,maxram=16384/nginx/n=660,15967,10907,5060,9888,6496,16384,15947,0.00,0.00,36588
1781293042,3246.2,maxram=16384/nginx/n=660,15967,10884,5083,9888,6496,16384,15946,0.00,0.00,36572
1781293044,3248.2,maxram=16384/nginx/n=660,15967,9919,6048,9888,6496,16384,15946,0.00,0.00,36492
1781293046,3250.2,maxram=16384/nginx/n=660,15967,9910,6057,9888,6496,16384,15947,0.00,0.00,36487
1781293049,3252.4,maxram=16384/nginx/n=660,15967,9904,6063,9888,6496,16384,15947,0.00,0.00,36418
1781293051,3254.5,maxram=16384/nginx/n=660,15967,9887,6080,9888,6496,16384,15947,0.00,0.00,35811
1781293053,3256.5,maxram=16384/nginx/n=660,15967,9873,6094,9888,6496,16384,15945,0.00,0.00,36519
1781293055,3258.6,maxram=16384/nginx/n=660,15967,8909,7058,9888,6496,16384,15947,0.00,0.00,36425
1781293057,3260.6,maxram=16384/nginx/n=660,15967,8896,7071,9888,6496,16384,15947,0.00,0.00,36253
1781293059,3262.6,maxram=16384/nginx/n=660,15967,8886,7081,9888,6496,16384,15946,0.00,0.00,36251
1781293061,3264.7,maxram=16384/nginx/n=660,15967,8489,7478,9888,6496,16384,15946,0.00,0.00,35702
1781293065,3268.7,maxram=16384/hog:256,15967,560,15407,16384,0,16384,1142,0.00,0.00,46292
1781293067,3270.8,maxram=16384/hog:256,15967,709,15258,16384,0,16384,1351,0.00,0.00,46066
1781293069,3272.8,maxram=16384/hog:256,15967,845,15122,16384,0,16384,1516,0.00,0.00,45900
1781293071,3274.8,maxram=16384/hog:256,15967,1915,14052,16384,0,16384,2604,0.00,0.00,45094
1781293073,3277.0,maxram=16384/hog:256,15967,1943,14024,16384,0,16384,2651,0.00,0.00,45041
1781293076,3279.3,maxram=16384/hog:256,15967,2303,13663,16384,0,16384,3047,0.00,0.00,43667
1781293078,3281.3,maxram=16384/hog:256,15967,3412,12555,16384,0,16384,4278,0.00,0.00,43064
1781293080,3283.4,maxram=16384/hog:256/n=10,15967,4126,11841,16384,0,16384,5001,0.00,0.00,41972
1781293082,3285.4,maxram=16384/hog:256/n=10,15967,5417,10550,16384,0,16384,6287,0.00,0.00,40511
1781293084,3287.4,maxram=16384/hog:256/n=20,15967,6472,9495,16384,0,16384,7346,0.00,0.00,39857
1781293086,3289.5,maxram=16384/hog:256/n=20,15967,7311,8656,16384,0,16384,8195,0.00,0.00,38988
1781293088,3291.5,maxram=16384/hog:256/n=30,15967,8843,7124,16384,0,16384,9731,0.00,0.00,37801
1781293090,3293.6,maxram=16384/hog:256/n=30,15967,9915,6052,16384,0,16384,10798,0.00,0.00,37234
1781293092,3295.6,maxram=16384/hog:256/n=30,15967,10739,5228,16384,0,16384,11636,0.00,0.00,36276
1781293094,3297.6,maxram=16384/hog:256/n=40,15967,12065,3902,16384,0,16384,12958,0.00,0.00,36362
1781293096,3299.7,maxram=16384/hog:256/n=40,15967,13143,2824,16384,0,16384,14047,0.00,0.00,35807
1781293098,3301.9,maxram=16384/hog:256/n=40,15967,12840,3126,16384,0,16384,14048,0.00,0.00,35758
1781293100,3304.0,maxram=16384/hog:256/n=40,15967,13241,2726,16384,0,16384,14165,0.00,0.00,35676
1781293102,3306.1,maxram=16384/hog:256/n=50,15967,14377,1590,16384,0,16384,15293,0.00,0.00,35151
1781293104,3308.1,maxram=16384/hog:256/n=50,15967,15450,517,16384,0,16384,16307,0.00,0.00,34737
1781293106,3310.2,maxram=16384/hog:256/n=50,15967,15922,45,16384,0,16384,16392,0.54,0.54,34796
1781293110,3313.5,maxram=16384/hog:256/n=50,15967,15955,12,16384,0,16384,16392,20.13,19.98,34769
1781293114,3317.6,maxram=32768/idle,32039,665,31374,32768,0,32768,1384,0.00,0.00,41903
1781293116,3319.6,maxram=32768/idle,32039,746,31293,32768,0,32768,1604,0.00,0.00,41766
1781293118,3321.7,maxram=32768/idle,32039,845,31194,32768,0,32768,1695,0.00,0.00,41665
1781293120,3323.7,maxram=32768/idle,32039,682,31357,32768,0,32768,1870,0.00,0.00,41591
1781293122,3325.8,maxram=32768/idle,32039,977,31062,32768,0,32768,2013,0.00,0.00,41489
1781293124,3327.9,maxram=32768/idle,32039,1108,30931,32768,0,32768,2190,0.00,0.00,41784
1781293126,3329.9,maxram=32768/idle,32039,1090,30948,32768,0,32768,2238,0.00,0.00,41746
1781293128,3331.9,maxram=32768/idle,32039,801,31238,32768,0,32768,2244,0.00,0.00,41893
1781293130,3334.0,maxram=32768/idle,32039,1057,30982,32768,0,32768,2260,0.00,0.00,41850
1781293132,3336.0,maxram=32768/idle,32039,1121,30917,32768,0,32768,2267,0.00,0.00,41837
1781293134,3338.3,maxram=32768/idle,32039,804,31235,32768,0,32768,2269,0.00,0.00,41827
1781293137,3340.3,maxram=32768/idle/n=10,32039,1038,31001,32768,0,32768,2276,0.00,0.00,41827
1781293139,3342.3,maxram=32768/idle/n=10,32039,1148,30891,32768,0,32768,2284,0.00,0.00,41803
1781293141,3344.4,maxram=32768/idle/n=20,32039,1195,30844,32768,0,32768,2320,0.00,0.00,41489
1781293143,3346.4,maxram=32768/idle/n=20,32039,1311,30728,32768,0,32768,2440,0.00,0.00,41710
1781293145,3348.5,maxram=32768/idle/n=20,32039,1364,30675,32768,0,32768,2490,0.00,0.00,41655
1781293147,3350.5,maxram=32768/idle/n=30,32039,1421,30618,32768,0,32768,2540,0.00,0.00,41572
1781293149,3352.5,maxram=32768/idle/n=30,32039,1438,30601,32768,0,32768,2567,0.00,0.00,41691
1781293151,3354.6,maxram=32768/idle/n=40,32039,1472,30567,32768,0,32768,2603,0.00,0.00,40634
1781293153,3356.6,maxram=32768/idle/n=40,32039,1513,30526,32768,0,32768,2640,0.00,0.00,41627
1781293155,3358.6,maxram=32768/idle/n=40,32039,1539,30499,32768,0,32768,2673,0.00,0.00,41559
1781293157,3360.7,maxram=32768/idle/n=50,32039,1596,30442,32768,0,32768,2726,0.00,0.00,41501
1781293159,3362.7,maxram=32768/idle/n=50,32039,17800,14239,3653,29115,32768,2753,0.00,0.00,41410
1781293161,3365.0,maxram=32768/idle/n=50,32039,30701,1338,3653,29115,32768,2754,0.00,0.00,41440
1781293163,3367.1,maxram=32768/idle/n=50,32039,30699,1340,3653,29115,32768,2767,0.00,0.00,41505
1781293165,3369.1,maxram=32768/idle/n=60,32039,30715,1324,3653,29115,32768,2774,0.00,0.00,41051
1781293167,3371.2,maxram=32768/idle/n=60,32039,30779,1260,3653,29115,32768,2834,0.00,0.00,41012
1781293169,3373.2,maxram=32768/idle/n=60,32039,30836,1203,3653,29115,32768,2884,0.00,0.00,40893
1781293171,3375.2,maxram=32768/idle/n=70,32039,30870,1169,3653,29115,32768,2908,0.00,0.00,40872
1781293174,3377.3,maxram=32768/idle/n=70,32039,30910,1129,3653,29115,32768,2950,0.00,0.00,40834
1781293176,3379.3,maxram=32768/idle/n=70,32039,30935,1104,3653,29115,32768,2989,0.00,0.00,40422
1781293178,3381.3,maxram=32768/idle/n=80,32039,30958,1080,3653,29115,32768,3016,0.00,0.00,40027
1781293180,3383.4,maxram=32768/idle/n=80,32039,31003,1036,3653,29115,32768,3047,0.00,0.00,40433
1781293182,3385.4,maxram=32768/idle/n=80,32039,31054,985,3653,29115,32768,3101,0.00,0.00,41323
1781293184,3387.5,maxram=32768/idle/n=90,32039,31082,957,3653,29115,32768,3140,0.00,0.00,41252
1781293186,3389.5,maxram=32768/idle/n=90,32039,31127,912,3653,29115,32768,3178,0.00,0.00,41119
1781293188,3391.6,maxram=32768/idle/n=100,32039,31149,889,3653,29115,32768,3206,0.00,0.00,41114
1781293190,3393.6,maxram=32768/idle/n=100,32039,31179,860,3653,29115,32768,3236,0.00,0.00,40510
1781293192,3395.9,maxram=32768/idle/n=100,32039,31165,874,3653,29115,32768,3237,0.00,0.00,41172
1781293194,3398.1,maxram=32768/idle/n=100,32039,31171,868,3653,29115,32768,3242,0.00,0.00,41032
1781293196,3400.1,maxram=32768/idle/n=100,32039,31203,836,3653,29115,32768,3270,0.00,0.00,40986
1781293198,3402.1,maxram=32768/idle/n=110,32039,31220,819,3653,29115,32768,3293,0.00,0.00,40940
1781293200,3404.2,maxram=32768/idle/n=110,32039,30735,1304,4175,28593,32768,3343,0.00,0.00,40567
1781293202,3406.2,maxram=32768/idle/n=110,32039,30772,1267,4175,28593,32768,3373,0.00,0.00,40589
1781293204,3408.3,maxram=32768/idle/n=120,32039,30793,1246,4175,28593,32768,3394,0.00,0.00,40898
1781293207,3410.3,maxram=32768/idle/n=120,32039,30839,1200,4175,28593,32768,3428,0.00,0.00,40869
1781293209,3412.3,maxram=32768/idle/n=120,32039,30856,1183,4175,28593,32768,3459,0.00,0.00,40866
1781293211,3414.4,maxram=32768/idle/n=130,32039,30891,1147,4175,28593,32768,3495,0.00,0.00,40171
1781293213,3416.4,maxram=32768/idle/n=130,32039,30932,1107,4175,28593,32768,3533,0.00,0.00,40350
1781293215,3418.4,maxram=32768/idle/n=140,32039,30968,1070,4175,28593,32768,3566,0.00,0.00,40868
1781293217,3420.5,maxram=32768/idle/n=140,32039,31015,1024,4175,28593,32768,3612,0.00,0.00,40819
1781293219,3422.5,maxram=32768/idle/n=150,32039,31052,987,4175,28593,32768,3648,0.00,0.00,40789
1781293221,3424.6,maxram=32768/idle/n=150,32039,31076,963,4175,28593,32768,3681,0.00,0.00,40843
1781293223,3426.7,maxram=32768/idle/n=150,32039,31080,959,4175,28593,32768,3689,0.00,0.00,40228
1781293225,3428.8,maxram=32768/idle/n=150,32039,31078,960,4175,28593,32768,3697,0.00,0.00,40232
1781293227,3430.8,maxram=32768/idle/n=150,32039,31098,941,4175,28593,32768,3717,0.00,0.00,40801
1781293229,3432.8,maxram=32768/idle/n=160,32039,31153,886,4175,28593,32768,3751,0.00,0.00,40745
1781293231,3434.9,maxram=32768/idle/n=160,32039,31197,842,4175,28593,32768,3804,0.00,0.00,40705
1781293233,3436.9,maxram=32768/idle/n=170,32039,31218,821,4175,28593,32768,3845,0.00,0.00,40676
1781293235,3438.9,maxram=32768/idle/n=170,32039,30750,1289,4692,28076,32768,3876,0.00,0.00,40634
1781293237,3441.0,maxram=32768/idle/n=180,32039,30800,1239,4692,28076,32768,3936,0.00,0.00,40574
1781293239,3443.0,maxram=32768/idle/n=180,32039,30804,1235,4692,28076,32768,3963,0.00,0.00,40540
1781293241,3445.0,maxram=32768/idle/n=180,32039,30833,1206,4692,28076,32768,3981,0.00,0.00,40671
1781293243,3447.1,maxram=32768/idle/n=190,32039,30874,1165,4692,28076,32768,4019,0.00,0.00,40628
1781293245,3449.1,maxram=32768/idle/n=190,32039,30941,1098,4692,28076,32768,4076,0.00,0.00,40569
1781293247,3451.2,maxram=32768/idle/n=200,32039,30972,1067,4692,28076,32768,4121,0.00,0.00,40492
1781293249,3453.2,maxram=32768/idle/n=200,32039,31008,1031,4692,28076,32768,4155,0.00,0.00,40451
1781293252,3455.3,maxram=32768/idle/n=200,32039,31011,1028,4692,28076,32768,4158,0.00,0.00,40417
1781293254,3457.4,maxram=32768/idle/n=200,32039,31012,1027,4692,28076,32768,4172,0.00,0.00,40406
1781293256,3459.4,maxram=32768/idle/n=210,32039,31046,993,4692,28076,32768,4201,0.00,0.00,40395
1781293258,3461.4,maxram=32768/idle/n=210,32039,31072,967,4692,28076,32768,4232,0.00,0.00,39863
1781293260,3463.5,maxram=32768/idle/n=210,32039,31097,942,4692,28076,32768,4260,0.00,0.00,40256
1781293262,3465.5,maxram=32768/idle/n=220,32039,31145,893,4692,28076,32768,4297,0.00,0.00,40226
1781293264,3467.5,maxram=32768/idle/n=220,32039,31186,853,4692,28076,32768,4337,0.00,0.00,40545
1781293266,3469.6,maxram=32768/idle/n=230,32039,31197,841,4692,28076,32768,4368,0.00,0.00,40510
1781293268,3471.6,maxram=32768/idle/n=230,32039,31235,804,4692,28076,32768,4405,0.00,0.00,40471
1781293270,3473.7,maxram=32768/idle/n=230,32039,30762,1277,5213,27555,32768,4425,0.00,0.00,40440
1781293272,3475.7,maxram=32768/idle/n=240,32039,30776,1263,5213,27555,32768,4472,0.00,0.00,39415
1781293274,3477.7,maxram=32768/idle/n=240,32039,30818,1221,5213,27555,32768,4507,0.00,0.00,40006
1781293276,3479.8,maxram=32768/idle/n=240,32039,30831,1208,5213,27555,32768,4538,0.00,0.00,40444
1781293278,3482.0,maxram=32768/idle/n=240,32039,30830,1209,5213,27555,32768,4545,0.00,0.00,40431
1781293281,3484.4,maxram=32768/idle/n=250,32039,30823,1216,5213,27555,32768,4564,0.00,0.00,39871
1781293283,3486.5,maxram=32768/idle/n=250,32039,30843,1196,5213,27555,32768,4599,0.00,0.00,40426
1781293285,3488.5,maxram=32768/idle/n=260,32039,30883,1156,5213,27555,32768,4625,0.00,0.00,40420
1781293287,3490.6,maxram=32768/idle/n=260,32039,30962,1077,5213,27555,32768,4647,0.00,0.00,40400
1781293289,3492.6,maxram=32768/idle/n=260,32039,30990,1049,5213,27555,32768,4671,0.00,0.00,39792
1781293291,3494.6,maxram=32768/idle/n=270,32039,31032,1007,5213,27555,32768,4699,0.00,0.00,40366
1781293293,3496.7,maxram=32768/idle/n=270,32039,31060,979,5213,27555,32768,4743,0.00,0.00,40317
1781293295,3498.7,maxram=32768/idle/n=280,32039,31098,941,5213,27555,32768,4775,0.00,0.00,40283
1781293297,3500.7,maxram=32768/idle/n=280,32039,31149,890,5213,27555,32768,4816,0.00,0.00,40158
1781293299,3502.8,maxram=32768/idle/n=280,32039,31176,863,5213,27555,32768,4858,0.00,0.00,40112
1781293301,3504.8,maxram=32768/idle/n=290,32039,31223,816,5213,27555,32768,4900,0.00,0.00,39627
1781293303,3506.8,maxram=32768/idle/n=290,32039,30737,1301,5732,27036,32768,4938,0.00,0.00,40198
1781293305,3508.9,maxram=32768/idle/n=300,32039,30755,1283,5732,27036,32768,4966,0.00,0.00,40099
1781293307,3510.9,maxram=32768/idle/n=300,32039,30763,1276,5732,27036,32768,4983,0.00,0.00,40104
1781293309,3513.2,maxram=32768/idle/n=300,32039,30760,1279,5732,27036,32768,5001,0.00,0.00,40079
1781293311,3515.2,maxram=32768/idle/n=300,32039,30799,1239,5732,27036,32768,5045,0.00,0.00,40034
1781293313,3517.2,maxram=32768/idle/n=310,32039,30826,1213,5732,27036,32768,5090,0.00,0.00,39985
1781293315,3519.3,maxram=32768/idle/n=310,32039,30866,1172,5732,27036,32768,5133,0.00,0.00,39938
1781293318,3521.3,maxram=32768/idle/n=320,32039,30898,1141,5732,27036,32768,5180,0.00,0.00,39915
1781293320,3523.3,maxram=32768/idle/n=320,32039,30916,1123,5732,27036,32768,5200,0.00,0.00,39810
1781293322,3525.4,maxram=32768/idle/n=320,32039,30952,1087,5732,27036,32768,5233,0.00,0.00,39592
1781293324,3527.4,maxram=32768/idle/n=330,32039,31003,1036,5732,27036,32768,5272,0.00,0.00,39937
1781293326,3529.4,maxram=32768/idle/n=330,32039,31029,1009,5732,27036,32768,5314,0.00,0.00,39881
1781293328,3531.5,maxram=32768/idle/n=340,32039,31044,995,5732,27036,32768,5342,0.00,0.00,39894
1781293330,3533.5,maxram=32768/idle/n=340,32039,31074,964,5732,27036,32768,5370,0.00,0.00,39827
1781293332,3535.5,maxram=32768/idle/n=340,32039,31107,932,5732,27036,32768,5401,0.00,0.00,39182
1781293334,3537.6,maxram=32768/idle/n=340,32039,31077,962,5732,27036,32768,5406,0.00,0.00,39433
1781293336,3539.7,maxram=32768/idle/n=340,32039,31085,954,5732,27036,32768,5407,0.00,0.00,39981
1781293338,3541.7,maxram=32768/idle/n=350,32039,31131,908,5732,27036,32768,5422,0.00,0.00,39936
1781293340,3543.7,maxram=32768/idle/n=350,32039,31198,841,5732,27036,32768,5439,0.00,0.00,39944
1781293342,3545.8,maxram=32768/idle/n=360,32039,30729,1310,6251,26517,32768,5475,0.00,0.00,39912
1781293344,3547.8,maxram=32768/idle/n=360,32039,30765,1274,6251,26517,32768,5512,0.00,0.00,39869
1781293346,3549.8,maxram=32768/idle/n=360,32039,30786,1253,6251,26517,32768,5547,0.00,0.00,38801
1781293348,3551.9,maxram=32768/idle/n=370,32039,30820,1219,6251,26517,32768,5586,0.00,0.00,39846
1781293350,3553.9,maxram=32768/idle/n=370,32039,30872,1167,6251,26517,32768,5639,0.00,0.00,39780
1781293352,3556.0,maxram=32768/idle/n=380,32039,30888,1150,6251,26517,32768,5677,0.00,0.00,39761
1781293354,3558.0,maxram=32768/idle/n=380,32039,30902,1136,6251,26517,32768,5700,0.00,0.00,39725
1781293356,3560.0,maxram=32768/idle/n=380,32039,30959,1080,6251,26517,32768,5747,0.00,0.00,39651
1781293358,3562.1,maxram=32768/idle/n=390,32039,30966,1073,6251,26517,32768,5766,0.00,0.00,39619
1781293360,3564.1,maxram=32768/idle/n=390,32039,31006,1033,6251,26517,32768,5805,0.00,0.00,39589
1781293362,3566.1,maxram=32768/idle/n=390,32039,31022,1017,6251,26517,32768,5832,0.00,0.00,39558
1781293365,3568.4,maxram=32768/idle/n=400,32039,31024,1015,6251,26517,32768,5834,0.00,0.00,39557
1781293367,3570.8,maxram=32768/idle/n=400,32039,31052,987,6251,26517,32768,5860,0.00,0.00,39437
1781293369,3572.8,maxram=32768/idle/n=400,32039,31117,921,6251,26517,32768,5910,0.00,0.00,39507
1781293371,3574.9,maxram=32768/idle/n=410,32039,31123,916,6251,26517,32768,5930,0.00,0.00,39688
1781293373,3576.9,maxram=32768/idle/n=410,32039,31122,917,6251,26517,32768,5954,0.00,0.00,39660
1781293375,3578.9,maxram=32768/idle/n=410,32039,31196,843,6251,26517,32768,5982,0.00,0.00,39151
1781293377,3581.0,maxram=32768/idle/n=420,32039,31231,808,6251,26517,32768,5997,0.00,0.00,39658
1781293379,3583.0,maxram=32768/idle/n=420,32039,30770,1269,6775,25993,32768,6047,0.00,0.00,39592
1781293381,3585.0,maxram=32768/idle/n=430,32039,30834,1204,6775,25993,32768,6117,0.00,0.00,39235
1781293383,3587.1,maxram=32768/idle/n=430,32039,30813,1226,6775,25993,32768,6148,0.00,0.00,39544
1781293385,3589.1,maxram=32768/idle/n=430,32039,30853,1186,6775,25993,32768,6160,0.00,0.00,39474
1781293387,3591.1,maxram=32768/idle/n=440,32039,30900,1139,6775,25993,32768,6206,0.00,0.00,39382
1781293389,3593.2,maxram=32768/idle/n=440,32039,30920,1119,6775,25993,32768,6241,0.00,0.00,39384
1781293391,3595.2,maxram=32768/idle/n=450,32039,30949,1090,6775,25993,32768,6277,0.00,0.00,38670
1781293393,3597.3,maxram=32768/idle/n=450,32039,30949,1090,6775,25993,32768,6288,0.00,0.00,39415
1781293396,3599.3,maxram=32768/idle/n=450,32039,30945,1094,6775,25993,32768,6289,0.00,0.00,39408
1781293398,3601.4,maxram=32768/idle/n=450,32039,30969,1069,6775,25993,32768,6309,0.00,0.00,39375
1781293400,3603.5,maxram=32768/idle/n=460,32039,31019,1020,6775,25993,32768,6353,0.00,0.00,39293
1781293402,3605.5,maxram=32768/idle/n=460,32039,31061,977,6775,25993,32768,6381,0.00,0.00,39263
1781293404,3607.5,maxram=32768/idle/n=460,32039,31123,916,6775,25993,32768,6430,0.00,0.00,39186
1781293406,3609.5,maxram=32768/idle/n=470,32039,31142,896,6775,25993,32768,6458,0.00,0.00,38702
1781293408,3611.6,maxram=32768/idle/n=470,32039,31149,890,6775,25993,32768,6497,0.00,0.00,39288
1781293410,3613.6,maxram=32768/idle/n=480,32039,31153,886,6775,25993,32768,6510,0.00,0.00,39273
1781293412,3615.6,maxram=32768/idle/n=480,32039,31219,820,6775,25993,32768,6528,0.00,0.00,38694
1781293414,3617.7,maxram=32768/idle/n=480,32039,30751,1288,7295,25473,32768,6578,0.00,0.00,39270
1781293416,3619.7,maxram=32768/idle/n=490,32039,30791,1248,7295,25473,32768,6621,0.00,0.00,39196
1781293418,3621.7,maxram=32768/idle/n=490,32039,30838,1201,7295,25473,32768,6657,0.00,0.00,39155
1781293420,3623.8,maxram=32768/idle/n=490,32039,30864,1175,7295,25473,32768,6702,0.00,0.00,39113
1781293422,3625.8,maxram=32768/idle/n=500,32039,30880,1159,7295,25473,32768,6725,0.00,0.00,39085
1781293424,3628.0,maxram=32768/idle/n=500,32039,30867,1172,7295,25473,32768,6728,0.00,0.00,39054
1781293426,3630.1,maxram=32768/idle/n=500,32039,30866,1173,7295,25473,32768,6733,0.00,0.00,39047
1781293428,3632.1,maxram=32768/idle/n=500,32039,30899,1140,7295,25473,32768,6759,0.00,0.00,39027
1781293430,3634.2,maxram=32768/idle/n=510,32039,30930,1108,7295,25473,32768,6788,0.00,0.00,39026
1781293432,3636.2,maxram=32768/idle/n=510,32039,30959,1080,7295,25473,32768,6824,0.00,0.00,38507
1781293434,3638.2,maxram=32768/idle/n=510,32039,30985,1053,7295,25473,32768,6860,0.00,0.00,39156
1781293436,3640.3,maxram=32768/idle/n=520,32039,31019,1020,7295,25473,32768,6891,0.00,0.00,38648
1781293439,3642.3,maxram=32768/idle/n=520,32039,31055,984,7295,25473,32768,6913,0.00,0.00,39134
1781293441,3644.3,maxram=32768/idle/n=520,32039,31079,960,7295,25473,32768,6947,0.00,0.00,38805
1781293443,3646.4,maxram=32768/idle/n=530,32039,31111,928,7295,25473,32768,6986,0.00,0.00,39110
1781293445,3648.4,maxram=32768/idle/n=530,32039,31128,911,7295,25473,32768,7011,0.00,0.00,39125
1781293447,3650.4,maxram=32768/idle/n=530,32039,31157,881,7295,25473,32768,7033,0.00,0.00,39082
1781293449,3652.5,maxram=32768/idle/n=540,32039,31189,850,7295,25473,32768,7049,0.00,0.00,39072
1781293451,3654.5,maxram=32768/idle/n=540,32039,31229,810,7295,25473,32768,7065,0.00,0.00,38283
1781293453,3656.6,maxram=32768/idle/n=540,32039,30737,1302,7812,24956,32768,7101,0.00,0.00,39068
1781293455,3658.6,maxram=32768/idle/n=550,32039,30770,1269,7812,24956,32768,7141,0.00,0.00,39015
1781293457,3660.6,maxram=32768/idle/n=550,32039,30779,1260,7812,24956,32768,7160,0.00,0.00,39009
1781293459,3662.8,maxram=32768/idle/n=550,32039,30777,1262,7812,24956,32768,7160,0.00,0.00,38981
1781293461,3665.2,maxram=32768/idle/n=550,32039,30796,1242,7812,24956,32768,7174,0.00,0.00,38657
1781293463,3667.2,maxram=32768/idle/n=550,32039,30822,1216,7812,24956,32768,7205,0.00,0.00,38435
1781293465,3669.2,maxram=32768/idle/n=560,32039,30840,1198,7812,24956,32768,7228,0.00,0.00,38396
1781293467,3671.3,maxram=32768/idle/n=560,32039,30888,1151,7812,24956,32768,7269,0.00,0.00,38976
1781293470,3673.3,maxram=32768/idle/n=570,32039,30917,1122,7812,24956,32768,7306,0.00,0.00,38941
1781293472,3675.4,maxram=32768/idle/n=570,32039,30988,1051,7812,24956,32768,7363,0.00,0.00,38873
1781293474,3677.4,maxram=32768/idle/n=570,32039,31001,1038,7812,24956,32768,7397,0.00,0.00,38839
1781293476,3679.4,maxram=32768/idle/n=580,32039,31015,1024,7812,24956,32768,7427,0.00,0.00,38884
1781293478,3681.5,maxram=32768/idle/n=580,32039,31050,988,7812,24956,32768,7453,0.00,0.00,38871
1781293480,3683.5,maxram=32768/idle/n=580,32039,31076,963,7812,24956,32768,7488,0.00,0.00,38831
1781293482,3685.5,maxram=32768/idle/n=590,32039,31114,925,7812,24956,32768,7518,0.00,0.00,38823
1781293484,3687.6,maxram=32768/idle/n=590,32039,31147,891,7812,24956,32768,7555,0.00,0.00,38756
1781293486,3689.6,maxram=32768/idle/n=600,32039,31154,884,7812,24956,32768,7579,0.00,0.00,38739
1781293488,3691.7,maxram=32768/idle/n=600,32039,31204,835,7812,24956,32768,7595,0.00,0.00,38706
1781293490,3693.8,maxram=32768/idle/n=600,32039,31203,835,7812,24956,32768,7596,0.00,0.00,38702
1781293492,3695.9,maxram=32768/idle/n=600,32039,30720,1319,8336,24432,32768,7623,0.00,0.00,38663
1781293494,3697.9,maxram=32768/idle/n=600,32039,30767,1272,8336,24432,32768,7670,0.00,0.00,38615
1781293496,3700.0,maxram=32768/idle/n=610,32039,30797,1242,8336,24432,32768,7709,0.00,0.00,38577
1781293498,3702.0,maxram=32768/idle/n=610,32039,30829,1209,8336,24432,32768,7748,0.00,0.00,38275
1781293500,3704.0,maxram=32768/idle/n=620,32039,30839,1200,8336,24432,32768,7772,0.00,0.00,38326
1781293502,3706.1,maxram=32768/idle/n=620,32039,30880,1158,8336,24432,32768,7819,0.00,0.00,38281
1781293504,3708.1,maxram=32768/idle/n=620,32039,30913,1126,8336,24432,32768,7853,0.00,0.00,38608
1781293506,3710.1,maxram=32768/idle/n=630,32039,30918,1121,8336,24432,32768,7876,0.00,0.00,38573
1781293508,3712.2,maxram=32768/idle/n=630,32039,30981,1058,8336,24432,32768,7917,0.00,0.00,38490
1781293510,3714.2,maxram=32768/idle/n=640,32039,30997,1042,8336,24432,32768,7939,0.00,0.00,37792
1781293512,3716.3,maxram=32768/idle/n=640,32039,31045,994,8336,24432,32768,7980,0.00,0.00,37814
1781293515,3718.3,maxram=32768/idle/n=640,32039,31066,973,8336,24432,32768,8016,0.00,0.00,38549
1781293517,3720.3,maxram=32768/idle/n=650,32039,31092,946,8336,24432,32768,8047,0.00,0.00,38518
1781293519,3722.4,maxram=32768/idle/n=650,32039,31099,940,8336,24432,32768,8063,0.00,0.00,38498
1781293521,3724.6,maxram=32768/idle/n=650,32039,31094,945,8336,24432,32768,8064,0.00,0.00,38517
1781293523,3726.6,maxram=32768/idle/n=650,32039,31138,901,8336,24432,32768,8087,0.00,0.00,38502
1781293525,3728.6,maxram=32768/idle/n=660,32039,31153,886,8336,24432,32768,8121,0.00,0.00,38431
1781293527,3730.6,maxram=32768/idle/n=660,32039,31197,842,8336,24432,32768,8149,0.00,0.00,38435
1781293529,3732.7,maxram=32768/idle/n=660,32039,31247,792,8336,24432,32768,8172,0.00,0.00,38396
1781293531,3734.7,maxram=32768/idle/n=670,32039,30759,1280,8869,23899,32768,8207,0.00,0.00,38253
1781293533,3736.7,maxram=32768/idle/n=670,32039,30777,1262,8869,23899,32768,8248,0.00,0.00,38238
1781293535,3738.8,maxram=32768/idle/n=670,32039,30791,1248,8869,23899,32768,8272,0.00,0.00,38227
1781293537,3740.8,maxram=32768/idle/n=680,32039,30828,1211,8869,23899,32768,8298,0.00,0.00,38210
1781293539,3742.8,maxram=32768/idle/n=680,32039,30782,1257,8869,23899,32768,8315,0.00,0.00,37902
1781293541,3744.9,maxram=32768/idle/n=680,32039,30535,1504,8869,23899,32768,8353,0.00,0.00,37436
1781293543,3746.9,maxram=32768/idle/n=680,32039,30512,1526,8869,23899,32768,8352,0.00,0.00,38052
1781293545,3748.9,maxram=32768/idle/n=680,32039,30488,1551,8869,23899,32768,8351,0.00,0.00,38049
1781293547,3751.1,maxram=32768/idle/n=680,32039,30479,1559,8869,23899,32768,8353,0.00,0.00,38024
1781293549,3753.2,maxram=32768/idle/n=680,32039,30132,1907,8869,23899,32768,8354,0.00,0.00,38011
1781293551,3755.2,maxram=32768/idle/n=680,32039,30092,1947,8869,23899,32768,8353,0.00,0.00,38330
1781293553,3757.2,maxram=32768/idle/n=680,32039,30096,1943,8869,23899,32768,8352,0.00,0.00,37777
1781293555,3759.3,maxram=32768/idle/n=680,32039,29740,2299,8869,23899,32768,8354,0.00,0.00,38434
1781293558,3761.3,maxram=32768/idle/n=680,32039,29716,2323,8869,23899,32768,8353,0.00,0.00,38428
1781293560,3763.3,maxram=32768/idle/n=680,32039,29687,2351,8869,23899,32768,8352,0.00,0.00,38142
1781293562,3765.4,maxram=32768/idle/n=680,32039,29311,2728,8869,23899,32768,8354,0.00,0.00,38146
1781293564,3767.4,maxram=32768/idle/n=680,32039,29299,2740,8869,23899,32768,8353,0.00,0.00,38409
1781293566,3769.5,maxram=32768/idle/n=680,32039,29297,2742,8869,23899,32768,8353,0.00,0.00,38405
1781293568,3771.6,maxram=32768/idle/n=680,32039,29301,2738,8869,23899,32768,8353,0.00,0.00,38305
1781293570,3773.6,maxram=32768/idle/n=680,32039,29258,2780,8869,23899,32768,8352,0.00,0.00,38285
1781293572,3775.7,maxram=32768/idle/n=680,32039,28937,3102,8869,23899,32768,8354,0.00,0.00,38351
1781293574,3777.7,maxram=32768/idle/n=680,32039,28908,3131,8869,23899,32768,8353,0.00,0.00,38365
1781293576,3779.7,maxram=32768/idle/n=680,32039,28881,3158,8869,23899,32768,8352,0.00,0.00,38383
1781293578,3781.8,maxram=32768/idle/n=680,32039,28549,3490,8869,23899,32768,8354,0.00,0.00,38352
1781293580,3783.8,maxram=32768/idle/n=680,32039,28513,3526,8869,23899,32768,8353,0.00,0.00,38311
1781293582,3785.9,maxram=32768/idle/n=680,32039,28454,3585,8869,23899,32768,8352,0.00,0.00,38415
1781293584,3787.9,maxram=32768/idle/n=680,32039,28152,3887,8869,23899,32768,8354,0.00,0.00,37823
1781293586,3789.9,maxram=32768/idle/n=680,32039,28118,3920,8869,23899,32768,8353,0.00,0.00,38362
1781293588,3792.0,maxram=32768/idle/n=680,32039,28124,3915,8869,23899,32768,8353,0.00,0.00,38361
1781293590,3794.2,maxram=32768/idle/n=680,32039,28086,3953,8869,23899,32768,8352,0.00,0.00,38364
1781293592,3796.3,maxram=32768/idle/n=680,32039,27961,4078,5937,26831,32768,8354,0.00,0.00,38352
1781293595,3798.3,maxram=32768/idle/n=680,32039,30636,1403,5937,26831,32768,8354,0.00,0.00,37821
1781293597,3800.4,maxram=32768/idle/n=680,32039,30610,1429,5937,26831,32768,8353,0.00,0.00,37739
1781293599,3802.4,maxram=32768/idle/n=680,32039,30285,1754,5937,26831,32768,8357,0.00,0.00,37782
1781293601,3804.4,maxram=32768/idle/n=680,32039,30233,1806,5937,26831,32768,8356,0.00,0.00,38342
1781293603,3806.5,maxram=32768/idle/n=680,32039,30220,1819,5937,26831,32768,8355,0.00,0.00,38383
1781293605,3808.5,maxram=32768/idle/n=680,32039,29836,2203,5937,26831,32768,8357,0.00,0.00,38388
1781293607,3810.5,maxram=32768/idle/n=680,32039,29816,2222,5937,26831,32768,8356,0.00,0.00,38389
1781293609,3812.6,maxram=32768/idle/n=680,32039,29817,2222,5937,26831,32768,8356,0.00,0.00,38384
1781293611,3814.8,maxram=32768/idle/n=680,32039,29814,2225,5937,26831,32768,8356,0.00,0.00,38370
1781293613,3816.8,maxram=32768/idle/n=680,32039,29776,2263,5937,26831,32768,8355,0.00,0.00,38340
1781293615,3818.8,maxram=32768/idle/n=680,32039,29552,2487,5937,26831,32768,8357,0.00,0.00,38362
1781293617,3820.9,maxram=32768/idle/n=680,32039,29478,2561,5937,26831,32768,8356,0.00,0.00,38335
1781293619,3822.9,maxram=32768/idle/n=680,32039,29392,2647,5937,26831,32768,8355,0.00,0.00,38321
1781293621,3824.9,maxram=32768/idle/n=680,32039,29101,2938,5937,26831,32768,8357,0.00,0.00,38028
1781293623,3827.0,maxram=32768/idle/n=680,32039,29058,2980,5937,26831,32768,8356,0.00,0.00,38345
1781293625,3829.0,maxram=32768/idle/n=680,32039,28842,3197,5937,26831,32768,8357,0.00,0.00,38315
1781293627,3831.0,maxram=32768/idle/n=680,32039,28604,3435,5937,26831,32768,8357,0.00,0.00,38310
1781293629,3833.1,maxram=32768/idle/n=680,32039,28611,3427,5937,26831,32768,8356,0.00,0.00,38304
1781293631,3835.3,maxram=32768/idle/n=680,32039,28601,3438,5937,26831,32768,8356,0.00,0.00,37548
1781293634,3837.3,maxram=32768/idle/n=680,32039,28584,3455,5937,26831,32768,8355,0.00,0.00,38336
1781293636,3839.3,maxram=32768/idle/n=680,32039,28387,3652,5937,26831,32768,8356,0.00,0.00,38332
1781293638,3841.4,maxram=32768/idle/n=680,32039,28354,3685,5937,26831,32768,8355,0.00,0.00,38317
1781293642,3845.4,maxram=32768/nginx,32039,539,31499,32768,0,32768,1236,0.00,0.00,40824
1781293644,3847.4,maxram=32768/nginx,32039,904,31135,32768,0,32768,1775,0.00,0.00,40609
1781293646,3849.4,maxram=32768/nginx,32039,1059,30980,32768,0,32768,1971,0.00,0.00,41125
1781293648,3851.5,maxram=32768/nginx,32039,1170,30868,32768,0,32768,2116,0.00,0.00,40992
1781293650,3853.5,maxram=32768/nginx/n=10,32039,1259,30780,32768,0,32768,2238,0.00,0.00,41199
1781293652,3855.5,maxram=32768/nginx/n=10,32039,1422,30617,32768,0,32768,2532,0.00,0.00,41077
1781293654,3857.6,maxram=32768/nginx/n=10,32039,1542,30496,32768,0,32768,2665,0.00,0.00,40986
1781293656,3859.6,maxram=32768/nginx/n=20,32039,1572,30466,32768,0,32768,2692,0.00,0.00,40960
1781293658,3861.7,maxram=32768/nginx/n=20,32039,1589,30450,32768,0,32768,2709,0.00,0.00,40934
1781293660,3863.7,maxram=32768/nginx/n=20,32039,1602,30437,32768,0,32768,2744,0.00,0.00,40901
1781293662,3865.8,maxram=32768/nginx/n=20,32039,1680,30358,32768,0,32768,2804,0.00,0.00,40843
1781293664,3867.8,maxram=32768/nginx/n=20,32039,1763,30276,32768,0,32768,2898,0.00,0.00,40775
1781293666,3869.8,maxram=32768/nginx/n=30,32039,1844,30195,32768,0,32768,2976,0.00,0.00,40740
1781293668,3871.9,maxram=32768/nginx/n=30,32039,1931,30108,32768,0,32768,3067,0.00,0.00,40686
1781293670,3873.9,maxram=32768/nginx/n=40,32039,2005,30034,32768,0,32768,3149,0.00,0.00,40680
1781293672,3875.9,maxram=32768/nginx/n=40,32039,2074,29965,32768,0,32768,3214,0.00,0.00,40642
1781293674,3878.0,maxram=32768/nginx/n=40,32039,2150,29889,32768,0,32768,3293,0.00,0.00,40807
1781293676,3880.0,maxram=32768/nginx/n=50,32039,2240,29799,32768,0,32768,3385,0.00,0.00,40709
1781293678,3882.0,maxram=32768/nginx/n=50,32039,2322,29716,32768,0,32768,3469,0.00,0.00,40288
1781293680,3884.1,maxram=32768/nginx/n=50,32039,2396,29643,32768,0,32768,3550,0.00,0.00,40267
1781293682,3886.1,maxram=32768/nginx/n=60,32039,2463,29576,32768,0,32768,3620,0.00,0.00,40204
1781293684,3888.1,maxram=32768/nginx/n=60,32039,2539,29500,32768,0,32768,3707,0.00,0.00,40431
1781293686,3890.2,maxram=32768/nginx/n=60,32039,2629,29410,4662,28106,32768,3770,0.00,0.00,40382
1781293688,3892.3,maxram=32768/nginx/n=60,32039,30738,1300,4662,28106,32768,3782,0.00,0.00,40363
1781293691,3894.4,maxram=32768/nginx/n=60,32039,30698,1341,4662,28106,32768,3788,0.00,0.00,39659
1781293693,3896.5,maxram=32768/nginx/n=70,32039,30724,1315,4662,28106,32768,3819,0.00,0.00,39884
1781293695,3898.5,maxram=32768/nginx/n=70,32039,30859,1180,4662,28106,32768,3924,0.00,0.00,40304
1781293697,3900.6,maxram=32768/nginx/n=70,32039,30939,1099,4662,28106,32768,4002,0.00,0.00,40231
1781293699,3902.6,maxram=32768/nginx/n=80,32039,31033,1006,4662,28106,32768,4104,0.00,0.00,40125
1781293701,3904.6,maxram=32768/nginx/n=80,32039,31088,951,4662,28106,32768,4171,0.00,0.00,40063
1781293703,3906.7,maxram=32768/nginx/n=90,32039,31187,852,4662,28106,32768,4277,0.00,0.00,39531
1781293705,3908.7,maxram=32768/nginx/n=90,32039,30742,1297,5198,27570,32768,4364,0.00,0.00,40096
1781293707,3910.8,maxram=32768/nginx/n=90,32039,30826,1212,5198,27570,32768,4458,0.00,0.00,40034
1781293709,3912.8,maxram=32768/nginx/n=100,32039,30908,1131,5198,27570,32768,4545,0.00,0.00,39953
1781293711,3914.8,maxram=32768/nginx/n=100,32039,31012,1027,5198,27570,32768,4652,0.00,0.00,39868
1781293713,3916.9,maxram=32768/nginx/n=110,32039,31080,959,5198,27570,32768,4730,0.00,0.00,39820
1781293715,3918.9,maxram=32768/nginx/n=110,32039,31182,857,5198,27570,32768,4825,0.00,0.00,39577
1781293717,3920.9,maxram=32768/nginx/n=110,32039,31230,809,5198,27570,32768,4869,0.00,0.00,39715
1781293719,3923.0,maxram=32768/nginx/n=110,32039,30723,1315,5713,27055,32768,4891,0.00,0.00,39693
1781293721,3925.1,maxram=32768/nginx/n=120,32039,30761,1278,5713,27055,32768,4935,0.00,0.00,39671
1781293723,3927.1,maxram=32768/nginx/n=120,32039,30859,1180,5713,27055,32768,5022,0.00,0.00,39616
1781293725,3929.2,maxram=32768/nginx/n=120,32039,30952,1087,5713,27055,32768,5118,0.00,0.00,39561
1781293727,3931.2,maxram=32768/nginx/n=130,32039,31034,1004,5713,27055,32768,5208,0.00,0.00,39512
1781293729,3933.2,maxram=32768/nginx/n=130,32039,31132,906,5713,27055,32768,5314,0.00,0.00,39472
1781293731,3935.3,maxram=32768/nginx/n=140,32039,31222,816,5713,27055,32768,5399,0.00,0.00,39426
1781293734,3937.3,maxram=32768/nginx/n=140,32039,30770,1269,6280,26488,32768,5501,0.00,0.00,38943
1781293736,3939.3,maxram=32768/nginx/n=150,32039,30872,1166,6280,26488,32768,5611,0.00,0.00,39493
1781293738,3941.4,maxram=32768/nginx/n=150,32039,30920,1119,6280,26488,32768,5696,0.00,0.00,39432
1781293740,3943.4,maxram=32768/nginx/n=150,32039,30973,1065,6280,26488,32768,5743,0.00,0.00,39108
1781293742,3945.4,maxram=32768/nginx/n=160,32039,31058,980,6280,26488,32768,5815,0.00,0.00,39039
1781293744,3947.5,maxram=32768/nginx/n=160,32039,31163,876,6280,26488,32768,5917,0.00,0.00,39329
1781293746,3949.5,maxram=32768/nginx/n=160,32039,31165,874,6280,26488,32768,5932,0.00,0.00,39311
1781293748,3951.8,maxram=32768/nginx/n=160,32039,31167,871,6280,26488,32768,5934,0.00,0.00,39305
1781293750,3953.8,maxram=32768/nginx/n=170,32039,30723,1316,6810,25958,32768,6013,0.00,0.00,39218
1781293752,3955.8,maxram=32768/nginx/n=170,32039,30838,1201,6810,25958,32768,6117,0.00,0.00,38151
1781293754,3957.9,maxram=32768/nginx/n=180,32039,30924,1115,6810,25958,32768,6236,0.00,0.00,39215
1781293756,3959.9,maxram=32768/nginx/n=180,32039,30986,1053,6810,25958,32768,6310,0.00,0.00,39120
1781293758,3961.9,maxram=32768/nginx/n=180,32039,31093,945,6810,25958,32768,6424,0.00,0.00,39019
1781293760,3964.0,maxram=32768/nginx/n=190,32039,31142,897,6810,25958,32768,6498,0.00,0.00,38944
1781293762,3966.0,maxram=32768/nginx/n=190,32039,31228,811,6810,25958,32768,6547,0.00,0.00,38911
1781293764,3968.1,maxram=32768/nginx/n=200,32039,30781,1258,7341,25427,32768,6641,0.00,0.00,38829
1781293766,3970.1,maxram=32768/nginx/n=200,32039,30900,1139,7341,25427,32768,6744,0.00,0.00,38772
1781293768,3972.1,maxram=32768/nginx/n=200,32039,30961,1077,7341,25427,32768,6827,0.00,0.00,38720
1781293770,3974.2,maxram=32768/nginx/n=210,32039,31051,988,7341,25427,32768,6924,0.00,0.00,38666
1781293772,3976.2,maxram=32768/nginx/n=210,32039,31125,913,7341,25427,32768,7021,0.00,0.00,38610
1781293774,3978.2,maxram=32768/nginx/n=210,32039,31133,906,7341,25427,32768,7039,0.00,0.00,38611
1781293777,3980.4,maxram=32768/nginx/n=210,32039,31139,900,7341,25427,32768,7049,0.00,0.00,38605
1781293779,3982.4,maxram=32768/nginx/n=220,32039,31179,860,7341,25427,32768,7090,0.00,0.00,38593
1781293781,3984.5,maxram=32768/nginx/n=220,32039,30806,1233,7866,24902,32768,7193,0.00,0.00,38544
1781293783,3986.5,maxram=32768/nginx/n=230,32039,30870,1169,7866,24902,32768,7279,0.00,0.00,38723
1781293785,3988.5,maxram=32768/nginx/n=230,32039,30987,1051,7866,24902,32768,7385,0.00,0.00,38611
1781293787,3990.6,maxram=32768/nginx/n=230,32039,31070,969,7866,24902,32768,7485,0.00,0.00,38530
1781293789,3992.6,maxram=32768/nginx/n=240,32039,31141,898,7866,24902,32768,7567,0.00,0.00,38426
1781293791,3994.6,maxram=32768/nginx/n=240,32039,31167,872,7866,24902,32768,7631,0.00,0.00,38388
1781293793,3996.7,maxram=32768/nginx/n=250,32039,30745,1294,8388,24380,32768,7708,0.00,0.00,38322
1781293795,3998.7,maxram=32768/nginx/n=250,32039,30853,1186,8388,24380,32768,7815,0.00,0.00,38268
1781293797,4000.7,maxram=32768/nginx/n=250,32039,30956,1082,8388,24380,32768,7920,0.00,0.00,38212
1781293799,4002.8,maxram=32768/nginx/n=260,32039,31032,1007,8388,24380,32768,8000,0.00,0.00,38126
1781293801,4004.8,maxram=32768/nginx/n=260,32039,31112,927,8388,24380,32768,8097,0.00,0.00,37798
1781293803,4006.9,maxram=32768/nginx/n=260,32039,31159,879,8388,24380,32768,8148,0.00,0.00,37644
1781293805,4009.1,maxram=32768/nginx/n=260,32039,31151,888,8388,24380,32768,8161,0.00,0.00,38246
1781293807,4011.1,maxram=32768/nginx/n=270,32039,31163,876,8388,24380,32768,8185,0.00,0.00,38224
1781293809,4013.2,maxram=32768/nginx/n=270,32039,30745,1294,8901,23867,32768,8256,0.00,0.00,38141
1781293811,4015.2,maxram=32768/nginx/n=280,32039,30856,1183,8901,23867,32768,8371,0.00,0.00,37357
1781293813,4017.2,maxram=32768/nginx/n=280,32039,30941,1098,8901,23867,32768,8460,0.00,0.00,37404
1781293815,4019.3,maxram=32768/nginx/n=280,32039,31006,1033,8901,23867,32768,8543,0.00,0.00,37978
1781293818,4021.3,maxram=32768/nginx/n=290,32039,31111,928,8901,23867,32768,8639,0.00,0.00,37914
1781293820,4023.3,maxram=32768/nginx/n=290,32039,31172,867,8901,23867,32768,8722,0.00,0.00,37933
1781293822,4025.4,maxram=32768/nginx/n=300,32039,30735,1304,9436,23332,32768,8793,0.00,0.00,37869
1781293824,4027.4,maxram=32768/nginx/n=300,32039,30829,1210,9436,23332,32768,8885,0.00,0.00,37750
1781293826,4029.4,maxram=32768/nginx/n=300,32039,30921,1118,9436,23332,32768,8993,0.00,0.00,37644
1781293828,4031.5,maxram=32768/nginx/n=310,32039,30994,1045,9436,23332,32768,9071,0.00,0.00,37574
1781293830,4033.5,maxram=32768/nginx/n=310,32039,31089,949,9436,23332,32768,9173,0.00,0.00,37041
1781293832,4035.6,maxram=32768/nginx/n=310,32039,31110,929,9436,23332,32768,9219,0.00,0.00,37722
1781293834,4037.7,maxram=32768/nginx/n=310,32039,31101,938,9436,23332,32768,9230,0.00,0.00,37697
1781293836,4040.0,maxram=32768/nginx/n=320,32039,31149,890,9436,23332,32768,9292,0.00,0.00,37609
1781293838,4042.0,maxram=32768/nginx/n=320,32039,31234,804,9436,23332,32768,9352,0.00,0.00,37553
1781293840,4044.0,maxram=32768/nginx/n=320,32039,30821,1218,9951,22817,32768,9451,0.00,0.00,37450
1781293842,4046.1,maxram=32768/nginx/n=330,32039,30925,1114,9951,22817,32768,9555,0.00,0.00,36925
1781293844,4048.1,maxram=32768/nginx/n=330,32039,31025,1014,9951,22817,32768,9645,0.00,0.00,37467
1781293846,4050.1,maxram=32768/nginx/n=340,32039,31058,981,9951,22817,32768,9715,0.00,0.00,37371
1781293848,4052.2,maxram=32768/nginx/n=340,32039,31153,886,9951,22817,32768,9803,0.00,0.00,37266
1781293850,4054.2,maxram=32768/nginx/n=340,32039,31193,846,9951,22817,32768,9851,0.00,0.00,37203
1781293852,4056.2,maxram=32768/nginx/n=350,32039,30714,1325,10515,22253,32768,9921,0.00,0.00,37155
1781293854,4058.3,maxram=32768/nginx/n=350,32039,30825,1214,10515,22253,32768,10025,0.00,0.00,37088
1781293857,4060.3,maxram=32768/nginx/n=360,32039,30921,1117,10515,22253,32768,10133,0.00,0.00,37039
1781293859,4062.3,maxram=32768/nginx/n=360,32039,30999,1040,10515,22253,32768,10212,0.00,0.00,36994
1781293861,4064.4,maxram=32768/nginx/n=360,32039,31098,941,10515,22253,32768,10309,0.00,0.00,36645
1781293863,4066.6,maxram=32768/nginx/n=360,32039,31081,958,10515,22253,32768,10311,0.00,0.00,37016
1781293865,4068.6,maxram=32768/nginx/n=370,32039,31112,927,10515,22253,32768,10330,0.00,0.00,36994
1781293867,4070.7,maxram=32768/nginx/n=370,32039,31149,890,10515,22253,32768,10395,0.00,0.00,36929
1781293869,4072.7,maxram=32768/nginx/n=370,32039,31222,817,10515,22253,32768,10463,0.00,0.00,36894
1781293871,4074.7,maxram=32768/nginx/n=380,32039,30817,1222,11038,21730,32768,10576,0.00,0.00,36215
1781293873,4076.8,maxram=32768/nginx/n=380,32039,30898,1141,11038,21730,32768,10663,0.00,0.00,36429
1781293875,4078.8,maxram=32768/nginx/n=380,32039,30991,1048,11038,21730,32768,10767,0.00,0.00,36881
1781293877,4080.8,maxram=32768/nginx/n=390,32039,31051,988,11038,21730,32768,10819,0.00,0.00,36797
1781293879,4082.9,maxram=32768/nginx/n=390,32039,31155,883,11038,21730,32768,10905,0.00,0.00,36732
1781293881,4084.9,maxram=32768/nginx/n=400,32039,31170,869,11038,21730,32768,10946,0.00,0.00,36700
1781293883,4086.9,maxram=32768/nginx/n=400,32039,30755,1284,11573,21195,32768,11042,0.00,0.00,36927
1781293885,4089.0,maxram=32768/nginx/n=400,32039,30840,1199,11573,21195,32768,11139,0.00,0.00,37098
1781293887,4091.0,maxram=32768/nginx/n=410,32039,30897,1142,11573,21195,32768,11211,0.00,0.00,36866
1781293889,4093.0,maxram=32768/nginx/n=410,32039,30993,1046,11573,21195,32768,11318,0.00,0.00,37394
1781293891,4095.1,maxram=32768/nginx/n=410,32039,31014,1025,11573,21195,32768,11331,0.00,0.00,37374
1781293893,4097.3,maxram=32768/nginx/n=410,32039,31035,1004,11573,21195,32768,11354,0.00,0.00,37328
1781293896,4099.3,maxram=32768/nginx/n=420,32039,31069,969,11573,21195,32768,11407,0.00,0.00,37276
1781293898,4101.3,maxram=32768/nginx/n=420,32039,31111,927,11573,21195,32768,11463,0.00,0.00,37213
1781293900,4103.4,maxram=32768/nginx/n=420,32039,31170,869,11573,21195,32768,11527,0.00,0.00,37141
1781293902,4105.4,maxram=32768/nginx/n=430,32039,31229,810,11573,21195,32768,11568,0.00,0.00,37143
1781293904,4107.4,maxram=32768/nginx/n=430,32039,31173,865,11573,21195,32768,11574,0.00,0.00,37140
1781293906,4109.5,maxram=32768/nginx/n=430,32039,30736,1303,12123,20645,32768,11584,0.00,0.00,37149
1781293908,4111.5,maxram=32768/nginx/n=440,32039,30796,1242,12123,20645,32768,11650,0.00,0.00,36769
1781293910,4113.5,maxram=32768/nginx/n=440,32039,30875,1164,12123,20645,32768,11709,0.00,0.00,36908
1781293912,4115.6,maxram=32768/nginx/n=440,32039,30991,1047,12123,20645,32768,11808,0.00,0.00,37401
1781293914,4117.6,maxram=32768/nginx/n=450,32039,31030,1009,12123,20645,32768,11889,0.00,0.00,37377
1781293916,4119.6,maxram=32768/nginx/n=450,32039,31149,890,12123,20645,32768,11991,0.00,0.00,37266
1781293918,4121.7,maxram=32768/nginx/n=450,32039,31167,872,12123,20645,32768,12062,0.00,0.00,36653
1781293920,4123.7,maxram=32768/nginx/n=460,32039,31219,820,12123,20645,32768,12109,0.18,0.18,37107
1781293922,4125.8,maxram=32768/nginx/n=460,32039,31145,894,12123,20645,32768,12125,0.14,0.14,37089
1781293924,4128.0,maxram=32768/nginx/n=460,32039,31171,868,12123,20645,32768,12128,0.12,0.12,37435
1781293926,4130.2,maxram=32768/nginx/n=460,32039,31189,850,12123,20645,32768,12128,0.09,0.09,37330
1781293928,4132.2,maxram=32768/nginx/n=460,32039,31180,859,12123,20645,32768,12151,0.08,0.08,37282
1781293930,4134.3,maxram=32768/nginx/n=470,32039,30751,1287,12649,20119,32768,12194,0.06,0.06,36611
1781293933,4136.3,maxram=32768/nginx/n=470,32039,30840,1198,12649,20119,32768,12273,0.05,0.05,36883
1781293935,4138.3,maxram=32768/nginx/n=470,32039,30942,1097,12649,20119,32768,12381,0.04,0.04,36605
1781293937,4140.4,maxram=32768/nginx/n=480,32039,30985,1053,12649,20119,32768,12444,0.03,0.03,36280
1781293939,4142.4,maxram=32768/nginx/n=480,32039,31071,967,12649,20119,32768,12524,0.02,0.02,36101
1781293941,4144.4,maxram=32768/nginx/n=480,32039,31136,903,12649,20119,32768,12609,0.02,0.02,35959
1781293943,4146.5,maxram=32768/nginx/n=490,32039,31199,840,12649,20119,32768,12672,0.01,0.01,35845
1781293945,4148.5,maxram=32768/nginx/n=490,32039,30620,1419,13163,19605,32768,12716,0.01,0.01,35827
1781293947,4150.6,maxram=32768/nginx/n=490,32039,30747,1292,13163,19605,32768,12816,1.64,1.64,35998
1781293949,4152.6,maxram=32768/nginx/n=500,32039,30832,1207,13163,19605,32768,12903,1.34,1.34,36852
1781293951,4154.6,maxram=32768/nginx/n=500,32039,30920,1119,13163,19605,32768,12986,1.10,1.10,36770
1781293953,4156.7,maxram=32768/nginx/n=510,32039,30962,1076,13163,19605,32768,13056,0.90,0.90,36718
1781293955,4158.7,maxram=32768/nginx/n=510,32039,31029,1009,13163,19605,32768,13123,0.73,0.73,36650
1781293957,4161.0,maxram=32768/nginx/n=510,32039,31030,1009,13163,19605,32768,13141,0.49,0.49,36663
1781293959,4163.1,maxram=32768/nginx/n=510,32039,31082,957,13163,19605,32768,13173,0.40,0.40,36619
1781293961,4165.1,maxram=32768/nginx/n=520,32039,31167,872,13163,19605,32768,13225,0.33,0.33,36582
1781293963,4167.1,maxram=32768/nginx/n=520,32039,30719,1320,13678,19090,32768,13251,0.27,0.27,36568
1781293965,4169.1,maxram=32768/nginx/n=520,32039,30835,1204,13678,19090,32768,13364,0.22,0.22,36502
1781293967,4171.2,maxram=32768/nginx/n=530,32039,30901,1138,13678,19090,32768,13451,0.18,0.18,36470
1781293969,4173.2,maxram=32768/nginx/n=530,32039,30986,1053,13678,19090,32768,13535,0.14,0.14,36423
1781293971,4175.3,maxram=32768/nginx/n=530,32039,31076,963,13678,19090,32768,13640,0.12,0.12,36447
1781293974,4177.3,maxram=32768/nginx/n=540,32039,31094,945,13678,19090,32768,13677,0.09,0.09,36442
1781293976,4179.3,maxram=32768/nginx/n=540,32039,31148,891,13678,19090,32768,13738,0.08,0.08,36445
1781293978,4181.4,maxram=32768/nginx/n=550,32039,31091,948,13678,19090,32768,13755,0.97,0.97,36200
1781293980,4183.4,maxram=32768/nginx/n=550,32039,31224,815,13678,19090,32768,13758,1.15,1.15,36255
1781293982,4185.4,maxram=32768/nginx/n=550,32039,30753,1285,14193,18575,32768,13774,0.94,0.94,36227
1781293984,4187.5,maxram=32768/nginx/n=560,32039,30830,1209,14193,18575,32768,13849,0.77,0.77,36531
1781293986,4189.5,maxram=32768/nginx/n=560,32039,30918,1121,14193,18575,32768,13953,0.63,0.63,36632
1781293988,4191.5,maxram=32768/nginx/n=560,32039,30958,1081,14193,18575,32768,13973,0.52,0.52,36601
1781293990,4193.7,maxram=32768/nginx/n=560,32039,30931,1108,14193,18575,32768,13982,0.42,0.42,36822
1781293992,4195.7,maxram=32768/nginx/n=570,32039,31014,1024,14193,18575,32768,14085,0.34,0.34,36945
1781293994,4197.8,maxram=32768/nginx/n=570,32039,31093,946,14193,18575,32768,14178,0.28,0.28,36864
1781293996,4199.8,maxram=32768/nginx/n=570,32039,31155,884,14193,18575,32768,14241,0.23,0.23,36805
1781293998,4201.8,maxram=32768/nginx/n=580,32039,31225,814,14193,18575,32768,14274,0.19,0.19,36775
1781294000,4203.9,maxram=32768/nginx/n=580,32039,30837,1201,14722,18046,32768,14372,0.33,0.33,36114
1781294002,4205.9,maxram=32768/nginx/n=580,32039,30930,1109,14722,18046,32768,14455,0.27,0.27,36128
1781294004,4207.9,maxram=32768/nginx/n=590,32039,30993,1046,14722,18046,32768,14521,0.22,0.22,36107
1781294006,4210.0,maxram=32768/nginx/n=590,32039,31071,967,14722,18046,32768,14617,0.18,0.18,36097
1781294008,4212.0,maxram=32768/nginx/n=600,32039,31129,909,14722,18046,32768,14719,0.15,0.15,36070
1781294010,4214.0,maxram=32768/nginx/n=600,32039,31183,856,14722,18046,32768,14777,0.12,0.12,36625
1781294012,4216.1,maxram=32768/nginx/n=600,32039,31126,913,14722,18046,32768,14806,0.10,0.10,36561
1781294014,4218.1,maxram=32768/nginx/n=610,32039,31212,827,14722,18046,32768,14808,1.71,1.71,36554
1781294016,4220.2,maxram=32768/nginx/n=610,32039,31212,826,14722,18046,32768,14809,1.40,1.40,36560
1781294019,4222.3,maxram=32768/nginx/n=610,32039,31191,848,14722,18046,32768,14809,1.14,1.14,36551
1781294021,4224.4,maxram=32768/nginx/n=610,32039,31152,887,14722,18046,32768,14809,0.93,0.93,36440
1781294023,4226.4,maxram=32768/nginx/n=610,32039,30733,1306,15241,17527,32768,14819,2.21,2.21,36760
1781294025,4228.4,maxram=32768/nginx/n=620,32039,30808,1231,15241,17527,32768,14872,1.81,1.81,36793
1781294027,4230.5,maxram=32768/nginx/n=620,32039,30898,1140,15241,17527,32768,14931,1.48,1.48,36809
1781294029,4232.5,maxram=32768/nginx/n=630,32039,31000,1038,15241,17527,32768,15029,1.21,1.21,36804
1781294031,4234.6,maxram=32768/nginx/n=630,32039,31058,981,15241,17527,32768,15121,0.99,0.99,36796
1781294033,4236.6,maxram=32768/nginx/n=630,32039,31125,914,15241,17527,32768,15217,0.81,0.81,36791
1781294035,4238.6,maxram=32768/nginx/n=640,32039,31140,898,15241,17527,32768,15272,0.66,0.66,36753
1781294037,4240.7,maxram=32768/nginx/n=640,32039,31231,807,15241,17527,32768,15322,0.54,0.54,36667
1781294039,4242.7,maxram=32768/nginx/n=640,32039,30798,1240,15757,17011,32768,15417,0.44,0.44,36612
1781294041,4244.7,maxram=32768/nginx/n=650,32039,30907,1132,15757,17011,32768,15486,0.36,0.36,36315
1781294043,4246.8,maxram=32768/nginx/n=650,32039,31000,1039,15757,17011,32768,15596,0.29,0.29,36626
1781294045,4248.8,maxram=32768/nginx/n=650,32039,31086,953,15757,17011,32768,15680,0.24,0.24,36545
1781294047,4250.9,maxram=32768/nginx/n=660,32039,31083,956,15757,17011,32768,15728,0.20,0.20,36521
1781294049,4253.0,maxram=32768/nginx/n=660,32039,31077,962,15757,17011,32768,15761,0.16,0.16,36467
1781294051,4255.1,maxram=32768/nginx/n=660,32039,31131,908,15757,17011,32768,15812,0.13,0.13,35746
1781294053,4257.1,maxram=32768/nginx/n=660,32039,31120,919,15757,17011,32768,15842,0.08,0.08,36839
1781294055,4259.2,maxram=32768/nginx/n=660,32039,30790,1249,15757,17011,32768,15847,0.07,0.07,36544
1781294057,4261.2,maxram=32768/nginx/n=660,32039,30676,1362,15757,17011,32768,15847,0.05,0.05,36526
1781294059,4263.2,maxram=32768/nginx/n=660,32039,29776,2263,15757,17011,32768,15848,0.04,0.04,36549
1781294061,4265.3,maxram=32768/nginx/n=660,32039,29740,2299,15757,17011,32768,15850,0.03,0.03,36530
1781294064,4267.3,maxram=32768/nginx/n=660,32039,29716,2322,15757,17011,32768,15849,0.03,0.03,36867
1781294066,4269.3,maxram=32768/nginx/n=660,32039,28825,3214,15757,17011,32768,15852,0.02,0.02,36866
1781294068,4271.4,maxram=32768/nginx/n=660,32039,28791,3248,15757,17011,32768,15852,0.02,0.02,36834
1781294070,4273.4,maxram=32768/nginx/n=660,32039,28738,3301,15757,17011,32768,15851,0.01,0.01,36845
1781294072,4275.4,maxram=32768/nginx/n=660,32039,28739,3300,15757,17011,32768,15852,0.01,0.01,36810
1781294074,4277.6,maxram=32768/nginx/n=660,32039,28730,3309,15757,17011,32768,15848,0.01,0.01,36800
1781294076,4279.7,maxram=32768/nginx/n=660,32039,27791,4247,15757,17011,32768,15849,0.00,0.00,36680
1781294078,4281.7,maxram=32768/nginx/n=660,32039,27767,4272,15757,17011,32768,15849,0.00,0.00,36635
1781294080,4283.7,maxram=32768/nginx/n=660,32039,27731,4307,15757,17011,32768,15848,0.00,0.00,36478
1781294082,4285.8,maxram=32768/nginx/n=660,32039,26810,5229,15757,17011,32768,15850,0.00,0.00,36164
1781294084,4287.8,maxram=32768/nginx/n=660,32039,26781,5258,15757,17011,32768,15849,0.00,0.00,36778
1781294086,4289.8,maxram=32768/nginx/n=660,32039,26753,5286,15757,17011,32768,15848,0.00,0.00,36773
1781294088,4291.9,maxram=32768/nginx/n=660,32039,26063,5976,15757,17011,32768,15850,0.00,0.00,36613
1781294090,4293.9,maxram=32768/nginx/n=660,32039,25782,6256,15757,17011,32768,15849,0.00,0.00,36591
1781294092,4296.0,maxram=32768/nginx/n=660,32039,25762,6277,15757,17011,32768,15848,0.00,0.00,36596
1781294094,4298.1,maxram=32768/nginx/n=660,32039,25764,6275,15757,17011,32768,15848,0.00,0.00,36481
1781294096,4300.2,maxram=32768/nginx/n=660,32039,25757,6282,15757,17011,32768,15848,0.00,0.00,36460
1781294098,4302.2,maxram=32768/nginx/n=660,32039,24862,7177,15757,17011,32768,15849,0.00,0.00,36442
1781294100,4304.3,maxram=32768/nginx/n=660,32039,24845,7193,15757,17011,32768,15849,0.00,0.00,35979
1781294103,4306.3,maxram=32768/nginx/n=660,32039,24823,7216,15757,17011,32768,15848,0.00,0.00,36675
1781294105,4308.3,maxram=32768/nginx/n=660,32039,25329,6710,9843,22925,32768,15850,0.00,0.00,36919
1781294107,4310.4,maxram=32768/nginx/n=660,32039,29892,2147,9843,22925,32768,15849,0.00,0.00,36914
1781294109,4312.4,maxram=32768/nginx/n=660,32039,29879,2160,9843,22925,32768,15848,0.00,0.00,36896
1781294111,4314.5,maxram=32768/nginx/n=660,32039,29046,2993,9843,22925,32768,15850,0.00,0.00,35840
1781294113,4316.5,maxram=32768/nginx/n=660,32039,29015,3023,9843,22925,32768,15850,0.00,0.00,36293
1781294115,4318.7,maxram=32768/nginx/n=660,32039,29034,3005,9843,22925,32768,15850,0.00,0.00,36859
1781294117,4320.8,maxram=32768/nginx/n=660,32039,29023,3016,9843,22925,32768,15850,0.00,0.00,36812
1781294119,4322.8,maxram=32768/nginx/n=660,32039,28971,3068,9843,22925,32768,15849,0.00,0.00,36811
1781294121,4324.9,maxram=32768/nginx/n=660,32039,28158,3881,9843,22925,32768,15850,0.00,0.00,36449
1781294123,4326.9,maxram=32768/nginx/n=660,32039,28114,3925,9843,22925,32768,15849,0.00,0.00,36434
1781294125,4328.9,maxram=32768/nginx/n=660,32039,28111,3928,9843,22925,32768,15848,0.00,0.00,36393
1781294127,4331.0,maxram=32768/nginx/n=660,32039,27281,4758,9843,22925,32768,15850,0.00,0.00,36395
1781294129,4333.0,maxram=32768/nginx/n=660,32039,27268,4771,9843,22925,32768,15849,0.00,0.00,36766
1781294131,4335.0,maxram=32768/nginx/n=660,32039,27222,4817,9843,22925,32768,15848,0.00,0.00,36745
1781294133,4337.1,maxram=32768/nginx/n=660,32039,26388,5651,9843,22925,32768,15850,0.00,0.00,36699
1781294135,4339.1,maxram=32768/nginx/n=660,32039,26386,5653,9843,22925,32768,15846,0.00,0.00,36708
1781294138,4341.3,maxram=32768/nginx/n=660,32039,26373,5666,9843,22925,32768,15846,0.00,0.00,36693
1781294140,4343.4,maxram=32768/nginx/n=660,32039,26348,5691,9843,22925,32768,15845,0.00,0.00,36741
1781294142,4345.4,maxram=32768/nginx/n=660,32039,26337,5702,9843,22925,32768,15844,0.00,0.00,36284
1781294144,4347.4,maxram=32768/nginx/n=660,32039,25463,6576,9843,22925,32768,15846,0.00,0.00,36822
1781294146,4349.5,maxram=32768/nginx/n=660,32039,25468,6571,9843,22925,32768,15845,0.00,0.00,36806
1781294148,4351.5,maxram=32768/nginx/n=660,32039,25459,6580,9843,22925,32768,15845,0.00,0.00,36789
1781294150,4353.5,maxram=32768/nginx/n=660,32039,25429,6610,9843,22925,32768,15844,0.00,0.00,36801
1781294152,4355.6,maxram=32768/nginx/n=660,32039,25043,6996,9843,22925,32768,15844,0.00,0.00,36759
1781294158,4361.7,maxram=32768/hog:256,32039,772,31267,32768,0,32768,1566,0.00,0.00,45310
1781294160,4363.7,maxram=32768/hog:256,32039,832,31207,32768,0,32768,1668,0.00,0.00,44911
1781294162,4365.7,maxram=32768/hog:256,32039,847,31192,32768,0,32768,1697,0.00,0.00,45207
1781294164,4367.8,maxram=32768/hog:256,32039,851,31188,32768,0,32768,1705,0.00,0.00,45402
1781294166,4369.8,maxram=32768/hog:256,32039,958,31081,32768,0,32768,1851,0.00,0.00,45222
1781294168,4371.9,maxram=32768/hog:256,32039,1634,30404,32768,0,32768,2570,0.00,0.00,44503
1781294170,4373.9,maxram=32768/hog:256,32039,2474,29565,32768,0,32768,3559,0.00,0.00,43514
1781294172,4376.0,maxram=32768/hog:256,32039,3535,28503,32768,0,32768,4605,0.00,0.00,41873
1781294174,4378.0,maxram=32768/hog:256/n=10,32039,4609,27430,32768,0,32768,5665,0.00,0.00,41255
1781294176,4380.1,maxram=32768/hog:256/n=10,32039,5420,26618,32768,0,32768,6479,0.00,0.00,40443
1781294178,4382.1,maxram=32768/hog:256/n=20,32039,6417,25622,32768,0,32768,7499,0.00,0.00,39685
1781294180,4384.1,maxram=32768/hog:256/n=20,32039,7477,24562,32768,0,32768,8556,0.00,0.00,38503
1781294182,4386.2,maxram=32768/hog:256/n=20,32039,8308,23731,32768,0,32768,9398,0.00,0.00,38096
1781294184,4388.2,maxram=32768/hog:256/n=30,32039,9358,22681,32768,0,32768,10466,0.00,0.00,37502
1781294186,4390.2,maxram=32768/hog:256/n=30,32039,10215,21824,32768,0,32768,11306,0.00,0.00,37139
1781294188,4392.3,maxram=32768/hog:256/n=30,32039,11281,20758,32768,0,32768,12371,0.00,0.00,37320
1781294191,4394.3,maxram=32768/hog:256/n=40,32039,12080,19959,32768,0,32768,13176,0.00,0.00,37027
1781294193,4396.3,maxram=32768/hog:256/n=40,32039,13132,18906,32768,0,32768,14221,0.00,0.00,36613
1781294195,4398.4,maxram=32768/hog:256/n=40,32039,13911,18127,32768,0,32768,15011,0.00,0.00,35701
1781294197,4400.6,maxram=32768/hog:256/n=40,32039,13914,18125,32768,0,32768,15018,0.00,0.00,36300
1781294199,4402.7,maxram=32768/hog:256/n=50,32039,14461,17578,32768,0,32768,15566,0.00,0.00,35905
1781294201,4404.7,maxram=32768/hog:256/n=50,32039,15792,16247,32768,0,32768,16882,0.00,0.00,35796
1781294203,4406.7,maxram=32768/hog:256/n=50,32039,31570,469,17889,14879,32768,17749,0.00,0.00,35900
1781294205,4408.8,maxram=32768/hog:256/n=60,32039,21265,10774,32768,0,32768,18284,0.00,0.00,35710
1781294207,4410.8,maxram=32768/hog:256/n=60,32039,18536,13503,32768,0,32768,19222,0.54,0.54,35683
1781294209,4412.8,maxram=32768/hog:256/n=70,32039,19618,12421,32768,0,32768,20316,0.44,0.44,35662
1781294211,4414.9,maxram=32768/hog:256/n=70,32039,20942,11097,32768,0,32768,21645,0.36,0.36,35674
1781294213,4416.9,maxram=32768/hog:256/n=70,32039,22011,10027,32768,0,32768,22725,0.29,0.29,35677
1781294215,4419.0,maxram=32768/hog:256/n=80,32039,23074,8965,32768,0,32768,23795,0.24,0.24,35677
1781294217,4421.0,maxram=32768/hog:256/n=80,32039,24148,7891,32768,0,32768,24876,0.19,0.19,35498
1781294219,4423.0,maxram=32768/hog:256/n=90,32039,25199,6839,32768,0,32768,25943,0.16,0.16,35990
1781294221,4425.1,maxram=32768/hog:256/n=90,32039,26273,5766,32768,0,32768,27008,0.10,0.10,35787
1781294224,4427.3,maxram=32768/hog:256/n=90,32039,26283,5756,32768,0,32768,27026,0.08,0.08,35654
1781294226,4429.5,maxram=32768/hog:256/n=90,32039,26778,5261,32768,0,32768,27535,0.07,0.07,36153
1781294228,4431.6,maxram=32768/hog:256/n=100,32039,27604,4434,32768,0,32768,28376,0.05,0.05,35472
1781294230,4433.6,maxram=32768/hog:256/n=100,32039,28919,3120,32768,0,32768,29699,0.04,0.04,35899
1781294232,4435.7,maxram=32768/hog:256/n=100,32039,29995,2044,32768,0,32768,30777,0.03,0.03,35310
1781294234,4437.7,maxram=32768/hog:256/n=110,32039,30924,1115,32768,0,32768,31718,0.03,0.03,35401
1781294236,4439.7,maxram=32768/hog:256/n=110,32039,31821,218,32768,0,32768,32683,0.02,0.02,35908
1781294238,4442.3,maxram=32768/hog:256/n=110,32039,32010,29,32768,0,32768,32713,7.63,7.63,35872
1781294241,4444.3,maxram=32768/hog:256/n=110,32039,32000,38,32768,0,32768,32714,16.57,16.39,35763
1781294243,4446.5,maxram=32768/hog:256/n=110,32039,32000,39,32768,0,32768,32714,22.08,21.93,35762
1781294245,4448.6,maxram=32768/hog:256/n=110,32039,31996,43,32768,0,32768,32715,29.86,29.55,35731
1781294247,4450.7,maxram=32768/hog:256/n=110,32039,32011,28,32768,0,32768,32715,31.15,30.90,35318
1781294249,4452.9,maxram=32768/hog:256/n=110,32039,31992,47,32768,0,32768,32717,37.46,37.08,35911
1781294251,4455.0,maxram=32768/hog:256/n=110,32039,31983,56,32768,0,32768,32718,42.99,42.50,35820
1781294253,4457.1,maxram=32768/hog:256/n=110,32039,31983,56,32768,0,32768,32718,41.91,41.50,35609
1781294255,4459.2,maxram=32768/hog:256/n=110,32039,31989,50,32768,0,32768,32719,42.60,42.18,35579
1781294257,4461.3,maxram=32768/hog:256/n=110,32039,31996,43,32768,0,32768,32719,47.74,47.22,35562
1781294261,4464.3,maxram=32768/hog:256/n=110,32039,32031,8,32768,0,32768,32718,44.35,43.91,36067
1781294263,4467.2,maxram=32768/hog:256/n=110,32039,32016,23,32768,0,32768,32719,50.80,50.09,36014
1781294266,4469.3,maxram=32768/hog:256/n=110,32039,32015,24,32768,0,32768,32719,59.12,58.02,36022
1781294270,4473.5,maxram=32768/hog:256/n=110,32039,32021,18,32768,0,32768,32719,60.49,59.57,35970
1781294273,4476.8,maxram=32768/hog:256/n=120,32039,32017,22,32768,0,32768,32720,54.06,53.31,35779
1781294275,4479.0,maxram=32768/hog:256/n=120,32039,32028,11,32768,0,32768,32720,59.67,58.87,35799
1781294278,4481.9,maxram=32768/hog:256/n=120,32039,32020,19,32768,0,32768,32720,58.52,57.80,35558
1781294280,4484.0,maxram=32768/hog:256/n=120,32039,32026,13,32768,0,32768,32724,62.41,61.46,35881
1781294284,4488.3,maxram=32768/hog:256/n=120,32039,32016,23,32768,0,32768,32724,59.60,58.60,36471
1781294289,4492.7,maxram=32768/hog:256/n=120,32039,32030,9,32768,0,32768,32724,57.57,56.57,36465
1781294293,4496.8,maxram=32768/hog:256/n=120,32039,32022,17,32768,0,32768,32726,56.99,55.99,35801
1781294297,4501.1,maxram=32768/hog:256/n=120,32039,32017,22,32768,0,32768,32726,53.47,52.65,36440
1781294302,4505.7,maxram=32768/hog:256/n=120,32039,32011,28,32768,0,32768,32726,33.66,33.21,36410
1781294304,4508.1,maxram=32768/hog:256/n=120,32039,32024,14,32768,0,32768,32724,28.10,27.74,35602
1781294307,4510.7,maxram=32768/hog:256/n=120,32039,32018,20,32768,0,32768,32724,31.71,31.04,36222
1781294309,4512.9,maxram=32768/hog:256/n=120,32039,32022,17,32768,0,32768,32724,41.00,39.91,36162
1781294312,4516.1,maxram=32768/hog:256/n=120,32039,32026,13,32768,0,32768,32724,45.63,44.53,36140
1781294316,4520.2,maxram=32768/hog:256/n=120,32039,32027,12,32768,0,32768,32724,50.19,49.10,36124
1781294318,4522.3,maxram=32768/hog:256/n=120,32039,32011,28,32768,0,32768,32725,49.61,48.54,36337
1781294321,4524.3,maxram=32768/hog:256/n=120,32039,32024,15,32768,0,32768,32725,53.12,52.06,36004
1781294323,4527.1,maxram=32768/hog:256/n=120,32039,32018,21,32768,0,32768,32725,52.01,50.96,36248
1781294327,4530.4,maxram=32768/hog:256/n=120,32039,32020,19,32768,0,32768,32726,58.61,57.40,36259
1781294331,4534.4,maxram=32768/hog:256/n=120,32039,32009,30,32768,0,32768,32726,59.35,58.38,36602
1781294335,4538.5,maxram=65536/idle,64183,930,63253,65536,0,65536,2059,0.00,0.00,41904
1781294337,4540.5,maxram=65536/idle,64183,1057,63126,65536,0,65536,2247,0.00,0.00,41784
1781294339,4542.6,maxram=65536/idle,64183,1000,63182,65536,0,65536,2267,0.00,0.00,41760
1781294341,4544.6,maxram=65536/idle,64183,1012,63171,65536,0,65536,2273,0.00,0.00,41857
1781294343,4546.6,maxram=65536/idle,64183,1099,63084,65536,0,65536,2376,0.00,0.00,42170
1781294345,4548.7,maxram=65536/idle,64183,1116,63066,65536,0,65536,2393,0.00,0.00,42141
1781294347,4550.8,maxram=65536/idle,64183,1159,63024,65536,0,65536,2431,0.00,0.00,42071
1781294349,4552.9,maxram=65536/idle,64183,1214,62969,65536,0,65536,2615,0.00,0.00,41920
1781294351,4554.9,maxram=65536/idle,64183,1294,62889,65536,0,65536,2751,0.00,0.00,40938
1781294353,4557.0,maxram=65536/idle,64183,1329,62853,65536,0,65536,2786,0.00,0.00,41201
1781294355,4559.0,maxram=65536/idle,64183,1431,62752,65536,0,65536,2912,0.00,0.00,41824
1781294357,4561.0,maxram=65536/idle,64183,1441,62742,65536,0,65536,2930,0.00,0.00,41759
1781294359,4563.1,maxram=65536/idle,64183,1456,62727,65536,0,65536,2953,0.00,0.00,41124
1781294361,4565.1,maxram=65536/idle,64183,1499,62684,65536,0,65536,3014,0.00,0.00,40771
1781294363,4567.1,maxram=65536/idle/n=10,64183,1531,62652,65536,0,65536,3048,0.00,0.00,40740
1781294365,4569.2,maxram=65536/idle/n=10,64183,1531,62651,65536,0,65536,3079,0.00,0.00,40710
1781294367,4571.2,maxram=65536/idle/n=10,64183,1567,62616,65536,0,65536,3096,0.00,0.00,40700
1781294369,4573.3,maxram=65536/idle/n=20,64183,1589,62593,65536,0,65536,3118,0.00,0.00,40618
1781294372,4575.3,maxram=65536/idle/n=20,64183,1609,62574,65536,0,65536,3144,0.00,0.00,40594
1781294374,4577.5,maxram=65536/idle/n=20,64183,1608,62574,65536,0,65536,3145,0.00,0.00,40588
1781294376,4579.5,maxram=65536/idle/n=20,64183,1630,62553,65536,0,65536,3159,0.00,0.00,40588
1781294378,4581.5,maxram=65536/idle/n=30,64183,1660,62523,65536,0,65536,3187,0.00,0.00,40659
1781294380,4583.6,maxram=65536/idle/n=30,64183,27076,37107,5766,59770,65536,3246,0.00,0.00,40501
1781294382,4585.6,maxram=65536/idle/n=40,64183,61515,2667,5766,59770,65536,3323,0.00,0.00,40380
1781294384,4587.7,maxram=65536/idle/n=40,64183,61525,2658,5766,59770,65536,3354,0.00,0.00,40459
1781294386,4589.7,maxram=65536/idle/n=50,64183,61566,2616,5766,59770,65536,3380,0.00,0.00,40470
1781294388,4591.7,maxram=65536/idle/n=50,64183,61582,2601,5766,59770,65536,3421,0.00,0.00,39846
1781294390,4593.8,maxram=65536/idle/n=50,64183,61643,2539,5766,59770,65536,3459,0.00,0.00,40460
1781294392,4595.8,maxram=65536/idle/n=60,64183,61671,2512,5766,59770,65536,3495,0.00,0.00,40424
1781294394,4597.8,maxram=65536/idle/n=60,64183,61689,2494,5766,59770,65536,3520,0.00,0.00,40422
1781294396,4599.9,maxram=65536/idle/n=70,64183,61720,2463,5766,59770,65536,3550,0.00,0.00,40409
1781294398,4601.9,maxram=65536/idle/n=70,64183,61731,2452,5766,59770,65536,3558,0.00,0.00,40483
1781294400,4604.1,maxram=65536/idle/n=70,64183,61732,2450,5766,59770,65536,3559,0.00,0.00,40446
1781294402,4606.2,maxram=65536/idle/n=70,64183,61802,2381,5766,59770,65536,3615,0.00,0.00,41153
1781294404,4608.3,maxram=65536/idle/n=80,64183,61851,2331,5766,59770,65536,3655,0.00,0.00,41459
1781294407,4610.3,maxram=65536/idle/n=80,64183,61914,2269,5766,59770,65536,3712,0.00,0.00,41258
1781294409,4612.3,maxram=65536/idle/n=80,64183,61932,2251,5766,59770,65536,3744,0.00,0.00,41273
1781294411,4614.4,maxram=65536/idle/n=90,64183,61974,2209,5766,59770,65536,3780,0.00,0.00,40450
1781294413,4616.4,maxram=65536/idle/n=90,64183,61487,2696,6297,59239,65536,3832,0.00,0.00,40729
1781294415,4618.4,maxram=65536/idle/n=100,64183,61489,2693,6297,59239,65536,3867,0.00,0.00,41157
1781294417,4620.5,maxram=65536/idle/n=100,64183,61520,2662,6297,59239,65536,3899,0.00,0.00,41122
1781294419,4622.5,maxram=65536/idle/n=110,64183,61550,2632,6297,59239,65536,3948,0.00,0.00,41058
1781294421,4624.6,maxram=65536/idle/n=110,64183,61581,2602,6297,59239,65536,3984,0.00,0.00,41066
1781294423,4626.6,maxram=65536/idle/n=110,64183,61617,2565,6297,59239,65536,4019,0.00,0.00,41039
1781294425,4628.6,maxram=65536/idle/n=120,64183,61626,2556,6297,59239,65536,4030,0.00,0.00,41018
1781294427,4630.9,maxram=65536/idle/n=120,64183,61623,2560,6297,59239,65536,4033,0.00,0.00,40299
1781294429,4633.1,maxram=65536/idle/n=120,64183,61636,2547,6297,59239,65536,4065,0.00,0.00,40999
1781294431,4635.1,maxram=65536/idle/n=120,64183,61706,2477,6297,59239,65536,4116,0.00,0.00,40891
1781294433,4637.2,maxram=65536/idle/n=130,64183,61720,2463,6297,59239,65536,4145,0.00,0.00,40864
1781294435,4639.2,maxram=65536/idle/n=130,64183,61768,2415,6297,59239,65536,4193,0.00,0.00,40823
1781294437,4641.2,maxram=65536/idle/n=140,64183,61802,2380,6297,59239,65536,4233,0.00,0.00,40816
1781294439,4643.2,maxram=65536/idle/n=140,64183,61809,2374,6297,59239,65536,4254,0.00,0.00,40752
1781294442,4645.3,maxram=65536/idle/n=140,64183,61845,2338,6297,59239,65536,4277,0.00,0.00,40729
1781294444,4647.3,maxram=65536/idle/n=150,64183,61881,2302,6297,59239,65536,4315,0.00,0.00,40710
1781294446,4649.4,maxram=65536/idle/n=150,64183,61449,2734,6811,58725,65536,4335,0.00,0.00,40646
1781294448,4651.4,maxram=65536/idle/n=160,64183,61475,2708,6811,58725,65536,4370,0.00,0.00,40647
1781294450,4653.4,maxram=65536/idle/n=160,64183,61512,2671,6811,58725,65536,4410,0.00,0.00,40535
1781294452,4655.5,maxram=65536/idle/n=160,64183,61530,2652,6811,58725,65536,4436,0.00,0.00,40611
1781294454,4657.7,maxram=65536/idle/n=160,64183,61517,2666,6811,58725,65536,4437,0.00,0.00,40632
1781294456,4659.7,maxram=65536/idle/n=170,64183,61531,2652,6811,58725,65536,4450,0.00,0.00,40610
1781294458,4661.8,maxram=65536/idle/n=170,64183,61566,2617,6811,58725,65536,4485,0.00,0.00,40152
1781294460,4663.8,maxram=65536/idle/n=170,64183,61600,2582,6811,58725,65536,4526,0.00,0.00,40569
1781294462,4665.9,maxram=65536/idle/n=180,64183,61641,2542,6811,58725,65536,4554,0.00,0.00,40527
1781294464,4667.9,maxram=65536/idle/n=180,64183,61677,2505,6811,58725,65536,4604,0.00,0.00,40772
1781294466,4669.9,maxram=65536/idle/n=190,64183,61684,2499,6811,58725,65536,4628,0.00,0.00,40744
1781294468,4672.0,maxram=65536/idle/n=190,64183,61723,2460,6811,58725,65536,4663,0.00,0.00,40703
1781294470,4674.0,maxram=65536/idle/n=200,64183,61770,2413,6811,58725,65536,4709,0.00,0.00,40666
1781294472,4676.0,maxram=65536/idle/n=200,64183,61779,2404,6811,58725,65536,4740,0.00,0.00,40644
1781294474,4678.1,maxram=65536/idle/n=200,64183,61821,2362,6811,58725,65536,4776,0.00,0.00,40614
1781294476,4680.1,maxram=65536/idle/n=210,64183,61832,2351,6811,58725,65536,4794,0.00,0.00,40576
1781294478,4682.1,maxram=65536/idle/n=210,64183,61861,2322,6811,58725,65536,4820,0.00,0.00,40392
1781294481,4684.4,maxram=65536/idle/n=210,64183,61880,2303,6811,58725,65536,4827,0.00,0.00,40500
1781294483,4686.6,maxram=65536/idle/n=210,64183,61915,2268,6811,58725,65536,4838,0.00,0.00,40497
1781294485,4688.7,maxram=65536/idle/n=220,64183,61451,2732,7338,58198,65536,4866,0.00,0.00,40526
1781294487,4690.7,maxram=65536/idle/n=220,64183,61500,2683,7338,58198,65536,4925,0.00,0.00,40482
1781294489,4692.8,maxram=65536/idle/n=230,64183,61511,2672,7338,58198,65536,4948,0.00,0.00,40521
1781294491,4694.8,maxram=65536/idle/n=230,64183,61554,2628,7338,58198,65536,4997,0.00,0.00,40516
1781294493,4696.8,maxram=65536/idle/n=230,64183,61575,2607,7338,58198,65536,5035,0.00,0.00,40481
1781294495,4698.9,maxram=65536/idle/n=240,64183,61591,2592,7338,58198,65536,5061,0.00,0.00,40458
1781294497,4700.9,maxram=65536/idle/n=240,64183,61625,2558,7338,58198,65536,5099,0.00,0.00,40400
1781294499,4702.9,maxram=65536/idle/n=250,64183,61660,2523,7338,58198,65536,5140,0.00,0.00,40354
1781294501,4705.0,maxram=65536/idle/n=250,64183,61694,2488,7338,58198,65536,5185,0.00,0.00,40299
1781294503,4707.0,maxram=65536/idle/n=250,64183,61746,2437,7338,58198,65536,5220,0.00,0.00,40271
1781294505,4709.0,maxram=65536/idle/n=260,64183,61781,2402,7338,58198,65536,5266,0.00,0.00,40237
1781294507,4711.1,maxram=65536/idle/n=260,64183,61799,2384,7338,58198,65536,5272,0.00,0.00,40228
1781294509,4713.2,maxram=65536/idle/n=260,64183,61800,2383,7338,58198,65536,5282,0.00,0.00,40220
1781294511,4715.2,maxram=65536/idle/n=260,64183,61822,2361,7338,58198,65536,5299,0.00,0.00,40209
1781294514,4717.3,maxram=65536/idle/n=270,64183,61838,2345,7338,58198,65536,5325,0.00,0.00,40202
1781294516,4719.3,maxram=65536/idle/n=270,64183,61868,2314,7338,58198,65536,5359,0.00,0.00,40186
1781294518,4721.4,maxram=65536/idle/n=280,64183,61886,2297,7338,58198,65536,5388,0.00,0.00,39653
1781294520,4723.4,maxram=65536/idle/n=280,64183,61443,2740,7859,57677,65536,5425,0.00,0.00,40018
1781294522,4725.4,maxram=65536/idle/n=280,64183,61503,2680,7859,57677,65536,5470,0.00,0.00,39987
1781294524,4727.5,maxram=65536/idle/n=290,64183,61526,2657,7859,57677,65536,5502,0.00,0.00,40291
1781294526,4729.5,maxram=65536/idle/n=290,64183,61552,2631,7859,57677,65536,5540,0.00,0.00,40234
1781294528,4731.5,maxram=65536/idle/n=300,64183,61562,2621,7859,57677,65536,5560,0.00,0.00,39859
1781294530,4733.6,maxram=65536/idle/n=300,64183,61607,2576,7859,57677,65536,5606,0.00,0.00,40187
1781294532,4735.6,maxram=65536/idle/n=300,64183,61638,2544,7859,57677,65536,5652,0.00,0.00,39448
1781294534,4737.6,maxram=65536/idle/n=310,64183,61672,2511,7859,57677,65536,5686,0.00,0.00,40211
1781294536,4739.7,maxram=65536/idle/n=310,64183,61676,2507,7859,57677,65536,5688,0.00,0.00,40168
1781294538,4741.8,maxram=65536/idle/n=310,64183,61681,2502,7859,57677,65536,5694,0.00,0.00,39578
1781294540,4743.9,maxram=65536/idle/n=310,64183,61714,2469,7859,57677,65536,5729,0.00,0.00,39443
1781294542,4745.9,maxram=65536/idle/n=320,64183,61751,2432,7859,57677,65536,5771,0.00,0.00,39403
1781294544,4747.9,maxram=65536/idle/n=320,64183,61797,2386,7859,57677,65536,5811,0.00,0.00,39346
1781294546,4750.0,maxram=65536/idle/n=330,64183,61835,2347,7859,57677,65536,5855,0.00,0.00,39462
1781294548,4752.0,maxram=65536/idle/n=330,64183,61853,2330,7859,57677,65536,5875,0.00,0.00,39383
1781294550,4754.0,maxram=65536/idle/n=330,64183,61867,2316,7859,57677,65536,5890,0.00,0.00,40037
1781294552,4756.1,maxram=65536/idle/n=330,64183,61863,2320,7859,57677,65536,5902,0.00,0.00,40016
1781294554,4758.1,maxram=65536/idle/n=340,64183,61890,2293,7859,57677,65536,5919,0.00,0.00,39911
1781294556,4760.2,maxram=65536/idle/n=340,64183,61927,2256,7859,57677,65536,5931,0.00,0.00,39900
1781294558,4762.2,maxram=65536/idle/n=340,64183,61448,2734,8394,57142,65536,5971,0.00,0.00,39818
1781294560,4764.2,maxram=65536/idle/n=340,64183,61493,2689,8394,57142,65536,6019,0.00,0.00,39794
1781294562,4766.3,maxram=65536/idle/n=350,64183,61507,2675,8394,57142,65536,6056,0.00,0.00,39165
1781294565,4768.3,maxram=65536/idle/n=350,64183,61530,2652,8394,57142,65536,6089,0.00,0.00,39929
1781294567,4770.4,maxram=65536/idle/n=360,64183,61554,2629,8394,57142,65536,6124,0.00,0.00,39845
1781294569,4772.4,maxram=65536/idle/n=360,64183,61580,2602,8394,57142,65536,6150,0.00,0.00,39825
1781294571,4774.5,maxram=65536/idle/n=360,64183,61579,2604,8394,57142,65536,6152,0.00,0.00,39814
1781294573,4776.6,maxram=65536/idle/n=360,64183,61597,2586,8394,57142,65536,6171,0.00,0.00,39794
1781294575,4778.6,maxram=65536/idle/n=360,64183,61618,2565,8394,57142,65536,6184,0.00,0.00,39805
1781294577,4780.6,maxram=65536/idle/n=370,64183,61647,2536,8394,57142,65536,6217,0.00,0.00,39760
1781294579,4782.7,maxram=65536/idle/n=370,64183,61679,2503,8394,57142,65536,6248,0.00,0.00,39693
1781294581,4784.7,maxram=65536/idle/n=370,64183,61705,2477,8394,57142,65536,6287,0.00,0.00,39395
1781294583,4786.8,maxram=65536/idle/n=380,64183,61734,2448,8394,57142,65536,6317,0.00,0.00,39686
1781294585,4788.8,maxram=65536/idle/n=380,64183,61783,2399,8394,57142,65536,6361,0.00,0.00,39668
1781294587,4790.8,maxram=65536/idle/n=380,64183,61812,2371,8394,57142,65536,6388,0.00,0.00,39637
1781294589,4792.9,maxram=65536/idle/n=390,64183,61833,2349,8394,57142,65536,6415,0.00,0.00,39612
1781294591,4794.9,maxram=65536/idle/n=390,64183,61839,2344,8394,57142,65536,6438,0.00,0.00,39038
1781294593,4796.9,maxram=65536/idle/n=400,64183,61857,2326,8394,57142,65536,6458,0.00,0.00,39272
1781294595,4799.0,maxram=65536/idle/n=400,64183,61904,2279,8394,57142,65536,6491,0.00,0.00,39721
1781294597,4801.0,maxram=65536/idle/n=400,64183,61961,2222,8394,57142,65536,6517,0.00,0.00,39650
1781294599,4803.0,maxram=65536/idle/n=410,64183,61472,2710,8919,56617,65536,6552,0.00,0.00,39695
1781294601,4805.1,maxram=65536/idle/n=410,64183,61507,2676,8919,56617,65536,6586,0.00,0.00,39659
1781294604,4807.4,maxram=65536/idle/n=410,64183,61497,2685,8919,56617,65536,6593,0.00,0.00,39656
1781294606,4809.5,maxram=65536/idle/n=410,64183,61486,2696,8919,56617,65536,6599,0.00,0.00,39646
1781294608,4811.6,maxram=65536/idle/n=410,64183,61530,2653,8919,56617,65536,6631,0.00,0.00,39612
1781294610,4813.6,maxram=65536/idle/n=420,64183,61556,2627,8919,56617,65536,6652,0.00,0.00,39602
1781294612,4815.7,maxram=65536/idle/n=420,64183,61584,2598,8919,56617,65536,6698,0.00,0.00,39525
1781294614,4817.7,maxram=65536/idle/n=420,64183,61597,2585,8919,56617,65536,6716,0.00,0.00,39530
1781294616,4819.7,maxram=65536/idle/n=430,64183,61636,2547,8919,56617,65536,6748,0.00,0.00,39372
1781294618,4821.8,maxram=65536/idle/n=430,64183,61663,2520,8919,56617,65536,6779,0.00,0.00,38962
1781294620,4823.8,maxram=65536/idle/n=440,64183,61700,2483,8919,56617,65536,6822,0.00,0.00,39024
1781294622,4825.8,maxram=65536/idle/n=440,64183,61734,2449,8919,56617,65536,6850,0.00,0.00,38889
1781294624,4827.9,maxram=65536/idle/n=440,64183,61763,2420,8919,56617,65536,6887,0.00,0.00,38084
1781294626,4829.9,maxram=65536/idle/n=450,64183,61813,2370,8919,56617,65536,6927,0.00,0.00,39027
1781294628,4831.9,maxram=65536/idle/n=450,64183,61847,2335,8919,56617,65536,6954,0.00,0.00,38895
1781294630,4834.0,maxram=65536/idle/n=460,64183,61850,2332,8919,56617,65536,6981,0.00,0.00,38930
1781294632,4836.0,maxram=65536/idle/n=460,64183,61871,2311,8919,56617,65536,7009,0.00,0.00,38872
1781294634,4838.2,maxram=65536/idle/n=460,64183,61858,2325,8919,56617,65536,7011,0.00,0.00,38852
1781294637,4840.3,maxram=65536/idle/n=460,64183,61892,2290,8919,56617,65536,7033,0.00,0.00,38752
1781294639,4842.3,maxram=65536/idle/n=470,64183,61449,2734,9449,56087,65536,7065,0.00,0.00,38703
1781294641,4844.4,maxram=65536/idle/n=470,64183,61485,2697,9449,56087,65536,7115,0.00,0.00,38395
1781294643,4846.4,maxram=65536/idle/n=470,64183,61521,2662,9449,56087,65536,7160,0.00,0.00,38760
1781294645,4848.4,maxram=65536/idle/n=480,64183,61532,2650,9449,56087,65536,7181,0.00,0.00,38711
1781294647,4850.5,maxram=65536/idle/n=480,64183,61569,2614,9449,56087,65536,7221,0.00,0.00,38699
1781294649,4852.5,maxram=65536/idle/n=480,64183,61604,2579,9449,56087,65536,7263,0.00,0.00,39057
1781294651,4854.5,maxram=65536/idle/n=490,64183,61632,2551,9449,56087,65536,7296,0.00,0.00,38416
1781294653,4856.6,maxram=65536/idle/n=490,64183,61663,2520,9449,56087,65536,7335,0.00,0.00,38606
1781294655,4858.6,maxram=65536/idle/n=500,64183,61703,2480,9449,56087,65536,7373,0.00,0.00,39142
1781294657,4860.7,maxram=65536/idle/n=500,64183,61730,2452,9449,56087,65536,7403,0.00,0.00,39032
1781294659,4862.7,maxram=65536/idle/n=500,64183,61755,2427,9449,56087,65536,7438,0.00,0.00,38931
1781294661,4864.7,maxram=65536/idle/n=510,64183,61791,2392,9449,56087,65536,7477,0.00,0.00,38540
1781294663,4866.8,maxram=65536/idle/n=510,64183,61766,2417,9449,56087,65536,7485,0.00,0.00,38536
1781294666,4869.4,maxram=65536/idle/n=510,64183,61775,2407,9449,56087,65536,7492,0.00,0.00,38543
1781294668,4871.5,maxram=65536/idle/n=510,64183,61837,2346,9449,56087,65536,7513,0.00,0.00,38655
1781294670,4873.5,maxram=65536/idle/n=520,64183,61844,2338,9449,56087,65536,7547,0.00,0.00,38598
1781294672,4875.6,maxram=65536/idle/n=520,64183,61885,2298,9449,56087,65536,7585,0.00,0.00,38916
1781294674,4877.6,maxram=65536/idle/n=530,64183,61942,2241,9449,56087,65536,7609,0.00,0.00,38878
1781294676,4879.6,maxram=65536/idle/n=530,64183,61474,2709,9977,55559,65536,7652,0.00,0.00,38326
1781294678,4881.7,maxram=65536/idle/n=530,64183,61512,2671,9977,55559,65536,7703,0.00,0.00,38876
1781294680,4883.7,maxram=65536/idle/n=540,64183,61509,2673,9977,55559,65536,7724,0.00,0.00,38858
1781294682,4885.8,maxram=65536/idle/n=540,64183,61563,2619,9977,55559,65536,7772,0.00,0.00,38806
1781294684,4887.8,maxram=65536/idle/n=550,64183,61585,2598,9977,55559,65536,7808,0.00,0.00,38282
1781294686,4889.8,maxram=65536/idle/n=550,64183,61613,2569,9977,55559,65536,7819,0.00,0.00,38872
1781294688,4891.9,maxram=65536/idle/n=550,64183,61654,2529,9977,55559,65536,7862,0.00,0.00,38265
1781294690,4893.9,maxram=65536/idle/n=560,64183,61699,2483,9977,55559,65536,7917,0.00,0.00,38706
1781294692,4895.9,maxram=65536/idle/n=560,64183,61688,2495,9977,55559,65536,7935,0.00,0.00,38763
1781294694,4898.1,maxram=65536/idle/n=560,64183,61687,2496,9977,55559,65536,7937,0.00,0.00,38743
1781294696,4900.2,maxram=65536/idle/n=560,64183,61745,2437,9977,55559,65536,7974,0.00,0.00,38729
1781294698,4902.3,maxram=65536/idle/n=570,64183,61772,2411,9977,55559,65536,7999,0.00,0.00,37936
1781294701,4904.3,maxram=65536/idle/n=570,64183,61799,2384,9977,55559,65536,8021,0.00,0.00,38377
1781294703,4906.3,maxram=65536/idle/n=570,64183,61842,2341,9977,55559,65536,8067,0.00,0.00,38325
1781294705,4908.4,maxram=65536/idle/n=580,64183,61830,2353,9977,55559,65536,8090,0.00,0.00,38627
1781294707,4910.4,maxram=65536/idle/n=580,64183,61846,2337,9977,55559,65536,8099,0.00,0.00,38618
1781294709,4912.4,maxram=65536/idle/n=580,64183,61892,2290,9977,55559,65536,8127,0.00,0.00,38576
1781294711,4914.5,maxram=65536/idle/n=590,64183,61429,2753,10492,55044,65536,8144,0.00,0.00,37812
1781294713,4916.5,maxram=65536/idle/n=590,64183,61483,2700,10492,55044,65536,8203,0.00,0.00,38251
1781294715,4918.5,maxram=65536/idle/n=600,64183,61492,2690,10492,55044,65536,8235,0.00,0.00,38599
1781294717,4920.6,maxram=65536/idle/n=600,64183,61538,2644,10492,55044,65536,8272,0.00,0.00,38549
1781294719,4922.6,maxram=65536/idle/n=600,64183,61573,2610,10492,55044,65536,8306,0.00,0.00,38512
1781294721,4924.7,maxram=65536/idle/n=600,64183,61563,2619,10492,55044,65536,8308,0.00,0.00,38507
1781294723,4927.0,maxram=65536/idle/n=600,64183,61573,2610,10492,55044,65536,8318,0.00,0.00,38212
1781294725,4929.0,maxram=65536/idle/n=610,64183,61609,2574,10492,55044,65536,8350,0.00,0.00,38189
1781294727,4931.1,maxram=65536/idle/n=610,64183,61655,2527,10492,55044,65536,8393,0.00,0.00,38141
1781294729,4933.1,maxram=65536/idle/n=620,64183,61660,2523,10492,55044,65536,8433,0.00,0.00,38217
1781294731,4935.1,maxram=65536/idle/n=620,64183,61714,2468,10492,55044,65536,8464,0.00,0.00,38152
1781294733,4937.2,maxram=65536/idle/n=620,64183,61746,2437,10492,55044,65536,8508,0.00,0.00,38059
1781294735,4939.2,maxram=65536/idle/n=630,64183,61813,2370,10492,55044,65536,8548,0.00,0.00,38387
1781294737,4941.2,maxram=65536/idle/n=630,64183,61828,2354,10492,55044,65536,8579,0.00,0.00,38353
1781294739,4943.3,maxram=65536/idle/n=640,64183,61842,2341,10492,55044,65536,8602,0.00,0.00,38326
1781294742,4945.3,maxram=65536/idle/n=640,64183,61874,2308,10492,55044,65536,8634,0.00,0.00,38297
1781294744,4947.3,maxram=65536/idle/n=640,64183,61924,2259,10492,55044,65536,8662,0.00,0.00,38269
1781294746,4949.4,maxram=65536/idle/n=650,64183,61445,2738,11011,54525,65536,8703,0.00,0.00,38219
1781294748,4951.4,maxram=65536/idle/n=650,64183,61489,2693,11011,54525,65536,8735,0.00,0.00,38142
1781294750,4953.6,maxram=65536/idle/n=650,64183,61473,2710,11011,54525,65536,8736,0.00,0.00,38143
1781294752,4955.8,maxram=65536/idle/n=650,64183,61486,2697,11011,54525,65536,8748,0.00,0.00,38304
1781294754,4957.8,maxram=65536/idle/n=660,64183,61519,2664,11011,54525,65536,8793,0.00,0.00,38268
1781294756,4959.9,maxram=65536/idle/n=660,64183,61541,2642,11011,54525,65536,8813,0.00,0.00,38247
1781294758,4961.9,maxram=65536/idle/n=660,64183,61566,2616,11011,54525,65536,8842,0.00,0.00,37733
1781294760,4963.9,maxram=65536/idle/n=670,64183,61602,2581,11011,54525,65536,8879,0.00,0.00,37963
1781294762,4966.0,maxram=65536/idle/n=670,64183,61637,2546,11011,54525,65536,8915,0.00,0.00,37919
1781294764,4968.0,maxram=65536/idle/n=670,64183,61654,2528,11011,54525,65536,8942,0.00,0.00,38227
1781294766,4970.0,maxram=65536/idle/n=680,64183,61651,2531,11011,54525,65536,8965,0.00,0.00,38192
1781294768,4972.0,maxram=65536/idle/n=680,64183,61770,2412,11011,54525,65536,9049,0.00,0.00,37756
1781294770,4974.1,maxram=65536/idle/n=680,64183,61387,2796,11011,54525,65536,9071,0.00,0.00,37738
1781294772,4976.1,maxram=65536/idle/n=680,64183,61375,2807,11011,54525,65536,9071,0.00,0.00,37117
1781294774,4978.2,maxram=65536/idle/n=680,64183,61008,3174,11011,54525,65536,9078,0.00,0.00,37793
1781294776,4980.2,maxram=65536/idle/n=680,64183,60991,3191,11011,54525,65536,9077,0.00,0.00,37764
1781294779,4982.3,maxram=65536/idle/n=680,64183,60992,3191,11011,54525,65536,9077,0.00,0.00,37669
1781294781,4984.4,maxram=65536/idle/n=680,64183,60978,3205,11011,54525,65536,9078,0.00,0.00,37825
1781294783,4986.4,maxram=65536/idle/n=680,64183,60776,3407,11011,54525,65536,9079,0.00,0.00,38090
1781294785,4988.5,maxram=65536/idle/n=680,64183,60605,3578,11011,54525,65536,9078,0.00,0.00,38157
1781294787,4990.5,maxram=65536/idle/n=680,64183,60571,3612,11011,54525,65536,9077,0.00,0.00,38150
1781294789,4992.5,maxram=65536/idle/n=680,64183,60289,3893,11011,54525,65536,9079,0.00,0.00,37600
1781294791,4994.6,maxram=65536/idle/n=680,64183,60197,3986,11011,54525,65536,9078,0.00,0.00,38104
1781294793,4996.6,maxram=65536/idle/n=680,64183,60177,4006,11011,54525,65536,9077,0.00,0.00,38094
1781294795,4998.6,maxram=65536/idle/n=680,64183,59836,4347,11011,54525,65536,9078,0.00,0.00,38049
1781294797,5000.7,maxram=65536/idle/n=680,64183,59810,4373,11011,54525,65536,9078,0.00,0.00,38037
1781294799,5002.7,maxram=65536/idle/n=680,64183,59797,4385,11011,54525,65536,9078,0.00,0.00,38036
1781294801,5004.9,maxram=65536/idle/n=680,64183,59798,4385,11011,54525,65536,9077,0.00,0.00,38013
1781294804,5007.2,maxram=65536/idle/n=680,64183,59791,4391,11011,54525,65536,9077,0.00,0.00,37370
1781294806,5009.3,maxram=65536/idle/n=680,64183,59461,4722,11011,54525,65536,9078,0.00,0.00,38086
1781294808,5011.3,maxram=65536/idle/n=680,64183,59415,4768,11011,54525,65536,9078,0.00,0.00,37441
1781294810,5013.4,maxram=65536/idle/n=680,64183,59398,4785,11011,54525,65536,9077,0.00,0.00,38033
1781294812,5015.4,maxram=65536/idle/n=680,64183,59080,5102,11011,54525,65536,9078,0.00,0.00,37976
1781294814,5017.4,maxram=65536/idle/n=680,64183,59046,5137,11011,54525,65536,9078,0.00,0.00,38006
1781294816,5019.5,maxram=65536/idle/n=680,64183,59005,5178,11011,54525,65536,9077,0.00,0.00,37978
1781294818,5021.5,maxram=65536/idle/n=680,64183,58633,5550,11011,54525,65536,9078,0.00,0.00,37964
1781294820,5023.6,maxram=65536/idle/n=680,64183,58622,5560,11011,54525,65536,9078,0.00,0.00,37816
1781294822,5025.9,maxram=65536/idle/n=680,64183,58611,5572,11011,54525,65536,9078,0.00,0.00,37197
1781294824,5028.0,maxram=65536/idle/n=680,64183,58609,5573,11011,54525,65536,9077,0.00,0.00,38273
1781294826,5030.0,maxram=65536/idle/n=680,64183,58581,5602,11011,54525,65536,9076,0.00,0.00,38258
1781294828,5032.0,maxram=65536/idle/n=680,64183,61432,2750,7853,57683,65536,9097,0.00,0.00,38210
1781294830,5034.1,maxram=65536/idle/n=680,64183,61410,2773,7853,57683,65536,9099,0.00,0.00,38220
1781294832,5036.1,maxram=65536/idle/n=680,64183,61378,2805,7853,57683,65536,9099,0.00,0.00,38121
1781294834,5038.1,maxram=65536/idle/n=680,64183,61332,2851,7853,57683,65536,9098,0.00,0.00,38015
1781294836,5040.2,maxram=65536/idle/n=680,64183,61098,3085,7853,57683,65536,9174,0.00,0.00,37680
1781294838,5042.2,maxram=65536/idle/n=680,64183,61038,3145,7853,57683,65536,9174,0.00,0.00,37674
1781294841,5044.3,maxram=65536/idle/n=680,64183,60991,3191,7853,57683,65536,9173,0.00,0.00,37705
1781294843,5046.3,maxram=65536/idle/n=680,64183,60970,3212,7853,57683,65536,9172,0.00,0.00,37709
1781294845,5048.5,maxram=65536/idle/n=680,64183,60948,3235,7853,57683,65536,9172,0.00,0.00,37662
1781294847,5050.6,maxram=65536/idle/n=680,64183,60612,3571,7853,57683,65536,9174,0.00,0.00,37695
1781294849,5052.6,maxram=65536/idle/n=680,64183,60626,3556,7853,57683,65536,9174,0.00,0.00,37689
1781294851,5054.7,maxram=65536/idle/n=680,64183,60577,3606,7853,57683,65536,9173,0.00,0.00,37679
1781294853,5056.7,maxram=65536/idle/n=680,64183,60540,3643,7853,57683,65536,9173,0.00,0.00,37110
1781294855,5058.8,maxram=65536/idle/n=680,64183,60186,3997,7853,57683,65536,9174,0.00,0.00,37211
1781294857,5060.8,maxram=65536/idle/n=680,64183,60194,3989,7853,57683,65536,9174,0.00,0.00,37727
1781294859,5062.8,maxram=65536/idle/n=680,64183,60168,4014,7853,57683,65536,9173,0.00,0.00,37723
1781294861,5064.9,maxram=65536/idle/n=680,64183,59808,4375,7853,57683,65536,9174,0.00,0.00,37698
1781294863,5066.9,maxram=65536/idle/n=680,64183,59797,4386,7853,57683,65536,9174,0.00,0.00,37108
1781294865,5069.0,maxram=65536/idle/n=680,64183,59799,4384,7853,57683,65536,9173,0.00,0.00,37700
1781294867,5071.1,maxram=65536/idle/n=680,64183,59799,4383,7853,57683,65536,9173,0.00,0.00,37695
1781294870,5073.3,maxram=65536/idle/n=680,64183,59795,4387,7853,57683,65536,9173,0.00,0.00,37695
1781294872,5075.3,maxram=65536/idle/n=680,64183,59782,4401,7853,57683,65536,9173,0.00,0.00,37697
1781294874,5077.4,maxram=65536/idle/n=680,64183,59780,4403,7853,57683,65536,9173,0.00,0.00,37691
1781294876,5079.4,maxram=65536/idle/n=680,64183,59806,4377,7853,57683,65536,9174,0.00,0.00,37765
1781294878,5081.4,maxram=65536/idle/n=680,64183,59510,4673,7853,57683,65536,9173,0.00,0.00,36130
1781294880,5083.5,maxram=65536/idle/n=680,64183,59501,4681,7853,57683,65536,9174,0.00,0.00,35954
1781294884,5087.5,maxram=65536/nginx,64183,890,63293,65536,0,65536,2044,0.00,0.00,38923
1781294886,5089.5,maxram=65536/nginx,64183,1202,62981,65536,0,65536,2474,0.00,0.00,40245
1781294888,5091.6,maxram=65536/nginx,64183,1315,62868,65536,0,65536,2621,0.00,0.00,40152
1781294890,5093.6,maxram=65536/nginx,64183,1390,62793,65536,0,65536,2718,0.00,0.00,39996
1781294892,5095.6,maxram=65536/nginx/n=10,64183,1485,62698,65536,0,65536,2852,0.00,0.00,39388
1781294894,5097.7,maxram=65536/nginx/n=10,64183,1296,62887,65536,0,65536,2918,0.00,0.00,39474
1781294896,5099.7,maxram=65536/nginx/n=20,64183,1602,62581,65536,0,65536,2987,0.00,0.00,39191
1781294898,5101.7,maxram=65536/nginx/n=20,64183,1697,62486,65536,0,65536,3097,0.00,0.00,39096
1781294900,5103.8,maxram=65536/nginx/n=20,64183,1792,62390,65536,0,65536,3186,0.00,0.00,39379
1781294902,5105.9,maxram=65536/nginx/n=20,64183,1824,62359,65536,0,65536,3234,0.00,0.00,39322
1781294904,5107.9,maxram=65536/nginx/n=20,64183,1889,62294,65536,0,65536,3304,0.00,0.00,39268
1781294906,5110.0,maxram=65536/nginx/n=30,64183,2054,62129,65536,0,65536,3584,0.00,0.00,39070
1781294908,5112.0,maxram=65536/nginx/n=30,64183,2141,62041,65536,0,65536,3685,0.00,0.00,39007
1781294910,5114.0,maxram=65536/nginx/n=40,64183,2228,61955,65536,0,65536,3772,0.00,0.00,38980
1781294912,5116.1,maxram=65536/nginx/n=40,64183,2328,61855,65536,0,65536,3867,0.00,0.00,39037
1781294914,5118.1,maxram=65536/nginx/n=50,64183,2408,61775,65536,0,65536,3967,0.00,0.00,38961
1781294916,5120.1,maxram=65536/nginx/n=50,64183,2504,61679,65536,0,65536,4052,0.00,0.00,38776
1781294918,5122.2,maxram=65536/nginx/n=50,64183,2598,61585,65536,0,65536,4145,0.00,0.00,38711
1781294920,5124.2,maxram=65536/nginx/n=60,64183,2703,61480,65536,0,65536,4259,0.00,0.00,38670
1781294922,5126.2,maxram=65536/nginx/n=60,64183,2770,61412,65536,0,65536,4329,0.00,0.00,38542
1781294925,5128.3,maxram=65536/nginx/n=70,64183,2846,61336,65536,0,65536,4423,0.00,0.00,38889
1781294927,5130.3,maxram=65536/nginx/n=70,64183,2919,61263,65536,0,65536,4489,0.00,0.00,38146
1781294929,5132.4,maxram=65536/nginx/n=70,64183,18794,45389,7015,58521,65536,4507,0.00,0.00,38805
1781294931,5134.6,maxram=65536/nginx/n=70,64183,61485,2698,7015,58521,65536,4544,0.00,0.00,37665
1781294933,5136.6,maxram=65536/nginx/n=80,64183,61556,2626,7015,58521,65536,4646,0.00,0.00,38812
1781294935,5138.6,maxram=65536/nginx/n=80,64183,61631,2552,7015,58521,65536,4731,0.00,0.00,37773
1781294937,5140.7,maxram=65536/nginx/n=80,64183,61736,2446,7015,58521,65536,4799,0.00,0.00,37992
1781294939,5142.7,maxram=65536/nginx/n=90,64183,61869,2314,7015,58521,65536,4921,0.00,0.00,37872
1781294941,5144.7,maxram=65536/nginx/n=90,64183,61963,2219,7015,58521,65536,5020,0.00,0.00,37787
1781294943,5146.7,maxram=65536/nginx/n=100,64183,61507,2676,7583,57953,65536,5118,0.00,0.00,37707
1781294945,5148.8,maxram=65536/nginx/n=100,64183,61626,2556,7583,57953,65536,5256,0.00,0.00,37719
1781294947,5150.8,maxram=65536/nginx/n=100,64183,61706,2477,7583,57953,65536,5354,0.00,0.00,37437
1781294949,5152.8,maxram=65536/nginx/n=110,64183,61752,2431,7583,57953,65536,5426,0.00,0.00,37152
1781294951,5154.9,maxram=65536/nginx/n=110,64183,61831,2352,7583,57953,65536,5522,0.00,0.00,36693
1781294953,5156.9,maxram=65536/nginx/n=120,64183,61874,2309,7583,57953,65536,5592,0.00,0.00,36757
1781294955,5159.0,maxram=65536/nginx/n=120,64183,61879,2303,7583,57953,65536,5625,0.00,0.00,37159
1781294958,5161.5,maxram=65536/nginx/n=120,64183,61876,2307,7583,57953,65536,5634,0.00,0.00,37391
1781294960,5163.5,maxram=65536/nginx/n=120,64183,61487,2696,8110,57426,65536,5690,0.00,0.00,36964
1781294962,5165.5,maxram=65536/nginx/n=130,64183,61608,2574,8110,57426,65536,5804,0.00,0.00,37047
1781294964,5167.6,maxram=65536/nginx/n=130,64183,61701,2482,8110,57426,65536,5908,0.00,0.00,37135
1781294966,5169.6,maxram=65536/nginx/n=140,64183,61767,2415,8110,57426,65536,6003,0.00,0.00,37075
1781294968,5171.6,maxram=65536/nginx/n=140,64183,61863,2320,8110,57426,65536,6098,0.00,0.00,36367
1781294970,5173.7,maxram=65536/nginx/n=140,64183,61899,2283,8110,57426,65536,6149,0.00,0.00,36482
1781294972,5175.7,maxram=65536/nginx/n=150,64183,61500,2683,8628,56908,65536,6237,0.00,0.00,36702
1781294974,5177.7,maxram=65536/nginx/n=150,64183,61595,2588,8628,56908,65536,6335,0.00,0.00,36938
1781294976,5179.8,maxram=65536/nginx/n=160,64183,61673,2510,8628,56908,65536,6422,0.00,0.00,36799
1781294978,5181.8,maxram=65536/nginx/n=160,64183,61767,2416,8628,56908,65536,6515,0.00,0.00,36748
1781294980,5183.8,maxram=65536/nginx/n=170,64183,61865,2317,8628,56908,65536,6626,0.00,0.00,36652
1781294982,5185.8,maxram=65536/nginx/n=170,64183,61859,2324,8628,56908,65536,6657,0.00,0.00,36609
1781294984,5188.0,maxram=65536/nginx/n=170,64183,61861,2322,8628,56908,65536,6659,0.00,0.00,36731
1781294986,5190.1,maxram=65536/nginx/n=170,64183,61944,2238,8628,56908,65536,6702,0.00,0.00,36669
1781294988,5192.1,maxram=65536/nginx/n=170,64183,61514,2668,9165,56371,65536,6787,0.00,0.00,36590
1781294990,5194.1,maxram=65536/nginx/n=180,64183,61591,2592,9165,56371,65536,6875,0.00,0.00,36329
1781294992,5196.2,maxram=65536/nginx/n=180,64183,61716,2467,9165,56371,65536,6999,0.00,0.00,36484
1781294994,5198.2,maxram=65536/nginx/n=190,64183,61806,2377,9165,56371,65536,7086,0.00,0.00,36469
1781294996,5200.2,maxram=65536/nginx/n=190,64183,61887,2296,9165,56371,65536,7183,0.00,0.00,36095
1781294999,5202.2,maxram=65536/nginx/n=200,64183,61934,2249,9165,56371,65536,7249,0.00,0.00,36342
1781295001,5204.3,maxram=65536/nginx/n=200,64183,61510,2672,9683,55853,65536,7337,0.00,0.00,36566
1781295003,5206.3,maxram=65536/nginx/n=200,64183,61591,2592,9683,55853,65536,7434,0.00,0.00,36464
1781295005,5208.3,maxram=65536/nginx/n=210,64183,61686,2496,9683,55853,65536,7520,0.00,0.00,36616
1781295007,5210.4,maxram=65536/nginx/n=210,64183,61770,2412,9683,55853,65536,7609,0.00,0.00,36708
1781295009,5212.4,maxram=65536/nginx/n=210,64183,61832,2350,9683,55853,65536,7676,0.00,0.00,36858
1781295011,5214.5,maxram=65536/nginx/n=210,64183,61835,2347,9683,55853,65536,7683,0.00,0.00,36189
1781295013,5216.5,maxram=65536/nginx/n=220,64183,61842,2341,9683,55853,65536,7709,0.00,0.00,36195
1781295015,5218.6,maxram=65536/nginx/n=220,64183,61924,2258,9683,55853,65536,7787,0.00,0.00,36612
1781295017,5220.6,maxram=65536/nginx/n=220,64183,61542,2641,10197,55339,65536,7905,0.00,0.00,36931
1781295019,5222.6,maxram=65536/nginx/n=230,64183,61647,2536,10197,55339,65536,8012,0.00,0.00,36604
1781295021,5224.6,maxram=65536/nginx/n=230,64183,61727,2456,10197,55339,65536,8092,0.00,0.00,36459
1781295023,5226.7,maxram=65536/nginx/n=240,64183,61809,2374,10197,55339,65536,8175,0.00,0.00,36374
1781295025,5228.7,maxram=65536/nginx/n=240,64183,61869,2313,10197,55339,65536,8263,0.00,0.00,36302
1781295027,5230.7,maxram=65536/nginx/n=250,64183,61967,2216,10197,55339,65536,8328,0.00,0.00,36568
1781295029,5232.8,maxram=65536/nginx/n=250,64183,61544,2639,10738,54798,65536,8439,0.00,0.00,36347
1781295031,5234.8,maxram=65536/nginx/n=250,64183,61648,2534,10738,54798,65536,8551,0.00,0.00,36566
1781295033,5236.8,maxram=65536/nginx/n=260,64183,61714,2469,10738,54798,65536,8629,0.00,0.00,36519
1781295035,5238.9,maxram=65536/nginx/n=260,64183,61781,2402,10738,54798,65536,8718,0.00,0.00,36480
1781295037,5240.9,maxram=65536/nginx/n=270,64183,61856,2326,10738,54798,65536,8818,0.00,0.00,36397
1781295039,5242.9,maxram=65536/nginx/n=270,64183,61854,2329,10738,54798,65536,8824,0.00,0.00,36389
1781295041,5245.1,maxram=65536/nginx/n=270,64183,61864,2318,10738,54798,65536,8834,0.00,0.00,36444
1781295043,5247.1,maxram=65536/nginx/n=270,64183,61454,2728,11253,54283,65536,8907,0.00,0.00,36338
1781295045,5249.2,maxram=65536/nginx/n=280,64183,61529,2654,11253,54283,65536,9011,0.00,0.00,36359
1781295047,5251.2,maxram=65536/nginx/n=280,64183,61662,2521,11253,54283,65536,9110,0.00,0.00,36295
1781295049,5253.2,maxram=65536/nginx/n=280,64183,61730,2452,11253,54283,65536,9198,0.00,0.00,36230
1781295052,5255.3,maxram=65536/nginx/n=290,64183,61823,2360,11253,54283,65536,9296,0.00,0.00,35509
1781295054,5257.3,maxram=65536/nginx/n=290,64183,61872,2311,11253,54283,65536,9376,0.00,0.00,35838
1781295056,5259.3,maxram=65536/nginx/n=300,64183,61983,2200,11253,54283,65536,9460,0.00,0.00,35627
1781295058,5261.4,maxram=65536/nginx/n=300,64183,61493,2690,11813,53723,65536,9536,0.00,0.00,35780
1781295060,5263.4,maxram=65536/nginx/n=300,64183,61584,2599,11813,53723,65536,9624,0.00,0.00,36108
1781295062,5265.4,maxram=65536/nginx/n=310,64183,61677,2506,11813,53723,65536,9733,0.00,0.00,36040
1781295064,5267.5,maxram=65536/nginx/n=310,64183,61756,2426,11813,53723,65536,9822,0.00,0.00,35112
1781295066,5269.5,maxram=65536/nginx/n=320,64183,61838,2344,11813,53723,65536,9915,0.00,0.00,35884
1781295068,5271.5,maxram=65536/nginx/n=320,64183,61874,2309,11813,53723,65536,9961,0.00,0.00,36053
1781295070,5273.6,maxram=65536/nginx/n=320,64183,61870,2313,11813,53723,65536,9972,0.00,0.00,36044
1781295072,5275.8,maxram=65536/nginx/n=320,64183,61890,2293,11813,53723,65536,9992,0.00,0.00,35522
1781295074,5277.9,maxram=65536/nginx/n=320,64183,61977,2205,11813,53723,65536,10042,0.00,0.00,35827
1781295076,5279.9,maxram=65536/nginx/n=330,64183,61488,2694,12351,53185,65536,10120,0.00,0.00,35869
1781295078,5281.9,maxram=65536/nginx/n=330,64183,61583,2599,12351,53185,65536,10201,0.00,0.00,35777
1781295080,5284.0,maxram=65536/nginx/n=330,64183,61671,2512,12351,53185,65536,10292,0.00,0.00,35761
1781295082,5286.0,maxram=65536/nginx/n=340,64183,61717,2466,12351,53185,65536,10355,0.00,0.00,35745
1781295084,5288.0,maxram=65536/nginx/n=340,64183,61803,2380,12351,53185,65536,10441,0.00,0.00,35687
1781295086,5290.1,maxram=65536/nginx/n=340,64183,61871,2312,12351,53185,65536,10520,0.00,0.00,35651
1781295088,5292.1,maxram=65536/nginx/n=350,64183,61903,2280,12351,53185,65536,10565,0.00,0.00,35417
1781295090,5294.1,maxram=65536/nginx/n=350,64183,61452,2731,12926,52610,65536,10652,0.00,0.00,35624
1781295092,5296.2,maxram=65536/nginx/n=350,64183,61550,2632,12926,52610,65536,10748,0.00,0.00,35598
1781295094,5298.2,maxram=65536/nginx/n=360,64183,61605,2578,12926,52610,65536,10810,0.00,0.00,35677
1781295096,5300.2,maxram=65536/nginx/n=360,64183,61673,2510,12926,52610,65536,10895,0.00,0.00,35548
1781295099,5302.3,maxram=65536/nginx/n=360,64183,61743,2440,12926,52610,65536,10980,0.00,0.00,34713
1781295101,5304.3,maxram=65536/nginx/n=370,64183,61816,2367,12926,52610,65536,11054,0.00,0.00,34056
1781295103,5306.3,maxram=65536/nginx/n=370,64183,61860,2323,12926,52610,65536,11112,0.00,0.00,35154
1781295105,5308.5,maxram=65536/nginx/n=370,64183,61854,2329,12926,52610,65536,11124,0.00,0.00,35673
1781295107,5311.0,maxram=65536/nginx/n=370,64183,61845,2338,12926,52610,65536,11134,0.00,0.00,34944
1781295109,5313.1,maxram=65536/nginx/n=370,64183,61914,2269,12926,52610,65536,11187,0.00,0.00,35550
1781295111,5315.1,maxram=65536/nginx/n=380,64183,61437,2745,13483,52053,65536,11252,0.00,0.00,34942
1781295113,5317.1,maxram=65536/nginx/n=380,64183,61547,2636,13483,52053,65536,11353,0.00,0.00,35016
1781295115,5319.2,maxram=65536/nginx/n=380,64183,61617,2566,13483,52053,65536,11441,0.00,0.00,35294
1781295117,5321.2,maxram=65536/nginx/n=390,64183,61691,2492,13483,52053,65536,11519,0.00,0.00,35217
1781295119,5323.2,maxram=65536/nginx/n=390,64183,61798,2385,13483,52053,65536,11621,0.00,0.00,35254
1781295122,5325.3,maxram=65536/nginx/n=400,64183,61828,2355,13483,52053,65536,11686,0.00,0.00,35041
1781295124,5327.3,maxram=65536/nginx/n=400,64183,61905,2278,13483,52053,65536,11764,0.00,0.00,34516
1781295126,5329.3,maxram=65536/nginx/n=400,64183,61446,2737,14090,51446,65536,11858,0.00,0.00,35324
1781295128,5331.4,maxram=65536/nginx/n=410,64183,61517,2666,14090,51446,65536,11944,0.00,0.00,35595
1781295130,5333.4,maxram=65536/nginx/n=410,64183,61611,2572,14090,51446,65536,12050,0.00,0.00,35645
1781295132,5335.4,maxram=65536/nginx/n=420,64183,61683,2499,14090,51446,65536,12152,0.00,0.00,35764
1781295134,5337.5,maxram=65536/nginx/n=420,64183,61747,2436,14090,51446,65536,12227,0.00,0.00,35555
1781295136,5339.5,maxram=65536/nginx/n=420,64183,61749,2434,14090,51446,65536,12247,0.00,0.00,35580
1781295138,5341.7,maxram=65536/nginx/n=420,64183,61756,2427,14090,51446,65536,12260,0.00,0.00,35518
1781295140,5343.8,maxram=65536/nginx/n=430,64183,61846,2337,14090,51446,65536,12349,0.00,0.00,35471
1781295142,5345.8,maxram=65536/nginx/n=430,64183,61888,2294,14090,51446,65536,12408,0.00,0.00,35448
1781295144,5347.8,maxram=65536/nginx/n=430,64183,62041,2142,14090,51446,65536,12483,0.00,0.00,35020
1781295146,5349.9,maxram=65536/nginx/n=440,64183,61474,2709,14701,50835,65536,12559,0.00,0.00,35115
1781295148,5351.9,maxram=65536/nginx/n=440,64183,61593,2589,14701,50835,65536,12669,0.00,0.00,35071
1781295150,5353.9,maxram=65536/nginx/n=440,64183,61659,2523,14701,50835,65536,12747,0.00,0.00,35072
1781295152,5356.0,maxram=65536/nginx/n=450,64183,61710,2473,14701,50835,65536,12816,0.00,0.00,35180
1781295154,5358.0,maxram=65536/nginx/n=450,64183,61787,2395,14701,50835,65536,12905,0.00,0.00,35215
1781295156,5360.0,maxram=65536/nginx/n=460,64183,61846,2336,14701,50835,65536,12996,0.00,0.00,35315
1781295158,5362.0,maxram=65536/nginx/n=460,64183,61925,2257,14701,50835,65536,13070,0.00,0.00,35254
1781295160,5364.1,maxram=65536/nginx/n=460,64183,61474,2709,15225,50311,65536,13139,0.00,0.00,35251
1781295162,5366.1,maxram=65536/nginx/n=470,64183,61559,2623,15225,50311,65536,13227,0.00,0.00,35147
1781295164,5368.1,maxram=65536/nginx/n=470,64183,61572,2611,15225,50311,65536,13265,0.00,0.00,34662
1781295166,5370.2,maxram=65536/nginx/n=470,64183,61586,2596,15225,50311,65536,13277,0.00,0.00,34619
1781295169,5372.5,maxram=65536/nginx/n=470,64183,61695,2487,15225,50311,65536,13369,0.00,0.00,34521
1781295171,5374.6,maxram=65536/nginx/n=480,64183,61739,2444,15225,50311,65536,13447,0.00,0.00,34927
1781295173,5376.6,maxram=65536/nginx/n=480,64183,61834,2349,15225,50311,65536,13531,0.00,0.00,34473
1781295175,5378.6,maxram=65536/nginx/n=480,64183,61915,2268,15225,50311,65536,13614,0.00,0.00,34806
1781295177,5380.7,maxram=65536/nginx/n=490,64183,61476,2707,15739,49797,65536,13672,0.00,0.00,34337
1781295179,5382.7,maxram=65536/nginx/n=490,64183,61591,2592,15739,49797,65536,13783,0.00,0.00,34075
1781295181,5384.7,maxram=65536/nginx/n=500,64183,61636,2547,15739,49797,65536,13867,0.00,0.00,34391
1781295183,5386.8,maxram=65536/nginx/n=500,64183,61707,2476,15739,49797,65536,13928,0.00,0.00,34380
1781295185,5388.8,maxram=65536/nginx/n=500,64183,61805,2378,15739,49797,65536,14006,0.00,0.00,34158
1781295187,5390.8,maxram=65536/nginx/n=510,64183,61877,2306,15739,49797,65536,14103,0.00,0.00,34410
1781295189,5392.9,maxram=65536/nginx/n=510,64183,61972,2211,15739,49797,65536,14163,0.00,0.00,34274
1781295191,5394.9,maxram=65536/nginx/n=510,64183,61510,2672,16304,49232,65536,14262,0.00,0.00,33367
1781295193,5396.9,maxram=65536/nginx/n=520,64183,61557,2625,16304,49232,65536,14343,0.00,0.00,33559
1781295195,5398.9,maxram=65536/nginx/n=520,64183,61592,2590,16304,49232,65536,14381,0.00,0.00,33927
1781295197,5401.1,maxram=65536/nginx/n=520,64183,61570,2612,16304,49232,65536,14388,0.00,0.00,34064
1781295199,5403.2,maxram=65536/nginx/n=520,64183,61679,2504,16304,49232,65536,14470,0.00,0.00,34048
1781295202,5405.2,maxram=65536/nginx/n=530,64183,61743,2440,16304,49232,65536,14555,0.00,0.00,33897
1781295204,5407.3,maxram=65536/nginx/n=530,64183,61819,2364,16304,49232,65536,14640,0.00,0.00,33840
1781295206,5409.3,maxram=65536/nginx/n=530,64183,61904,2279,16304,49232,65536,14723,0.00,0.00,33915
1781295208,5411.3,maxram=65536/nginx/n=540,64183,61968,2215,16304,49232,65536,14768,0.00,0.00,33946
1781295210,5413.4,maxram=65536/nginx/n=540,64183,61536,2646,16860,48676,65536,14872,0.00,0.00,33361
1781295212,5415.4,maxram=65536/nginx/n=550,64183,61601,2581,16860,48676,65536,14969,0.00,0.00,34230
1781295214,5417.4,maxram=65536/nginx/n=550,64183,61652,2531,16860,48676,65536,15027,0.00,0.00,33220
1781295216,5419.5,maxram=65536/nginx/n=550,64183,61750,2432,16860,48676,65536,15138,0.00,0.00,33347
1781295218,5421.5,maxram=65536/nginx/n=560,64183,61790,2393,16860,48676,65536,15192,0.00,0.00,34009
1781295220,5423.5,maxram=65536/nginx/n=560,64183,61885,2298,16860,48676,65536,15277,0.00,0.00,33923
1781295222,5425.6,maxram=65536/nginx/n=560,64183,61460,2723,17386,48150,65536,15361,0.00,0.00,34280
1781295224,5427.6,maxram=65536/nginx/n=570,64183,61538,2645,17386,48150,65536,15450,0.00,0.00,34204
1781295226,5429.6,maxram=65536/nginx/n=570,64183,61618,2565,17386,48150,65536,15535,0.00,0.00,34166
1781295228,5431.7,maxram=65536/nginx/n=570,64183,61603,2580,17386,48150,65536,15538,0.00,0.00,33931
1781295230,5434.1,maxram=65536/nginx/n=570,64183,61641,2542,17386,48150,65536,15576,0.00,0.00,34104
1781295232,5436.1,maxram=65536/nginx/n=580,64183,61722,2460,17386,48150,65536,15650,0.00,0.00,33577
1781295234,5438.1,maxram=65536/nginx/n=580,64183,61811,2372,17386,48150,65536,15746,0.00,0.00,33805
1781295236,5440.1,maxram=65536/nginx/n=590,64183,61879,2303,17386,48150,65536,15821,0.00,0.00,33565
1781295238,5442.2,maxram=65536/nginx/n=590,64183,61930,2253,17386,48150,65536,15878,0.00,0.00,34107
1781295240,5444.2,maxram=65536/nginx/n=590,64183,61477,2706,17945,47591,65536,15975,0.00,0.00,33748
1781295243,5446.2,maxram=65536/nginx/n=600,64183,61535,2648,17945,47591,65536,16056,0.00,0.00,33975
1781295245,5448.3,maxram=65536/nginx/n=600,64183,61643,2539,17945,47591,65536,16144,0.00,0.00,33466
1781295247,5450.3,maxram=65536/nginx/n=600,64183,61730,2453,17945,47591,65536,16243,0.00,0.00,34094
1781295249,5452.3,maxram=65536/nginx/n=610,64183,61781,2401,17945,47591,65536,16312,0.00,0.00,34013
1781295251,5454.4,maxram=65536/nginx/n=610,64183,61871,2312,17945,47591,65536,16402,0.00,0.00,33058
1781295253,5456.4,maxram=65536/nginx/n=610,64183,61921,2261,17945,47591,65536,16460,0.00,0.00,33319
1781295255,5458.4,maxram=65536/nginx/n=620,64183,61994,2188,17945,47591,65536,16514,0.00,0.00,33550
1781295257,5460.5,maxram=65536/nginx/n=620,64183,61445,2737,18512,47024,65536,16529,0.00,0.00,33728
1781295259,5463.0,maxram=65536/nginx/n=620,64183,61489,2694,18512,47024,65536,16574,0.00,0.00,33655
1781295261,5465.1,maxram=65536/nginx/n=620,64183,61570,2613,18512,47024,65536,16660,0.00,0.00,33323
1781295263,5467.1,maxram=65536/nginx/n=630,64183,61612,2570,18512,47024,65536,16737,0.00,0.00,33576
1781295265,5469.1,maxram=65536/nginx/n=630,64183,61721,2462,18512,47024,65536,16815,0.00,0.00,33555
1781295267,5471.2,maxram=65536/nginx/n=630,64183,61827,2356,18512,47024,65536,16926,0.00,0.00,33528
1781295269,5473.2,maxram=65536/nginx/n=640,64183,61846,2337,18512,47024,65536,16968,0.00,0.00,33244
1781295272,5475.2,maxram=65536/nginx/n=640,64183,61923,2260,18512,47024,65536,17054,0.00,0.00,33545
1781295274,5477.3,maxram=65536/nginx/n=650,64183,61506,2676,19032,46504,65536,17140,0.00,0.00,33485
1781295276,5479.3,maxram=65536/nginx/n=650,64183,61596,2587,19032,46504,65536,17216,0.00,0.00,33403
1781295278,5481.3,maxram=65536/nginx/n=650,64183,61673,2509,19032,46504,65536,17319,0.00,0.00,33423
1781295280,5483.4,maxram=65536/nginx/n=660,64183,61701,2481,19032,46504,65536,17385,0.00,0.00,33417
1781295282,5485.4,maxram=65536/nginx/n=660,64183,61782,2401,19032,46504,65536,17460,0.00,0.00,33369
1781295284,5487.4,maxram=65536/nginx/n=660,64183,61836,2346,19032,46504,65536,17505,0.00,0.00,33374
1781295286,5489.5,maxram=65536/nginx/n=660,64183,61380,2802,19032,46504,65536,17531,0.00,0.00,33358
1781295288,5491.5,maxram=65536/nginx/n=660,64183,61292,2890,19032,46504,65536,17530,0.00,0.00,33428
1781295290,5493.7,maxram=65536/nginx/n=660,64183,61295,2888,19032,46504,65536,17530,0.00,0.00,33400
1781295292,5495.8,maxram=65536/nginx/n=660,64183,61294,2889,19032,46504,65536,17530,0.00,0.00,33400
1781295294,5497.8,maxram=65536/nginx/n=660,64183,60420,3762,19032,46504,65536,17532,0.00,0.00,33426
1781295296,5499.8,maxram=65536/nginx/n=660,64183,60335,3848,19032,46504,65536,17531,0.00,0.00,33410
1781295298,5501.9,maxram=65536/nginx/n=660,64183,60307,3876,19032,46504,65536,17531,0.00,0.00,33435
1781295300,5503.9,maxram=65536/nginx/n=660,64183,59407,4776,19032,46504,65536,17532,0.00,0.00,32791
1781295302,5505.9,maxram=65536/nginx/n=660,64183,59362,4821,19032,46504,65536,17532,0.00,0.00,33250
1781295304,5508.0,maxram=65536/nginx/n=660,64183,59320,4862,19032,46504,65536,17531,0.00,0.00,32829
1781295306,5510.0,maxram=65536/nginx/n=660,64183,58411,5772,19032,46504,65536,17532,0.00,0.00,33150
1781295308,5512.0,maxram=65536/nginx/n=660,64183,58361,5821,19032,46504,65536,17532,0.00,0.00,32809
1781295311,5514.4,maxram=65536/nginx/n=660,64183,58356,5827,19032,46504,65536,17532,0.00,0.00,32400
1781295313,5516.5,maxram=65536/nginx/n=660,64183,58342,5841,19032,46504,65536,17531,0.00,0.00,32770
1781295315,5518.6,maxram=65536/nginx/n=660,64183,58281,5902,19032,46504,65536,17530,0.00,0.00,33429
1781295317,5520.6,maxram=65536/nginx/n=660,64183,57369,6814,19032,46504,65536,17532,0.00,0.00,33443
1781295319,5522.6,maxram=65536/nginx/n=660,64183,57308,6874,19032,46504,65536,17531,0.00,0.00,33409
1781295321,5524.6,maxram=65536/nginx/n=660,64183,57276,6907,19032,46504,65536,17530,0.00,0.00,32985
1781295323,5526.7,maxram=65536/nginx/n=660,64183,56384,7798,19032,46504,65536,17527,0.00,0.00,32851
1781295325,5528.7,maxram=65536/nginx/n=660,64183,56345,7838,19032,46504,65536,17527,0.00,0.00,33144
1781295327,5530.8,maxram=65536/nginx/n=660,64183,56302,7880,19032,46504,65536,17526,0.00,0.00,33170
1781295329,5532.8,maxram=65536/nginx/n=660,64183,56286,7897,19032,46504,65536,17525,0.00,0.00,33148
1781295331,5534.8,maxram=65536/nginx/n=660,64183,55337,8846,19032,46504,65536,17527,0.00,0.00,33166
1781295333,5536.9,maxram=65536/nginx/n=660,64183,55289,8893,19032,46504,65536,17527,0.00,0.00,33182
1781295335,5538.9,maxram=65536/nginx/n=660,64183,55280,8903,19032,46504,65536,17524,0.00,0.00,33097
1781295337,5541.2,maxram=65536/nginx/n=660,64183,55280,8902,19032,46504,65536,17524,0.00,0.00,33049
1781295340,5543.5,maxram=65536/nginx/n=660,64183,61439,2744,12873,52663,65536,17530,0.00,0.00,33101
1781295342,5545.5,maxram=65536/nginx/n=660,64183,60560,3622,12873,52663,65536,17670,0.00,0.00,32970
1781295344,5547.5,maxram=65536/nginx/n=660,64183,60471,3712,12873,52663,65536,17669,0.00,0.00,33011
1781295346,5549.6,maxram=65536/nginx/n=660,64183,60442,3740,12873,52663,65536,17668,0.00,0.00,33027
1781295348,5551.6,maxram=65536/nginx/n=660,64183,60442,3741,12873,52663,65536,17668,0.00,0.00,33042
1781295350,5553.6,maxram=65536/nginx/n=660,64183,59456,4726,12873,52663,65536,17670,0.00,0.00,33005
1781295352,5555.7,maxram=65536/nginx/n=660,64183,59436,4746,12873,52663,65536,17669,0.00,0.00,33023
1781295354,5557.7,maxram=65536/nginx/n=660,64183,59391,4792,12873,52663,65536,17668,0.00,0.00,32715
1781295356,5559.7,maxram=65536/nginx/n=660,64183,58450,5732,12873,52663,65536,17670,0.00,0.00,32995
1781295358,5561.8,maxram=65536/nginx/n=660,64183,58460,5722,12873,52663,65536,17669,0.00,0.00,32632
1781295360,5563.8,maxram=65536/nginx/n=660,64183,58438,5745,12873,52663,65536,17669,0.00,0.00,32977
1781295362,5566.0,maxram=65536/nginx/n=660,64183,58422,5761,12873,52663,65536,17669,0.00,0.00,33025
1781295364,5568.1,maxram=65536/nginx/n=660,64183,58424,5758,12873,52663,65536,17669,0.00,0.00,32568
1781295366,5570.1,maxram=65536/nginx/n=660,64183,58388,5794,12873,52663,65536,17668,0.00,0.00,33144
1781295368,5572.1,maxram=65536/nginx/n=660,64183,57457,6725,12873,52663,65536,17670,0.00,0.00,32953
1781295370,5574.2,maxram=65536/nginx/n=660,64183,57431,6752,12873,52663,65536,17669,0.00,0.00,32454
1781295372,5576.2,maxram=65536/nginx/n=660,64183,57394,6789,12873,52663,65536,17668,0.00,0.00,32539
1781295375,5578.2,maxram=65536/nginx/n=660,64183,56432,7750,12873,52663,65536,17670,0.00,0.00,32164
1781295377,5580.3,maxram=65536/nginx/n=660,64183,56427,7756,12873,52663,65536,17670,0.00,0.00,32524
1781295379,5582.3,maxram=65536/nginx/n=660,64183,56407,7775,12873,52663,65536,17669,0.00,0.00,32768
1781295381,5584.3,maxram=65536/nginx/n=660,64183,56387,7796,12873,52663,65536,17668,0.00,0.00,32855
1781295383,5586.4,maxram=65536/nginx/n=660,64183,55423,8759,12873,52663,65536,17670,0.00,0.00,32791
1781295385,5588.4,maxram=65536/nginx/n=660,64183,55444,8739,12873,52663,65536,17670,0.00,0.00,32727
1781295387,5590.6,maxram=65536/nginx/n=660,64183,55444,8739,12873,52663,65536,17670,0.00,0.00,32792
1781295389,5593.1,maxram=65536/nginx/n=660,64183,61420,2763,6877,58659,65536,17669,0.00,0.00,32759
1781295391,5595.2,maxram=65536/nginx/n=660,64183,61402,2781,6877,58659,65536,17673,0.00,0.00,32778
1781295393,5597.2,maxram=65536/nginx/n=660,64183,61011,3172,6877,58659,65536,17740,0.00,0.00,32676
1781295400,5603.3,maxram=65536/hog:256,64183,959,63223,65536,0,65536,2155,0.00,0.00,41473
1781295402,5605.3,maxram=65536/hog:256,64183,1072,63111,65536,0,65536,2325,0.00,0.00,41296
1781295404,5607.3,maxram=65536/hog:256,64183,1257,62926,65536,0,65536,2562,0.00,0.00,41030
1781295406,5609.4,maxram=65536/hog:256,64183,2366,61816,65536,0,65536,3709,0.00,0.00,39836
1781295408,5611.4,maxram=65536/hog:256,64183,2978,61204,65536,0,65536,4461,0.00,0.00,39064
1781295410,5613.4,maxram=65536/hog:256/n=10,64183,4221,59962,65536,0,65536,5708,0.00,0.00,37797
1781295412,5615.5,maxram=65536/hog:256/n=10,64183,5533,58650,65536,0,65536,7033,0.00,0.00,36613
1781295414,5617.5,maxram=65536/hog:256/n=20,64183,6601,57581,65536,0,65536,8116,0.00,0.00,36084
1781295416,5619.5,maxram=65536/hog:256/n=20,64183,6827,57356,65536,0,65536,8388,0.00,0.00,35968
1781295418,5621.7,maxram=65536/hog:256/n=20,64183,6846,57336,65536,0,65536,8392,0.00,0.00,35954
1781295420,5623.8,maxram=65536/hog:256/n=20,64183,8091,56091,65536,0,65536,9591,0.00,0.00,35338
1781295422,5625.8,maxram=65536/hog:256/n=20,64183,9131,55052,65536,0,65536,10645,0.00,0.00,34550
1781295424,5627.8,maxram=65536/hog:256/n=30,64183,10168,54014,65536,0,65536,11694,0.00,0.00,33939
1781295426,5629.9,maxram=65536/hog:256/n=30,64183,11448,52735,65536,0,65536,12973,0.00,0.00,33533
1781295428,5631.9,maxram=65536/hog:256/n=40,64183,12493,51690,65536,0,65536,14018,0.00,0.00,33210
1781295430,5633.9,maxram=65536/hog:256/n=40,64183,13249,50933,65536,0,65536,15047,0.00,0.00,32564
1781295432,5636.0,maxram=65536/hog:256/n=40,64183,14509,49673,65536,0,65536,16051,0.00,0.00,32384
1781295434,5638.0,maxram=65536/hog:256/n=50,64183,15599,48584,65536,0,65536,17139,0.00,0.00,32091
1781295436,5640.0,maxram=65536/hog:256/n=50,64183,16664,47518,65536,0,65536,18193,0.00,0.00,32325
1781295438,5642.1,maxram=65536/hog:256/n=60,64183,17536,46646,65536,0,65536,19065,0.00,0.00,32177
1781295440,5644.1,maxram=65536/hog:256/n=60,64183,18699,45483,65536,0,65536,20236,0.00,0.00,32132
1781295442,5646.1,maxram=65536/hog:256/n=60,64183,19767,44416,65536,0,65536,21311,0.00,0.00,32070
1781295444,5648.2,maxram=65536/hog:256/n=70,64183,49194,14988,24084,41452,65536,21597,0.00,0.00,32109
1781295447,5650.4,maxram=65536/hog:256/n=70,64183,61256,2927,24084,41452,65536,21599,0.00,0.00,32111
1781295449,5653.1,maxram=65536/hog:256/n=70,64183,61809,2374,24084,41452,65536,22206,0.00,0.00,32176
1781295451,5655.2,maxram=65536/hog:256/n=70,64183,61818,2365,24084,41452,65536,22208,0.00,0.00,32193
1781295454,5657.8,maxram=65536/hog:256/n=70,64183,61824,2359,24084,41452,65536,22208,0.00,0.00,32224
1781295456,5659.9,maxram=65536/hog:256/n=70,64183,61792,2391,24084,41452,65536,22209,0.00,0.00,32208
1781295458,5661.9,maxram=65536/hog:256/n=70,64183,61761,2421,24699,40837,65536,22406,0.00,0.00,32193
1781295460,5663.9,maxram=65536/hog:256/n=70,64183,62502,1680,24699,40837,65536,23450,0.00,0.00,32154
1781295462,5666.0,maxram=65536/hog:256/n=80,64183,63618,565,24699,40837,65536,24573,0.00,0.00,32169
1781295464,5668.0,maxram=65536/hog:256/n=80,64183,57979,6203,49398,16138,65536,24998,0.18,0.18,32178
1781295466,5670.1,maxram=65536/hog:256/n=80,64183,40731,23452,49398,16138,65536,26196,0.14,0.14,31974
1781295468,5672.1,maxram=65536/hog:256/n=90,64183,41712,22471,49398,16138,65536,27184,0.12,0.12,32276
1781295470,5674.1,maxram=65536/hog:256/n=90,64183,43034,21149,49398,16138,65536,28493,0.09,0.09,32459
1781295472,5676.1,maxram=65536/hog:256/n=100,64183,44099,20084,49398,16138,65536,29560,0.08,0.08,32342
1781295474,5678.2,maxram=65536/hog:256/n=100,64183,45163,19020,49398,16138,65536,30655,0.06,0.06,32286
1781295476,5680.2,maxram=65536/hog:256/n=100,64183,46209,17973,49398,16138,65536,31710,0.05,0.05,32298
1781295479,5682.3,maxram=65536/hog:256/n=110,64183,47282,16900,49398,16138,65536,32793,0.04,0.04,32216
1781295481,5684.3,maxram=65536/hog:256/n=110,64183,48353,15830,49398,16138,65536,33837,0.03,0.03,32209
1781295483,5686.3,maxram=65536/hog:256/n=110,64183,48911,15272,49398,16138,65536,34391,0.02,0.02,32050
1781295485,5688.4,maxram=65536/hog:256/n=110,64183,48913,15270,49398,16138,65536,34395,0.02,0.02,32004
1781295487,5691.0,maxram=65536/hog:256/n=120,64183,49981,14202,49398,16138,65536,35465,0.01,0.01,32055
1781295489,5693.0,maxram=65536/hog:256/n=120,64183,51037,13146,49398,16138,65536,36540,0.01,0.01,32405
1781295491,5695.0,maxram=65536/hog:256/n=130,64183,52107,12076,49398,16138,65536,37607,0.00,0.00,31677
1781295493,5697.1,maxram=65536/hog:256/n=130,64183,53169,11014,49398,16138,65536,38683,0.00,0.00,31717
1781295495,5699.1,maxram=65536/hog:256/n=130,64183,54332,9851,49398,16138,65536,39833,0.00,0.00,32042
1781295497,5701.1,maxram=65536/hog:256/n=140,64183,55298,8885,49398,16138,65536,40804,0.00,0.00,32270
1781295499,5703.2,maxram=65536/hog:256/n=140,64183,56619,7563,49398,16138,65536,42112,0.00,0.00,32212
1781295501,5705.2,maxram=65536/hog:256/n=150,64183,57650,6533,49398,16138,65536,43165,0.00,0.00,32196
1781295503,5707.2,maxram=65536/hog:256/n=150,64183,58706,5477,49398,16138,65536,44208,0.00,0.00,32120
1781295506,5709.3,maxram=65536/hog:256/n=160,64183,59776,4407,49398,16138,65536,45270,0.00,0.00,32145
1781295508,5711.3,maxram=65536/hog:256/n=160,64183,60846,3337,49398,16138,65536,46353,0.00,0.00,32035
1781295510,5713.3,maxram=65536/hog:256/n=160,64183,61919,2264,49398,16138,65536,47434,0.00,0.00,31650
1781295512,5715.8,maxram=65536/hog:256/n=160,64183,61924,2259,49398,16138,65536,47455,0.00,0.00,31936
1781295514,5717.9,maxram=65536/hog:256/n=170,64183,61919,2263,50141,15395,65536,47975,0.00,0.00,32153
1781295516,5719.9,maxram=65536/hog:256/n=170,64183,62757,1426,50141,15395,65536,49026,0.00,0.00,32088
1781295518,5721.9,maxram=65536/hog:256/n=170,64183,63824,359,50141,15395,65536,50088,0.00,0.00,32058
1781295520,5724.0,maxram=65536/hog:256/n=180,64183,58574,5609,65536,0,65536,50381,0.36,0.36,32264
1781295522,5726.0,maxram=65536/hog:256/n=180,64183,50033,14150,65536,0,65536,51348,1.02,0.84,32117
1781295524,5728.0,maxram=65536/hog:256/n=180,64183,51097,13085,65536,0,65536,52417,0.83,0.68,32111
1781295526,5730.1,maxram=65536/hog:256/n=190,64183,52169,12014,65536,0,65536,53484,0.68,0.56,32120
1781295528,5732.1,maxram=65536/hog:256/n=190,64183,53400,10783,65536,0,65536,54657,0.56,0.46,32114
1781295530,5734.1,maxram=65536/hog:256/n=200,64183,54319,9863,65536,0,65536,55571,0.45,0.37,32106
1781295532,5736.2,maxram=65536/hog:256/n=200,64183,55381,8801,65536,0,65536,56636,0.37,0.30,32130
1781295534,5738.2,maxram=65536/hog:256/n=210,64183,56707,7476,65536,0,65536,57972,0.30,0.25,32124
1781295536,5740.2,maxram=65536/hog:256/n=210,64183,57482,6701,65536,0,65536,58763,0.25,0.20,32103
1781295539,5742.3,maxram=65536/hog:256/n=210,64183,58788,5395,65536,0,65536,60070,0.20,0.16,32092
1781295541,5744.3,maxram=65536/hog:256/n=210,64183,58809,5373,65536,0,65536,60094,0.16,0.13,32142
1781295543,5746.5,maxram=65536/hog:256/n=210,64183,58995,5188,65536,0,65536,60286,0.86,0.83,32037
1781295545,5748.6,maxram=65536/hog:256/n=220,64183,59872,4311,65536,0,65536,61159,1.43,1.41,32469
1781295547,5750.6,maxram=65536/hog:256/n=220,64183,61096,3087,65536,0,65536,62386,1.17,1.15,32387
1781295549,5752.6,maxram=65536/hog:256/n=230,64183,62024,2158,65536,0,65536,63318,0.95,0.94,32303
1781295551,5754.7,maxram=65536/hog:256/n=230,64183,63071,1112,65536,0,65536,64364,0.78,0.77,31625
1781295553,5756.7,maxram=65536/hog:256/n=230,64183,63996,187,65536,0,65536,65362,0.64,0.63,31871
1781295557,5760.5,maxram=65536/hog:256/n=240,64183,64183,0,65536,0,65536,65391,12.61,12.43,32477
1781295577,5780.4,maxram=65536/hog:256/n=240,64183,64077,106,65536,0,65536,65391,87.74,86.89,32481
