ts_unix,elapsed_s,phase,guest_total_mib,guest_used_mib,guest_avail_mib,balloon_target_mib,balloon_held_mib,max_mib,host_fp_mib,psi_some,psi_full,host_free_mib
1781295785,0.0,maxram=8192/idle,32039,1044,30995,32768,0,32768,3222,0.00,0.00,33718
1781295787,2.1,maxram=8192/idle,7931,286,7644,8192,0,8192,1636,0.00,0.00,35211
1781295789,4.1,maxram=8192/idle,7931,573,7358,8192,0,8192,2131,0.00,0.00,34709
1781295791,6.1,maxram=8192/idle,7931,574,7357,8192,0,8192,2133,0.00,0.00,33663
1781295794,8.4,maxram=8192/idle,7931,603,7328,8192,0,8192,2167,0.00,0.00,33502
1781295796,10.4,maxram=8192/idle,7931,651,7280,8192,0,8192,2214,0.00,0.00,33439
1781295798,12.5,maxram=8192/idle,7931,695,7236,8192,0,8192,2272,0.00,0.00,33099
1781295800,14.5,maxram=8192/idle,7931,702,7229,8192,0,8192,2289,0.00,0.00,33314
1781295802,16.5,maxram=8192/idle,7931,697,7234,8192,0,8192,2313,0.00,0.00,33238
1781295804,18.6,maxram=8192/idle,7931,693,7237,8192,0,8192,2316,0.00,0.00,33399
1781295806,20.6,maxram=8192/idle,7931,699,7232,8192,0,8192,2334,0.00,0.00,33233
1781295808,22.6,maxram=8192/idle,7931,742,7189,8192,0,8192,2376,0.00,0.00,33132
1781295810,24.7,maxram=8192/idle/n=10,7931,737,7194,8192,0,8192,2403,0.00,0.00,32995
1781295812,26.7,maxram=8192/idle/n=10,7931,760,7171,8192,0,8192,2417,0.00,0.00,33418
1781295814,28.7,maxram=8192/idle/n=20,7931,829,7102,8192,0,8192,2465,0.00,0.00,33516
1781295816,30.8,maxram=8192/idle/n=20,7931,857,7074,8192,0,8192,2497,0.00,0.00,33487
1781295818,32.8,maxram=8192/idle/n=20,7931,872,7059,8192,0,8192,2517,0.00,0.00,33476
1781295820,34.9,maxram=8192/idle/n=20,7931,868,7063,8192,0,8192,2517,0.00,0.00,33465
1781295822,36.9,maxram=8192/idle/n=20,7931,891,7040,8192,0,8192,2536,0.00,0.00,33418
1781295824,39.0,maxram=8192/idle/n=30,7931,923,7008,8192,0,8192,2572,0.00,0.00,33386
1781295826,41.0,maxram=8192/idle/n=30,7931,964,6967,8192,0,8192,2609,0.00,0.00,33301
1781295828,43.0,maxram=8192/idle/n=40,7931,1009,6922,8192,0,8192,2648,0.00,0.00,33284
1781295830,45.1,maxram=8192/idle/n=40,7931,1033,6898,8192,0,8192,2686,0.00,0.00,33390
1781295832,47.1,maxram=8192/idle/n=50,7931,6705,1226,2600,5592,8192,2735,0.00,0.00,33371
1781295834,49.1,maxram=8192/idle/n=50,7931,6703,1228,2600,5592,8192,2766,0.00,0.00,33396
1781295836,51.2,maxram=8192/idle/n=50,7931,6728,1203,2600,5592,8192,2799,0.00,0.00,33353
1781295838,53.2,maxram=8192/idle/n=60,7931,6781,1150,2600,5592,8192,2849,0.00,0.00,33406
1781295840,55.2,maxram=8192/idle/n=60,7931,6807,1124,2600,5592,8192,2879,0.00,0.00,33370
1781295843,57.2,maxram=8192/idle/n=70,7931,6841,1090,2600,5592,8192,2921,0.00,0.00,33619
1781295845,59.3,maxram=8192/idle/n=70,7931,6893,1038,2600,5592,8192,2968,0.00,0.00,33607
1781295847,61.8,maxram=8192/idle/n=70,7931,6902,1029,2600,5592,8192,2972,0.00,0.00,33789
1781295849,63.8,maxram=8192/idle/n=70,7931,6916,1015,2600,5592,8192,2986,0.00,0.00,33702
1781295851,65.8,maxram=8192/idle/n=80,7931,6964,967,2600,5592,8192,3031,0.00,0.00,33334
1781295853,67.9,maxram=8192/idle/n=80,7931,6977,953,2600,5592,8192,3057,0.00,0.00,33481
1781295855,69.9,maxram=8192/idle/n=90,7931,7028,902,2600,5592,8192,3102,0.00,0.00,34040
1781295857,71.9,maxram=8192/idle/n=90,7931,7064,867,2600,5592,8192,3139,0.00,0.00,35205
1781295859,74.0,maxram=8192/idle/n=90,7931,7108,822,2600,5592,8192,3185,0.00,0.00,34250
1781295861,76.0,maxram=8192/idle/n=100,7931,7118,813,2600,5592,8192,3211,0.00,0.00,35334
1781295863,78.0,maxram=8192/idle/n=100,7931,7141,790,2600,5592,8192,3380,0.00,0.00,35144
1781295865,80.0,maxram=8192/idle/n=110,7931,6669,1262,3121,5071,8192,3642,0.00,0.00,34236
1781295867,82.1,maxram=8192/idle/n=110,7931,6702,1229,3121,5071,8192,3756,0.00,0.00,34014
1781295869,84.1,maxram=8192/idle/n=110,7931,6742,1189,3121,5071,8192,4030,0.00,0.00,33732
1781295871,86.1,maxram=8192/idle/n=120,7931,6768,1163,3121,5071,8192,4402,0.00,0.00,34137
1781295874,88.3,maxram=8192/idle/n=120,7931,6780,1150,3121,5071,8192,4560,0.00,0.00,34275
1781295876,90.9,maxram=8192/idle/n=120,7931,6786,1145,3121,5071,8192,4660,0.00,0.00,34026
1781295878,92.9,maxram=8192/idle/n=120,7931,6818,1113,3121,5071,8192,4686,0.00,0.00,34045
1781295880,94.9,maxram=8192/idle/n=130,7931,6837,1093,3121,5071,8192,4724,0.00,0.00,33957
1781295882,97.0,maxram=8192/idle/n=130,7931,6868,1062,3121,5071,8192,4761,0.00,0.00,33932
1781295884,99.0,maxram=8192/idle/n=140,7931,6918,1013,3121,5071,8192,4805,0.00,0.00,33938
1781295886,101.0,maxram=8192/idle/n=140,7931,6947,984,3121,5071,8192,4840,0.00,0.00,33893
1781295888,103.1,maxram=8192/idle/n=140,7931,6996,935,3121,5071,8192,4870,0.00,0.00,33873
1781295890,105.1,maxram=8192/idle/n=150,7931,7036,895,3121,5071,8192,4937,0.00,0.00,33814
1781295892,107.1,maxram=8192/idle/n=150,7931,7056,875,3121,5071,8192,4951,0.00,0.00,33837
1781295894,109.2,maxram=8192/idle/n=160,7931,7093,838,3121,5071,8192,4978,0.00,0.00,33814
1781295896,111.2,maxram=8192/idle/n=160,7931,7133,798,3121,5071,8192,5039,0.00,0.00,33384
1781295898,113.2,maxram=8192/idle/n=160,7931,7158,773,3121,5071,8192,5047,0.00,0.00,33529
1781295901,115.4,maxram=8192/idle/n=160,7931,7152,778,3121,5071,8192,5051,0.00,0.00,33590
1781295903,117.5,maxram=8192/idle/n=170,7931,7179,752,3121,5071,8192,5095,0.00,0.00,33800
1781295905,119.5,maxram=8192/idle/n=170,7931,6694,1237,3645,4547,8192,5129,0.00,0.00,33253
1781295907,121.5,maxram=8192/idle/n=170,7931,6711,1220,3645,4547,8192,5155,0.00,0.00,33888
1781295909,123.6,maxram=8192/idle/n=180,7931,6795,1136,3645,4547,8192,5220,0.00,0.00,33844
1781295911,125.6,maxram=8192/idle/n=180,7931,6846,1085,3645,4547,8192,5275,0.00,0.00,33336
1781295913,127.6,maxram=8192/idle/n=190,7931,6862,1069,3645,4547,8192,5303,0.00,0.00,33705
1781295915,129.7,maxram=8192/idle/n=190,7931,6891,1040,3645,4547,8192,5329,0.00,0.00,33642
1781295917,131.7,maxram=8192/idle/n=190,7931,6914,1017,3645,4547,8192,5367,0.00,0.00,33465
1781295919,133.7,maxram=8192/idle/n=200,7931,6931,1000,3645,4547,8192,5386,0.00,0.00,33537
1781295921,135.8,maxram=8192/idle/n=200,7931,6964,967,3645,4547,8192,5414,0.00,0.00,33445
1781295923,137.8,maxram=8192/idle/n=210,7931,7003,927,3645,4547,8192,5464,0.00,0.00,33626
1781295925,139.8,maxram=8192/idle/n=210,7931,7071,860,3645,4547,8192,5509,0.00,0.00,33629
1781295927,141.9,maxram=8192/idle/n=210,7931,7083,847,3645,4547,8192,5526,0.00,0.00,33584
1781295929,144.1,maxram=8192/idle/n=210,7931,7049,882,3645,4547,8192,5545,0.00,0.00,33880
1781295932,146.4,maxram=8192/idle/n=220,7931,7068,863,3645,4547,8192,5555,0.00,0.00,33604
1781295934,148.4,maxram=8192/idle/n=220,7931,7111,820,3645,4547,8192,5568,0.00,0.00,33847
1781295936,150.5,maxram=8192/idle/n=230,7931,7134,797,3645,4547,8192,5605,0.00,0.00,33865
1781295938,152.5,maxram=8192/idle/n=230,7931,7165,765,3645,4547,8192,5624,0.00,0.00,33816
1781295940,154.5,maxram=8192/idle/n=230,7931,6737,1194,4172,4020,8192,5706,0.00,0.00,33430
1781295942,156.6,maxram=8192/idle/n=240,7931,6739,1192,4172,4020,8192,5752,0.00,0.00,33497
1781295944,158.6,maxram=8192/idle/n=240,7931,6772,1159,4172,4020,8192,5802,0.00,0.00,33501
1781295946,160.6,maxram=8192/idle/n=250,7931,6794,1137,4172,4020,8192,5828,0.00,0.00,33452
1781295948,162.7,maxram=8192/idle/n=250,7931,6844,1087,4172,4020,8192,5907,0.00,0.00,33583
1781295950,164.7,maxram=8192/idle/n=250,7931,6856,1075,4172,4020,8192,5929,0.00,0.00,33573
1781295952,166.7,maxram=8192/idle/n=260,7931,6872,1059,4172,4020,8192,5949,0.00,0.00,33497
1781295954,168.8,maxram=8192/idle/n=260,7931,6885,1045,4172,4020,8192,5957,0.00,0.00,33505
1781295956,170.8,maxram=8192/idle/n=260,7931,6934,997,4172,4020,8192,5961,0.00,0.00,33502
1781295958,173.0,maxram=8192/idle/n=260,7931,6929,1002,4172,4020,8192,5961,0.00,0.00,33482
1781295960,175.1,maxram=8192/idle/n=270,7931,6955,976,4172,4020,8192,5965,0.00,0.00,33546
1781295962,177.1,maxram=8192/idle/n=270,7931,6992,939,4172,4020,8192,5980,0.00,0.00,33486
1781295964,179.1,maxram=8192/idle/n=280,7931,7031,900,4172,4020,8192,6015,0.00,0.00,33074
1781295966,181.2,maxram=8192/idle/n=280,7931,7074,857,4172,4020,8192,6046,0.00,0.00,33678
1781295968,183.2,maxram=8192/idle/n=280,7931,7069,862,4172,4020,8192,6084,0.00,0.00,33582
1781295970,185.2,maxram=8192/idle/n=290,7931,7112,819,4172,4020,8192,6094,0.00,0.00,33099
1781295973,187.3,maxram=8192/idle/n=290,7931,7158,773,4172,4020,8192,6141,0.00,0.00,33196
1781295975,189.3,maxram=8192/idle/n=300,7931,6653,1278,4688,3504,8192,6168,0.00,0.00,33548
1781295977,191.3,maxram=8192/idle/n=300,7931,6730,1201,4688,3504,8192,6240,0.00,0.00,33499
1781295979,193.4,maxram=8192/idle/n=300,7931,6758,1173,4688,3504,8192,6290,0.00,0.00,33569
1781295981,195.4,maxram=8192/idle/n=310,7931,6807,1124,4688,3504,8192,6339,0.00,0.00,33498
1781295983,197.4,maxram=8192/idle/n=310,7931,6858,1073,4688,3504,8192,6399,0.00,0.00,33431
1781295985,199.5,maxram=8192/idle/n=310,7931,6818,1113,4688,3504,8192,6412,0.00,0.00,33391
1781295987,201.7,maxram=8192/idle/n=310,7931,6813,1117,4688,3504,8192,6416,0.00,0.00,33377
1781295989,203.7,maxram=8192/idle/n=320,7931,6825,1106,4688,3504,8192,6423,0.00,0.00,33360
1781295991,205.8,maxram=8192/idle/n=320,7931,6861,1070,4688,3504,8192,6449,0.00,0.00,33301
1781295993,207.8,maxram=8192/idle/n=320,7931,6903,1028,4688,3504,8192,6492,0.00,0.00,33304
1781295995,209.8,maxram=8192/idle/n=330,7931,6960,971,4688,3504,8192,6557,0.00,0.00,33621
1781295997,211.9,maxram=8192/idle/n=330,7931,6990,941,4688,3504,8192,6588,0.00,0.00,33586
1781295999,213.9,maxram=8192/idle/n=340,7931,7041,890,4688,3504,8192,6627,0.00,0.00,33553
1781296001,215.9,maxram=8192/idle/n=340,7931,7038,892,4688,3504,8192,6659,0.00,0.00,33507
1781296003,218.0,maxram=8192/idle/n=340,7931,7060,871,4688,3504,8192,6676,0.00,0.00,33496
1781296005,220.0,maxram=8192/idle/n=350,7931,7123,808,4688,3504,8192,6688,0.00,0.00,33479
1781296007,222.0,maxram=8192/idle/n=350,7931,7173,758,4688,3504,8192,6701,0.00,0.00,33554
1781296009,224.1,maxram=8192/idle/n=360,7931,6682,1249,5207,2985,8192,6726,0.00,0.00,33518
1781296011,226.1,maxram=8192/idle/n=360,7931,6734,1197,5207,2985,8192,6772,0.00,0.00,33527
1781296013,228.1,maxram=8192/idle/n=360,7931,6782,1148,5207,2985,8192,6829,0.00,0.00,33139
1781296015,230.2,maxram=8192/idle/n=360,7931,6762,1169,5207,2985,8192,6836,0.00,0.00,33519
1781296018,232.3,maxram=8192/idle/n=370,7931,6747,1183,5207,2985,8192,6838,0.00,0.00,33640
1781296020,234.3,maxram=8192/idle/n=370,7931,6779,1152,5207,2985,8192,6863,0.00,0.00,33592
1781296022,236.4,maxram=8192/idle/n=370,7931,6785,1146,5207,2985,8192,6879,0.00,0.00,33560
1781296024,238.4,maxram=8192/idle/n=370,7931,6822,1109,5207,2985,8192,6922,0.00,0.00,33140
1781296026,240.5,maxram=8192/idle/n=380,7931,6856,1075,5207,2985,8192,6953,0.00,0.00,33631
1781296028,242.5,maxram=8192/idle/n=380,7931,6877,1054,5207,2985,8192,6985,0.00,0.00,33378
1781296030,244.5,maxram=8192/idle/n=380,7931,6907,1024,5207,2985,8192,7008,0.00,0.00,33386
1781296032,246.6,maxram=8192/idle/n=390,7931,6938,993,5207,2985,8192,7034,0.00,0.00,33305
1781296034,248.6,maxram=8192/idle/n=390,7931,6981,950,5207,2985,8192,7085,0.00,0.00,32947
1781296036,250.6,maxram=8192/idle/n=390,7931,7002,929,5207,2985,8192,7109,0.00,0.00,33118
1781296038,252.7,maxram=8192/idle/n=400,7931,7010,921,5207,2985,8192,7126,0.00,0.00,33282
1781296040,254.7,maxram=8192/idle/n=400,7931,7032,899,5207,2985,8192,7142,0.00,0.00,33330
1781296042,256.7,maxram=8192/idle/n=410,7931,7075,856,5207,2985,8192,7185,0.00,0.00,33339
1781296044,258.8,maxram=8192/idle/n=410,7931,7082,849,5207,2985,8192,7220,0.00,0.00,33315
1781296046,260.8,maxram=8192/idle/n=410,7931,7126,805,5207,2985,8192,7232,0.00,0.00,33309
1781296048,262.8,maxram=8192/idle/n=420,7931,6654,1277,5723,2469,8192,7249,0.00,0.00,33329
1781296050,264.9,maxram=8192/idle/n=420,7931,6655,1276,5723,2469,8192,7253,0.00,0.00,33076
1781296053,267.6,maxram=8192/idle/n=420,7931,6659,1272,5723,2469,8192,7254,0.00,0.00,32882
1781296055,269.7,maxram=8192/idle/n=420,7931,6707,1224,5723,2469,8192,7302,0.00,0.00,33234
1781296057,271.7,maxram=8192/idle/n=420,7931,6757,1174,5723,2469,8192,7334,0.00,0.00,33260
1781296059,273.7,maxram=8192/idle/n=430,7931,6758,1173,5723,2469,8192,7363,0.00,0.00,33315
1781296061,275.8,maxram=8192/idle/n=430,7931,6789,1142,5723,2469,8192,7389,0.00,0.00,33363
1781296063,277.8,maxram=8192/idle/n=430,7931,6823,1108,5723,2469,8192,7435,0.00,0.00,33019
1781296065,279.8,maxram=8192/idle/n=440,7931,6843,1088,5723,2469,8192,7465,0.00,0.00,33332
1781296067,281.9,maxram=8192/idle/n=440,7931,6904,1027,5723,2469,8192,7500,0.00,0.00,33279
1781296069,283.9,maxram=8192/idle/n=450,7931,6925,1006,5723,2469,8192,7540,0.00,0.00,33233
1781296071,285.9,maxram=8192/idle/n=450,7931,6968,962,5723,2469,8192,7576,0.00,0.00,33195
1781296073,287.9,maxram=8192/idle/n=450,7931,7018,913,5723,2469,8192,7619,0.00,0.00,33186
1781296075,290.0,maxram=8192/idle/n=460,7931,7002,929,5723,2469,8192,7642,0.00,0.00,32278
1781296077,292.0,maxram=8192/idle/n=460,7931,7049,882,5723,2469,8192,7667,0.00,0.00,33182
1781296079,294.0,maxram=8192/idle/n=470,7931,7110,821,5723,2469,8192,7727,0.00,0.00,33532
1781296081,296.1,maxram=8192/idle/n=470,7931,7106,824,5723,2469,8192,7734,0.00,0.00,33287
1781296084,298.5,maxram=8192/idle/n=470,7931,7102,829,5723,2469,8192,7735,0.00,0.00,33032
1781296086,300.6,maxram=8192/idle/n=470,7931,7113,818,5723,2469,8192,7751,0.00,0.00,33321
1781296088,302.6,maxram=8192/idle/n=470,7931,6659,1272,6240,1952,8192,7768,0.00,0.00,33320
1781296090,304.6,maxram=8192/idle/n=480,7931,6691,1240,6240,1952,8192,7804,0.00,0.00,33606
1781296092,306.7,maxram=8192/idle/n=480,7931,6748,1183,6240,1952,8192,7852,0.00,0.00,33729
1781296094,308.7,maxram=8192/idle/n=490,7931,6752,1179,6240,1952,8192,7892,0.00,0.00,33615
1781296096,310.7,maxram=8192/idle/n=490,7931,6802,1129,6240,1952,8192,7933,0.00,0.00,33667
1781296098,312.8,maxram=8192/idle/n=490,7931,6828,1103,6240,1952,8192,7966,0.00,0.00,33631
1781296100,314.8,maxram=8192/idle/n=500,7931,6851,1080,6240,1952,8192,8000,0.00,0.00,33610
1781296102,316.8,maxram=8192/idle/n=500,7931,6899,1032,6240,1952,8192,8047,0.00,0.00,33564
1781296104,318.8,maxram=8192/idle/n=510,7931,6907,1024,6240,1952,8192,8085,0.00,0.00,33511
1781296106,320.9,maxram=8192/idle/n=510,7931,6957,974,6240,1952,8192,8120,0.00,0.00,33324
1781296108,322.9,maxram=8192/idle/n=510,7931,6991,940,6240,1952,8192,8148,0.00,0.00,33645
1781296110,325.0,maxram=8192/idle/n=510,7931,7002,929,6240,1952,8192,8156,0.00,0.00,33335
1781296113,327.4,maxram=8192/idle/n=520,7931,6988,943,6240,1952,8192,8172,0.00,0.00,33126
1781296115,329.4,maxram=8192/idle/n=520,7931,7026,905,6240,1952,8192,8191,0.00,0.00,33343
1781296117,331.4,maxram=8192/idle/n=520,7931,7074,857,6240,1952,8192,8235,0.00,0.00,33237
1781296119,333.5,maxram=8192/idle/n=530,7931,7080,851,6240,1952,8192,8265,0.00,0.00,33383
1781296121,335.5,maxram=8192/idle/n=530,7931,7103,828,6240,1952,8192,8279,0.00,0.00,33039
1781296123,337.5,maxram=8192/idle/n=530,7931,7167,764,6240,1952,8192,8295,0.00,0.00,33282
1781296125,339.6,maxram=8192/idle/n=540,7931,6678,1253,6754,1438,8192,8324,0.00,0.00,33476
1781296127,341.6,maxram=8192/idle/n=540,7931,6745,1186,6754,1438,8192,8388,0.00,0.00,33432
1781296129,343.6,maxram=8192/idle/n=550,7931,6744,1187,6754,1438,8192,8418,0.00,0.00,33136
1781296131,345.7,maxram=8192/idle/n=550,7931,6776,1155,6754,1438,8192,8452,0.00,0.00,33524
1781296133,347.7,maxram=8192/idle/n=550,7931,6825,1106,6754,1438,8192,8508,0.00,0.00,33528
1781296135,349.7,maxram=8192/idle/n=560,7931,6831,1100,6754,1438,8192,8534,0.00,0.00,33516
1781296137,351.8,maxram=8192/idle/n=560,7931,6877,1053,6754,1438,8192,8565,0.00,0.00,33443
1781296139,353.8,maxram=8192/idle/n=570,7931,6908,1023,6754,1438,8192,8596,0.00,0.00,33449
1781296141,355.8,maxram=8192/idle/n=570,7931,6903,1028,6754,1438,8192,8599,0.00,0.00,33190
1781296143,358.2,maxram=8192/idle/n=570,7931,6919,1011,6754,1438,8192,8608,0.00,0.00,33485
1781296146,360.3,maxram=8192/idle/n=570,7931,6955,976,6754,1438,8192,8641,0.00,0.00,33743
1781296148,362.3,maxram=8192/idle/n=580,7931,6987,943,6754,1438,8192,8673,0.00,0.00,33775
1781296150,364.3,maxram=8192/idle/n=580,7931,7018,913,6754,1438,8192,8714,0.00,0.00,33724
1781296152,366.4,maxram=8192/idle/n=580,7931,7063,868,6754,1438,8192,8744,0.00,0.00,33547
1781296154,368.4,maxram=8192/idle/n=590,7931,7079,852,6754,1438,8192,8776,0.00,0.00,33425
1781296156,370.4,maxram=8192/idle/n=590,7931,7095,835,6754,1438,8192,8805,0.00,0.00,33524
1781296158,372.4,maxram=8192/idle/n=600,7931,7131,799,6754,1438,8192,8820,0.00,0.00,33494
1781296160,374.5,maxram=8192/idle/n=600,7931,7162,769,6754,1438,8192,8840,0.00,0.00,33478
1781296162,376.5,maxram=8192/idle/n=600,7931,6707,1224,7277,915,8192,8890,0.00,0.00,33412
1781296164,378.5,maxram=8192/idle/n=610,7931,6758,1173,7277,915,8192,8932,0.00,0.00,33220
1781296166,380.6,maxram=8192/idle/n=610,7931,6773,1158,7277,915,8192,8980,0.00,0.00,33200
1781296168,382.6,maxram=8192/idle/n=610,7931,6785,1146,7277,915,8192,8997,0.00,0.00,33154
1781296170,384.6,maxram=8192/idle/n=610,7931,6790,1141,7277,915,8192,9003,0.00,0.00,33077
1781296172,386.8,maxram=8192/idle/n=620,7931,6803,1127,7277,915,8192,9021,0.00,0.00,33111
1781296174,388.9,maxram=8192/idle/n=620,7931,6813,1117,7277,915,8192,9049,0.00,0.00,33221
1781296176,390.9,maxram=8192/idle/n=620,7931,6887,1044,7277,915,8192,9110,0.00,0.00,33175
1781296178,392.9,maxram=8192/idle/n=630,7931,6892,1039,7277,915,8192,9134,0.00,0.00,33111
1781296180,395.0,maxram=8192/idle/n=630,7931,6932,999,7277,915,8192,9158,0.00,0.00,33074
1781296182,397.0,maxram=8192/idle/n=630,7931,6975,956,7277,915,8192,9197,0.00,0.00,33116
1781296184,399.0,maxram=8192/idle/n=640,7931,6992,939,7277,915,8192,9229,0.00,0.00,33068
1781296186,401.1,maxram=8192/idle/n=640,7931,7021,910,7277,915,8192,9262,0.00,0.00,32464
1781296188,403.1,maxram=8192/idle/n=650,7931,7046,884,7277,915,8192,9303,0.00,0.00,32975
1781296190,405.1,maxram=8192/idle/n=650,7931,7102,829,7277,915,8192,9333,0.00,0.00,33020
1781296192,407.2,maxram=8192/idle/n=650,7931,7110,821,7277,915,8192,9367,0.00,0.00,33124
1781296194,409.2,maxram=8192/idle/n=660,7931,7122,809,7277,915,8192,9376,0.00,0.00,33048
1781296196,411.2,maxram=8192/idle/n=660,7931,7159,772,7277,915,8192,9389,0.00,0.00,33020
1781296199,413.3,maxram=8192/idle/n=660,7931,6692,1239,7790,402,8192,9438,0.00,0.00,33031
1781296201,415.3,maxram=8192/idle/n=670,7931,6745,1186,7790,402,8192,9489,0.00,0.00,32916
1781296203,417.4,maxram=8192/idle/n=670,7931,6739,1192,7790,402,8192,9495,0.00,0.00,32955
1781296205,419.4,maxram=8192/idle/n=670,7931,6762,1169,7790,402,8192,9517,0.00,0.00,32685
1781296207,421.5,maxram=8192/idle/n=670,7931,6788,1143,7790,402,8192,9553,0.00,0.00,33254
1781296209,423.5,maxram=8192/idle/n=680,7931,6803,1128,7790,402,8192,9590,0.00,0.00,33250
1781296211,425.5,maxram=8192/idle/n=680,7931,6832,1099,7790,402,8192,9624,0.00,0.00,32455
1781296213,427.6,maxram=8192/idle/n=680,7931,6878,1053,7790,402,8192,9656,0.00,0.00,32465
1781296215,429.6,maxram=8192/idle/n=690,7931,6941,990,7790,402,8192,9713,0.00,0.00,33078
1781296217,431.6,maxram=8192/idle/n=690,7931,6962,969,7790,402,8192,9744,0.00,0.00,33181
1781296219,433.7,maxram=8192/idle/n=700,7931,6985,946,7790,402,8192,9787,0.00,0.00,32969
1781296221,435.7,maxram=8192/idle/n=700,7931,7028,903,7790,402,8192,9824,0.00,0.00,32900
1781296223,437.7,maxram=8192/idle/n=700,7931,7044,887,7790,402,8192,9850,0.00,0.00,32881
1781296225,439.8,maxram=8192/idle/n=710,7931,7057,874,7790,402,8192,9870,0.00,0.00,32827
1781296227,441.8,maxram=8192/idle/n=710,7931,7077,854,7790,402,8192,9902,0.00,0.00,32816
1781296229,443.8,maxram=8192/idle/n=710,7931,7087,844,7790,402,8192,9913,0.00,0.00,32795
1781296231,446.1,maxram=8192/idle/n=710,7931,7086,845,7790,402,8192,9914,0.00,0.00,32776
1781296233,448.1,maxram=8192/idle/n=710,7931,7099,832,7790,402,8192,9917,0.00,0.00,32835
1781296235,450.1,maxram=8192/idle/n=720,7931,7139,792,7790,402,8192,9924,0.00,0.00,32815
1781296237,452.2,maxram=8192/idle/n=720,7931,7186,745,7790,402,8192,9943,0.00,0.00,32831
1781296239,454.2,maxram=8192/idle/n=730,7931,7240,691,7790,402,8192,9987,0.00,0.00,32803
1781296241,456.2,maxram=8192/idle/n=730,7931,7263,668,7790,402,8192,10025,0.00,0.00,32745
1781296244,458.2,maxram=8192/idle/n=730,7931,7301,630,7790,402,8192,10064,0.00,0.00,32717
1781296246,460.3,maxram=8192/idle/n=740,7931,7326,605,7790,402,8192,10081,0.00,0.00,32720
1781296248,462.3,maxram=8192/idle/n=740,7931,7220,711,7790,402,8192,10108,0.00,0.00,32875
1781296250,464.3,maxram=8192/idle/n=740,7931,7253,678,7790,402,8192,10145,0.00,0.00,32760
1781296252,466.4,maxram=8192/idle/n=750,7931,7286,645,7790,402,8192,10160,0.00,0.00,32635
1781296254,468.4,maxram=8192/idle/n=750,7931,7316,615,7790,402,8192,10175,0.00,0.00,32672
1781296256,470.4,maxram=8192/idle/n=750,7931,7353,577,7790,402,8192,10178,0.00,0.00,32621
1781296258,472.5,maxram=8192/idle/n=760,7931,7366,565,7790,402,8192,10178,0.00,0.00,32674
1781296260,474.5,maxram=8192/idle/n=760,7931,7207,724,7790,402,8192,10179,0.18,0.18,32660
1781296262,476.5,maxram=8192/idle/n=760,7931,7214,717,7790,402,8192,10179,0.14,0.14,32625
1781296264,478.7,maxram=8192/idle/n=760,7931,7220,711,7790,402,8192,10179,0.12,0.12,32297
1781296266,480.8,maxram=8192/idle/n=770,7931,7275,656,7790,402,8192,10179,0.09,0.09,32919
1781296268,482.8,maxram=8192/idle/n=770,7931,7314,617,7790,402,8192,10180,0.08,0.08,32829
1781296270,484.8,maxram=8192/idle/n=770,7931,7363,568,7790,402,8192,10180,0.06,0.06,32870
1781296272,486.9,maxram=8192/idle/n=780,7931,7356,575,7790,402,8192,10180,0.05,0.05,32466
1781296274,488.9,maxram=8192/idle/n=780,7931,7285,646,7790,402,8192,10181,0.04,0.04,33192
1781296276,490.9,maxram=8192/idle/n=780,7931,7300,630,7790,402,8192,10181,0.03,0.03,33098
1781296278,493.0,maxram=8192/idle/n=790,7931,7304,627,7790,402,8192,10181,0.02,0.02,33321
1781296280,495.0,maxram=8192/idle/n=790,7931,7354,577,7790,402,8192,10183,0.02,0.02,33304
1781296282,497.0,maxram=8192/idle/n=790,7931,7239,692,7790,402,8192,10183,0.01,0.01,33275
1781296284,499.0,maxram=8192/idle/n=800,7931,7286,645,7790,402,8192,10184,0.01,0.01,33251
1781296286,501.1,maxram=8192/idle/n=800,7931,7319,612,7790,402,8192,10184,0.37,0.37,33255
1781296288,503.1,maxram=8192/idle/n=810,7931,7340,591,7790,402,8192,10185,0.30,0.30,33215
1781296290,505.1,maxram=8192/idle/n=810,7931,7368,563,7790,402,8192,10185,0.25,0.25,33245
1781296293,507.4,maxram=8192/idle/n=810,7931,7371,559,7790,402,8192,10185,0.20,0.20,33165
1781296295,509.4,maxram=8192/idle/n=810,7931,7355,575,7790,402,8192,10185,0.16,0.16,32755
1781296297,511.4,maxram=8192/idle/n=810,7931,7381,550,7790,402,8192,10185,0.13,0.13,32967
1781296299,513.5,maxram=8192/idle/n=810,7931,7314,617,7790,402,8192,10186,0.29,0.29,33186
1781296301,515.5,maxram=8192/idle/n=820,7931,7313,618,7790,402,8192,10186,0.24,0.24,33215
1781296303,517.5,maxram=8192/idle/n=820,7931,7358,573,7790,402,8192,10186,0.19,0.19,33216
1781296305,519.6,maxram=8192/idle/n=820,7931,7395,535,7790,402,8192,10186,0.16,0.16,33223
1781296307,521.6,maxram=8192/idle/n=830,7931,7387,544,7790,402,8192,10186,0.13,0.13,33015
1781296309,523.6,maxram=8192/idle/n=830,7931,7278,652,7790,402,8192,10186,0.10,0.10,33137
1781296311,525.7,maxram=8192/idle/n=830,7931,7384,547,7790,402,8192,10186,0.26,0.26,33143
1781296313,527.7,maxram=8192/idle/n=840,7931,7386,545,7790,402,8192,10187,0.22,0.22,32754
1781296315,529.7,maxram=8192/idle/n=840,7931,7400,531,7790,402,8192,10183,0.18,0.18,32924
1781296317,531.8,maxram=8192/idle/n=840,7931,7409,522,7790,402,8192,10183,0.14,0.14,33163
1781296319,533.8,maxram=8192/idle/n=840,7931,7292,639,7790,402,8192,10184,0.12,0.12,33129
1781296321,535.8,maxram=8192/idle/n=850,7931,7341,590,7790,402,8192,10184,0.28,0.28,32314
1781296323,537.9,maxram=8192/idle/n=850,7931,7337,594,7790,402,8192,10184,0.22,0.22,32795
1781296325,539.9,maxram=8192/idle/n=850,7931,7357,574,7790,402,8192,10184,1.09,1.09,33107
1781296328,542.3,maxram=8192/idle/n=850,7931,7346,585,7790,402,8192,10184,0.89,0.89,33314
1781296330,544.6,maxram=8192/idle/n=850,7931,7378,553,7790,402,8192,10184,0.60,0.60,33244
1781296332,546.6,maxram=8192/idle/n=860,7931,7422,509,7790,402,8192,10185,0.49,0.49,32731
1781296334,548.7,maxram=8192/idle/n=860,7931,7436,495,7790,402,8192,10185,0.40,0.40,32699
1781296336,550.7,maxram=8192/idle/n=860,7931,7300,631,7790,402,8192,10185,0.32,0.32,33085
1781296338,552.7,maxram=8192/idle/n=870,7931,7336,595,7790,402,8192,10185,0.81,0.81,33099
1781296340,554.7,maxram=8192/idle/n=870,7931,7330,601,7790,402,8192,10185,0.66,0.66,33115
1781296342,556.8,maxram=8192/idle/n=870,7931,7430,501,7790,402,8192,10185,0.54,0.54,33110
1781296344,558.8,maxram=8192/idle/n=880,7931,7450,481,7790,402,8192,10186,0.44,0.44,33114
1781296346,560.8,maxram=8192/idle/n=880,7931,7459,472,7790,402,8192,10186,0.36,0.36,33058
1781296348,562.9,maxram=8192/idle/n=880,7931,7482,449,7790,402,8192,10186,0.47,0.47,33087
1781296350,564.9,maxram=8192/idle/n=890,7931,7489,442,7790,402,8192,10186,0.39,0.39,33090
1781296352,566.9,maxram=8192/idle/n=890,7931,7410,521,7790,402,8192,10186,0.68,0.68,33109
1781296354,569.0,maxram=8192/idle/n=890,7931,7453,478,7790,402,8192,10186,0.74,0.74,33077
1781296356,571.0,maxram=8192/idle/n=900,7931,7496,435,7790,402,8192,10184,0.60,0.60,33066
1781296358,573.0,maxram=8192/idle/n=900,7931,7484,447,7790,402,8192,10185,0.49,0.49,33075
1781296360,575.1,maxram=8192/idle/n=900,7931,7532,399,7790,402,8192,10185,2.58,2.58,33055
1781296362,577.2,maxram=8192/idle/n=900,7931,7397,534,7790,402,8192,10185,2.29,2.29,33007
1781296364,579.2,maxram=8192/idle/n=910,7931,7404,527,7790,402,8192,10185,1.87,1.87,33045
1781296366,581.2,maxram=8192/idle/n=910,7931,7441,490,7790,402,8192,10185,1.53,1.53,33017
1781296369,583.3,maxram=8192/idle/n=910,7931,7479,452,7790,402,8192,10183,1.25,1.25,33043
1781296371,585.3,maxram=8192/idle/n=920,7931,7484,447,7790,402,8192,10184,1.03,1.03,33355
1781296373,587.3,maxram=8192/idle/n=920,7931,7521,410,7790,402,8192,10184,0.84,0.84,32789
1781296375,589.4,maxram=8192/idle/n=920,7931,7350,581,7790,402,8192,10184,0.69,0.69,33142
1781296377,591.4,maxram=8192/idle/n=930,7931,7431,500,7790,402,8192,10184,0.56,0.56,33135
1781296379,593.4,maxram=8192/idle/n=930,7931,7453,478,7790,402,8192,10184,0.46,0.46,33122
1781296381,595.4,maxram=8192/idle/n=930,7931,7506,424,7790,402,8192,10184,2.19,2.19,33037
1781296383,597.5,maxram=8192/idle/n=940,7931,7521,410,7790,402,8192,10184,1.79,1.79,33222
1781296385,599.5,maxram=8192/idle/n=940,7931,7549,382,7790,402,8192,10184,1.46,1.46,33336
1781296387,601.5,maxram=8192/idle/n=940,7931,7180,751,8192,0,8192,10189,1.38,1.38,33416
1781296389,603.6,maxram=8192/idle/n=950,7931,7206,725,8192,0,8192,10215,1.13,1.13,33268
1781296391,605.6,maxram=8192/idle/n=950,7931,7228,703,8192,0,8192,10227,0.92,0.92,32145
1781296393,608.0,maxram=8192/idle/n=950,7931,7223,708,8192,0,8192,10228,1.66,1.66,33112
1781296395,610.0,maxram=8192/idle/n=950,7931,7284,647,8192,0,8192,10269,5.89,5.71,33147
1781296397,612.1,maxram=8192/idle/n=960,7931,7287,644,8192,0,8192,10285,4.82,4.67,33267
1781296399,614.1,maxram=8192/idle/n=960,7931,7312,619,8192,0,8192,10310,3.95,3.82,33165
1781296401,616.1,maxram=8192/idle/n=960,7931,7356,575,8192,0,8192,10354,3.23,3.13,33129
1781296403,618.2,maxram=8192/idle/n=970,7931,7385,545,8192,0,8192,10376,2.64,2.56,32793
1781296405,620.2,maxram=8192/idle/n=970,7931,7427,504,8192,0,8192,10407,2.16,2.10,33033
1781296407,622.2,maxram=8192/idle/n=970,7931,7434,497,8192,0,8192,10429,1.77,1.72,33004
1781296410,624.2,maxram=8192/idle/n=980,7931,7444,487,8192,0,8192,10448,1.45,1.40,32979
1781296412,626.3,maxram=8192/idle/n=980,7931,7488,443,8192,0,8192,10486,1.18,1.15,33174
1781296414,628.3,maxram=8192/idle/n=980,7931,7524,407,8192,0,8192,10516,0.97,0.94,32717
1781296416,630.4,maxram=8192/idle/n=990,7931,7541,390,8192,0,8192,10544,0.79,0.77,32864
1781296418,632.4,maxram=8192/idle/n=990,7931,7551,380,8192,0,8192,10557,0.65,0.63,32922
1781296420,634.4,maxram=8192/idle/n=990,7931,7463,467,8192,0,8192,10574,0.53,0.51,32878
1781296422,636.4,maxram=8192/idle/n=1000,7931,7502,429,8192,0,8192,10577,0.43,0.42,32897
1781296424,638.5,maxram=8192/idle/n=1000,7931,7504,427,8192,0,8192,10578,0.35,0.34,32792
1781296426,640.9,maxram=8192/idle/n=1000,7931,7519,411,8192,0,8192,10577,0.23,0.23,32456
1781296428,642.9,maxram=8192/idle/n=1000,7931,7556,375,8192,0,8192,10581,0.19,0.18,32754
1781296430,645.0,maxram=8192/idle/n=1010,7931,7554,377,8192,0,8192,10582,0.16,0.15,32970
1781296432,647.0,maxram=8192/idle/n=1010,7931,7561,370,8192,0,8192,10584,0.13,0.12,32597
1781296434,649.0,maxram=8192/idle/n=1010,7931,7514,417,8192,0,8192,10585,0.10,0.10,32877
1781296436,651.1,maxram=8192/idle/n=1020,7931,7499,432,8192,0,8192,10585,1.53,1.53,32383
1781296438,653.1,maxram=8192/idle/n=1020,7931,7533,398,8192,0,8192,10585,1.25,1.25,32368
1781296440,655.1,maxram=8192/idle/n=1020,7931,7551,380,8192,0,8192,10585,1.03,1.02,32773
1781296442,657.2,maxram=8192/idle/n=1020,7931,7065,866,8192,0,8192,10588,1.20,1.20,32801
1781296444,659.2,maxram=8192/idle/n=1020,7931,6962,969,8192,0,8192,10587,0.98,0.98,32439
1781296446,661.2,maxram=8192/idle/n=1020,7931,6931,1000,8192,0,8192,10586,0.80,0.80,32986
1781296449,663.3,maxram=8192/idle/n=1020,7931,6718,1213,8192,0,8192,10589,0.66,0.66,32284
1781296451,665.3,maxram=8192/idle/n=1020,7931,6674,1257,8192,0,8192,10590,0.54,0.54,32184
1781296453,667.8,maxram=8192/idle/n=1020,7931,6658,1273,8192,0,8192,10590,0.44,0.44,31807
1781296455,669.9,maxram=8192/idle/n=1020,7931,6645,1286,8192,0,8192,10589,0.36,0.36,32113
1781296457,672.0,maxram=8192/idle/n=1020,7931,6589,1341,8192,0,8192,10588,0.29,0.29,31591
1781296459,674.0,maxram=8192/idle/n=1020,7931,6423,1508,8192,0,8192,10590,0.24,0.24,32233
1781296461,676.0,maxram=8192/idle/n=1020,7931,6378,1553,8192,0,8192,10589,0.19,0.19,31722
1781296463,678.0,maxram=8192/idle/n=1020,7931,6346,1585,8192,0,8192,10588,0.16,0.16,32417
1781296465,680.1,maxram=8192/idle/n=1020,7931,6142,1788,8192,0,8192,10590,0.13,0.13,32288
1781296467,682.1,maxram=8192/idle/n=1020,7931,6077,1854,8192,0,8192,10589,0.10,0.10,32374
1781296469,684.1,maxram=8192/idle/n=1020,7931,6051,1880,8192,0,8192,10588,0.08,0.08,32527
1781296471,686.2,maxram=8192/idle/n=1020,7931,5829,2102,8192,0,8192,10590,0.07,0.07,32399
1781296474,688.3,maxram=8192/idle/n=1020,7931,5788,2143,8192,0,8192,10590,0.05,0.05,32613
1781296476,690.4,maxram=8192/idle/n=1020,7931,5812,2119,8192,0,8192,10590,0.04,0.04,32686
1781296478,692.4,maxram=8192/idle/n=1020,7931,5791,2140,8192,0,8192,10589,0.03,0.03,32686
1781296480,694.4,maxram=8192/idle/n=1020,7931,5761,2170,8192,0,8192,10588,0.03,0.03,32981
1781296482,696.4,maxram=8192/idle/n=1020,7931,5562,2368,8192,0,8192,10590,0.02,0.02,32990
1781296484,698.5,maxram=8192/idle/n=1020,7931,5514,2417,8192,0,8192,10590,0.02,0.02,33085
1781296486,700.5,maxram=8192/idle/n=1020,7931,5479,2452,8192,0,8192,10589,0.01,0.01,33075
1781296488,702.5,maxram=8192/idle/n=1020,7931,5278,2653,8192,0,8192,10592,0.01,0.01,32829
1781296490,704.6,maxram=8192/idle/n=1020,7931,5254,2676,8192,0,8192,10591,0.01,0.01,32694
1781296492,706.6,maxram=8192/idle/n=1020,7931,5193,2737,8192,0,8192,10595,0.00,0.00,32084
1781296494,708.7,maxram=8192/idle/n=1020,7931,5286,2645,8192,0,8192,10596,0.00,0.00,32620
1781296496,710.7,maxram=8192/idle/n=1020,7931,5045,2886,8192,0,8192,10596,0.00,0.00,32721
1781296498,712.9,maxram=8192/idle/n=1020,7931,4983,2948,8192,0,8192,10596,0.00,0.00,32455
1781296500,715.1,maxram=8192/idle/n=1020,7931,4972,2959,8192,0,8192,10596,0.00,0.00,33183
1781296502,717.1,maxram=8192/idle/n=1020,7931,4947,2984,8192,0,8192,10596,0.00,0.00,33027
1781296504,719.1,maxram=8192/idle/n=1020,7931,4909,3022,8192,0,8192,10594,0.00,0.00,32397
1781296506,721.2,maxram=8192/idle/n=1020,7931,4968,2963,8192,0,8192,10595,0.00,0.00,32703
1781296509,723.4,maxram=8192/idle/n=1020,7931,4898,3032,8192,0,8192,10595,0.00,0.00,32904
1781296511,725.5,maxram=8192/idle/n=1020,7931,4786,3144,6236,1956,8192,10596,0.00,0.00,32531
1781296513,727.5,maxram=8192/idle/n=1020,7931,6614,1317,6236,1956,8192,8264,0.00,0.00,34693
1781296515,729.5,maxram=8192/idle/n=1020,7931,6582,1348,6236,1956,8192,8265,0.00,0.00,34374
1781296517,731.6,maxram=8192/idle/n=1020,7931,6370,1561,6236,1956,8192,8263,0.00,0.00,34390
1781296519,733.6,maxram=8192/idle/n=1020,7931,6327,1604,6236,1956,8192,8262,0.00,0.00,34517
1781296521,735.8,maxram=8192/idle/n=1020,7931,6317,1614,6236,1956,8192,8262,0.00,0.00,34654
1781296523,737.9,maxram=8192/idle/n=1020,7931,6302,1629,6236,1956,8192,8262,0.00,0.00,34736
1781296525,739.9,maxram=8192/idle/n=1020,7931,6082,1849,6236,1956,8192,8263,0.00,0.00,34365
1781296527,741.9,maxram=8192/idle/n=1020,7931,6040,1891,6236,1956,8192,8261,0.00,0.00,34674
1781296529,744.0,maxram=8192/idle/n=1020,7931,6011,1920,6236,1956,8192,8260,0.00,0.00,34702
1781296531,746.0,maxram=8192/idle/n=1020,7931,6169,1762,6236,1956,8192,8261,0.00,0.00,34718
1781296533,748.0,maxram=8192/idle/n=1020,7931,5750,2181,6236,1956,8192,8261,0.00,0.00,34080
1781296535,750.1,maxram=8192/idle/n=1020,7931,5703,2228,6236,1956,8192,8260,0.00,0.00,34814
1781296537,752.1,maxram=8192/idle/n=1020,7931,5691,2240,6236,1956,8192,8258,0.00,0.00,34882
1781296539,754.1,maxram=8192/idle/n=1020,7931,5444,2487,6236,1956,8192,8258,0.00,0.00,34759
1781296541,756.2,maxram=8192/idle/n=1020,7931,5440,2490,6236,1956,8192,8258,0.00,0.00,34889
1781296544,758.3,maxram=8192/idle/n=1020,7931,5424,2507,6236,1956,8192,8258,0.00,0.00,34927
1781296546,760.5,maxram=8192/idle/n=1020,7931,5397,2534,6236,1956,8192,8257,0.00,0.00,34923
1781296548,762.5,maxram=8192/idle/n=1020,7931,5156,2775,6236,1956,8192,8256,0.00,0.00,34620
1781296550,764.5,maxram=8192/idle/n=1020,7931,5128,2803,6236,1956,8192,8256,0.00,0.00,34674
1781296552,766.6,maxram=8192/idle/n=1020,7931,5091,2840,6236,1956,8192,8255,0.00,0.00,34711
1781296554,768.6,maxram=8192/idle/n=1020,7931,4855,3076,6236,1956,8192,8256,0.00,0.00,34710
1781296556,770.6,maxram=8192/idle/n=1020,7931,4806,3125,6236,1956,8192,8256,0.00,0.00,34650
1781296558,772.7,maxram=8192/idle/n=1020,7931,4801,3130,6236,1956,8192,8254,0.00,0.00,34634
1781296560,774.7,maxram=8192/idle/n=1020,7931,4600,3331,6236,1956,8192,8256,0.00,0.00,34909
1781296562,776.7,maxram=8192/idle/n=1020,7931,4539,3392,6236,1956,8192,8257,0.00,0.00,34568
1781296564,778.8,maxram=8192/idle/n=1020,7931,4545,3386,6236,1956,8192,8256,0.00,0.00,33890
1781296566,780.8,maxram=8192/idle/n=1020,7931,4526,3405,6236,1956,8192,8256,0.00,0.00,34794
1781296568,782.9,maxram=8192/idle/n=1020,7931,4535,3396,6236,1956,8192,8256,0.18,0.18,34647
1781296570,785.2,maxram=8192/idle/n=1020,7931,4735,3196,4090,4102,8192,8255,0.14,0.14,34304
1781296572,787.2,maxram=8192/idle/n=1020,7931,6504,1427,4090,4102,8192,8256,0.12,0.12,34171
1781296575,789.2,maxram=8192/idle/n=1020,7931,6472,1459,4090,4102,8192,8256,0.09,0.09,34317
1781296577,791.3,maxram=8192/idle/n=1020,7931,6443,1488,4090,4102,8192,8255,0.08,0.08,34349
1781296579,793.3,maxram=8192/idle/n=1020,7931,6628,1303,4090,4102,8192,8256,0.06,0.06,34665
1781296581,795.4,maxram=8192/idle/n=1020,7931,6162,1769,4090,4102,8192,8256,0.05,0.05,34784
1781296583,797.4,maxram=8192/idle/n=1020,7931,6133,1798,4090,4102,8192,8256,0.04,0.04,34808
1781296585,799.4,maxram=8192/idle/n=1020,7931,6069,1861,4090,4102,8192,8255,0.03,0.03,34352
1781296587,801.5,maxram=8192/idle/n=1020,7931,5753,2178,4090,4102,8192,8256,0.02,0.02,34720
1781296589,803.5,maxram=8192/idle/n=1020,7931,5711,2219,4090,4102,8192,8256,0.02,0.02,34684
1781296591,805.5,maxram=8192/idle/n=1020,7931,5697,2234,4090,4102,8192,8255,0.01,0.01,34529
1781296593,807.7,maxram=8192/idle/n=1020,7931,5684,2247,4090,4102,8192,8255,0.01,0.01,34316
1781296595,810.0,maxram=8192/idle/n=1020,7931,5653,2277,4090,4102,8192,8255,0.01,0.01,34287
1781296597,812.1,maxram=8192/idle/n=1020,7931,5627,2304,4090,4102,8192,8255,0.00,0.00,34708
1781296599,814.1,maxram=8192/idle/n=1020,7931,5353,2578,4090,4102,8192,8256,0.00,0.00,34741
1781296601,816.1,maxram=8192/idle/n=1020,7931,5331,2599,4090,4102,8192,8256,0.00,0.00,34319
1781296603,818.2,maxram=8192/idle/n=1020,7931,5301,2630,4090,4102,8192,8255,0.00,0.00,34300
1781296605,820.2,maxram=8192/idle/n=1020,7931,5108,2823,4090,4102,8192,8255,0.00,0.00,34579
1781296607,822.2,maxram=8192/idle/n=1020,7931,5116,2814,4090,4102,8192,8255,0.00,0.00,34692
1781296612,826.3,maxram=8192/nginx,7931,265,7666,8192,0,8192,522,0.00,0.00,39989
1781296614,828.3,maxram=8192/nginx,7931,501,7429,8192,0,8192,991,0.00,0.00,39501
1781296616,830.3,maxram=8192/nginx,7931,657,7274,8192,0,8192,1172,0.00,0.00,38998
1781296618,832.4,maxram=8192/nginx,7931,793,7138,8192,0,8192,1343,0.00,0.00,38944
1781296620,834.4,maxram=8192/nginx/n=10,7931,892,7039,8192,0,8192,1455,0.00,0.00,38681
1781296622,836.4,maxram=8192/nginx/n=10,7931,966,6965,8192,0,8192,1532,0.00,0.00,38417
1781296624,838.5,maxram=8192/nginx/n=10,7931,964,6967,8192,0,8192,1534,0.00,0.00,38077
1781296626,840.6,maxram=8192/nginx/n=10,7931,969,6962,8192,0,8192,1554,0.00,0.00,38461
1781296628,842.6,maxram=8192/nginx/n=10,7931,1029,6902,8192,0,8192,1607,0.00,0.00,38384
1781296630,844.7,maxram=8192/nginx/n=20,7931,1137,6794,8192,0,8192,1716,0.00,0.00,38232
1781296632,846.7,maxram=8192/nginx/n=20,7931,1230,6701,8192,0,8192,1821,0.00,0.00,37453
1781296634,848.7,maxram=8192/nginx/n=30,7931,1311,6620,8192,0,8192,1902,0.00,0.00,37517
1781296636,850.8,maxram=8192/nginx/n=30,7931,1403,6528,8192,0,8192,2001,0.00,0.00,37737
1781296638,852.8,maxram=8192/nginx/n=40,7931,1477,6454,8192,0,8192,2090,0.00,0.00,37658
1781296640,854.8,maxram=8192/nginx/n=40,7931,1571,6360,8192,0,8192,2170,0.00,0.00,37623
1781296642,856.9,maxram=8192/nginx/n=40,7931,1671,6259,8192,0,8192,2275,0.00,0.00,37374
1781296644,858.9,maxram=8192/nginx/n=50,7931,1753,6178,8192,0,8192,2372,0.00,0.00,37347
1781296646,860.9,maxram=8192/nginx/n=50,7931,1839,6092,8192,0,8192,2453,0.00,0.00,37165
1781296648,863.0,maxram=8192/nginx/n=60,7931,1932,5999,8192,0,8192,2546,0.00,0.00,37535
1781296650,865.0,maxram=8192/nginx/n=60,7931,2012,5919,8192,0,8192,2626,0.00,0.00,37360
1781296652,867.2,maxram=8192/nginx/n=60,7931,2015,5916,8192,0,8192,2635,0.00,0.00,37241
1781296654,869.2,maxram=8192/nginx/n=60,7931,2048,5883,8192,0,8192,2667,0.00,0.00,37377
1781296657,871.2,maxram=8192/nginx/n=70,7931,6704,1227,3618,4574,8192,2761,0.00,0.00,37318
1781296659,873.3,maxram=8192/nginx/n=70,7931,6771,1159,3618,4574,8192,2842,0.00,0.00,37282
1781296661,875.3,maxram=8192/nginx/n=80,7931,6877,1054,3618,4574,8192,2956,0.00,0.00,37251
1781296663,877.3,maxram=8192/nginx/n=80,7931,6974,957,3618,4574,8192,3045,0.00,0.00,37149
1781296665,879.4,maxram=8192/nginx/n=80,7931,7077,854,3618,4574,8192,3156,0.00,0.00,37085
1781296667,881.4,maxram=8192/nginx/n=90,7931,7147,784,3618,4574,8192,3239,0.00,0.00,37052
1781296669,883.4,maxram=8192/nginx/n=90,7931,6675,1256,4182,4010,8192,3330,0.00,0.00,36970
1781296671,885.5,maxram=8192/nginx/n=100,7931,6754,1177,4182,4010,8192,3416,0.00,0.00,36896
1781296673,887.5,maxram=8192/nginx/n=100,7931,6867,1064,4182,4010,8192,3523,0.00,0.00,36780
1781296675,889.5,maxram=8192/nginx/n=100,7931,6951,980,4182,4010,8192,3620,0.00,0.00,36697
1781296677,891.6,maxram=8192/nginx/n=110,7931,7028,902,4182,4010,8192,3702,0.00,0.00,36834
1781296679,893.6,maxram=8192/nginx/n=110,7931,7072,859,4182,4010,8192,3753,0.00,0.00,36323
1781296681,895.8,maxram=8192/nginx/n=110,7931,7052,879,4182,4010,8192,3753,0.00,0.00,36539
1781296683,897.8,maxram=8192/nginx/n=110,7931,7120,811,4182,4010,8192,3803,0.00,0.00,36570
1781296685,899.9,maxram=8192/nginx/n=120,7931,6701,1230,4709,3483,8192,3905,0.00,0.00,36692
1781296687,901.9,maxram=8192/nginx/n=120,7931,6774,1157,4709,3483,8192,3986,0.00,0.00,36724
1781296689,903.9,maxram=8192/nginx/n=130,7931,6858,1073,4709,3483,8192,4072,0.00,0.00,36578
1781296691,906.0,maxram=8192/nginx/n=130,7931,6981,950,4709,3483,8192,4186,0.00,0.00,36084
1781296693,908.0,maxram=8192/nginx/n=140,7931,7049,882,4709,3483,8192,4272,0.00,0.00,36147
1781296695,910.0,maxram=8192/nginx/n=140,7931,7139,792,4709,3483,8192,4363,0.00,0.00,36398
1781296697,912.1,maxram=8192/nginx/n=140,7931,6686,1245,5243,2949,8192,4437,0.00,0.00,36577
1781296699,914.1,maxram=8192/nginx/n=150,7931,6786,1145,5243,2949,8192,4549,0.00,0.00,36619
1781296701,916.1,maxram=8192/nginx/n=150,7931,6878,1053,5243,2949,8192,4657,0.00,0.00,36436
1781296703,918.2,maxram=8192/nginx/n=160,7931,6906,1024,5243,2949,8192,5813,0.00,0.00,35577
1781296705,920.2,maxram=8192/nginx/n=160,7931,6991,940,5243,2949,8192,5855,0.00,0.00,35931
1781296708,922.2,maxram=8192/nginx/n=160,7931,7061,870,5243,2949,8192,5908,0.00,0.00,35499
1781296710,924.4,maxram=8192/nginx/n=160,7931,7053,878,5243,2949,8192,5909,0.00,0.00,35759
1781296712,926.8,maxram=8192/nginx/n=170,7931,7109,821,5243,2949,8192,5975,0.00,0.00,35353
1781296714,928.9,maxram=8192/nginx/n=170,7931,6701,1230,5759,2433,8192,6043,0.00,0.00,35448
1781296716,930.9,maxram=8192/nginx/n=170,7931,6833,1098,5759,2433,8192,6169,0.00,0.00,35459
1781296718,932.9,maxram=8192/nginx/n=180,7931,6900,1031,5759,2433,8192,6253,0.00,0.00,35609
1781296720,935.0,maxram=8192/nginx/n=180,7931,6996,935,5759,2433,8192,6391,0.00,0.00,35574
1781296722,937.0,maxram=8192/nginx/n=190,7931,7036,895,5759,2433,8192,6459,0.00,0.00,35322
1781296724,939.0,maxram=8192/nginx/n=190,7931,7073,857,5759,2433,8192,6525,0.00,0.00,35257
1781296726,941.1,maxram=8192/nginx/n=190,7931,6660,1271,6286,1906,8192,6567,0.00,0.00,35298
1781296728,943.1,maxram=8192/nginx/n=200,7931,6770,1161,6286,1906,8192,6671,0.00,0.00,35250
1781296730,945.1,maxram=8192/nginx/n=200,7931,6865,1066,6286,1906,8192,6769,0.00,0.00,35516
1781296732,947.2,maxram=8192/nginx/n=210,7931,6958,973,6286,1906,8192,6869,0.00,0.00,35320
1781296734,949.2,maxram=8192/nginx/n=210,7931,7054,877,6286,1906,8192,6976,0.00,0.00,35305
1781296737,951.2,maxram=8192/nginx/n=210,7931,7090,841,6286,1906,8192,7017,0.00,0.00,35357
1781296739,953.7,maxram=8192/nginx/n=210,7931,7077,854,6286,1906,8192,7029,0.00,0.00,35377
1781296741,955.7,maxram=8192/nginx/n=220,7931,7120,811,6286,1906,8192,7082,0.00,0.00,35253
1781296743,957.8,maxram=8192/nginx/n=220,7931,7192,739,6286,1906,8192,7111,0.00,0.00,35264
1781296745,959.8,maxram=8192/nginx/n=220,7931,6764,1167,6858,1334,8192,7217,0.00,0.00,35494
1781296747,961.8,maxram=8192/nginx/n=230,7931,6847,1084,6858,1334,8192,7309,0.00,0.00,34574
1781296749,963.9,maxram=8192/nginx/n=230,7931,6931,1000,6858,1334,8192,7404,0.00,0.00,34997
1781296751,965.9,maxram=8192/nginx/n=240,7931,6990,941,6858,1334,8192,7495,0.00,0.00,34481
1781296753,967.9,maxram=8192/nginx/n=240,7931,7064,867,6858,1334,8192,7569,0.00,0.00,34467
1781296755,969.9,maxram=8192/nginx/n=240,7931,7141,790,6858,1334,8192,7672,0.00,0.00,34846
1781296757,972.0,maxram=8192/nginx/n=250,7931,7149,782,6858,1334,8192,7715,0.00,0.00,34592
1781296759,974.0,maxram=8192/nginx/n=250,7931,6744,1186,7434,758,8192,7798,0.00,0.00,35622
1781296761,976.0,maxram=8192/nginx/n=260,7931,6833,1098,7434,758,8192,7887,0.00,0.00,35420
1781296763,978.1,maxram=8192/nginx/n=260,7931,6908,1023,7434,758,8192,7973,0.00,0.00,34635
1781296765,980.1,maxram=8192/nginx/n=260,7931,6955,976,7434,758,8192,8039,0.00,0.00,34823
1781296768,982.2,maxram=8192/nginx/n=260,7931,6936,995,7434,758,8192,8042,0.00,0.00,34739
1781296770,984.3,maxram=8192/nginx/n=260,7931,6978,953,7434,758,8192,8070,0.00,0.00,34623
1781296772,986.3,maxram=8192/nginx/n=270,7931,7065,866,7434,758,8192,8150,0.00,0.00,35072
1781296774,988.4,maxram=8192/nginx/n=270,7931,7132,799,7434,758,8192,8233,0.00,0.00,34875
1781296776,990.4,maxram=8192/nginx/n=280,7931,7159,771,7434,758,8192,8312,0.00,0.00,35407
1781296778,992.4,maxram=8192/nginx/n=280,7931,6721,1210,8000,192,8192,8380,0.00,0.00,35294
1781296780,994.5,maxram=8192/nginx/n=280,7931,6791,1140,8000,192,8192,8464,0.00,0.00,35284
1781296782,996.5,maxram=8192/nginx/n=290,7931,6869,1062,8000,192,8192,8553,0.00,0.00,35227
1781296784,998.5,maxram=8192/nginx/n=290,7931,6973,958,8000,192,8192,8642,0.00,0.00,35179
1781296786,1000.5,maxram=8192/nginx/n=300,7931,7038,893,8000,192,8192,8753,0.00,0.00,35103
1781296788,1002.6,maxram=8192/nginx/n=300,7931,7108,823,8000,192,8192,8814,0.00,0.00,35068
1781296790,1004.6,maxram=8192/nginx/n=300,7931,7175,756,8000,192,8192,8889,0.00,0.00,35044
1781296792,1006.6,maxram=8192/nginx/n=310,7931,7310,621,8000,192,8192,8970,0.00,0.00,35018
1781296794,1008.7,maxram=8192/nginx/n=310,7931,7371,560,8000,192,8192,9049,0.00,0.00,34888
1781296796,1010.7,maxram=8192/nginx/n=310,7931,7375,556,8000,192,8192,9074,0.00,0.00,35090
1781296798,1012.9,maxram=8192/nginx/n=310,7931,7384,547,8000,192,8192,9076,0.00,0.00,35048
1781296800,1014.9,maxram=8192/nginx/n=320,7931,7349,582,8000,192,8192,9092,0.00,0.00,35049
1781296802,1017.0,maxram=8192/nginx/n=320,7931,7408,523,8000,192,8192,9123,0.00,0.00,35050
1781296804,1019.0,maxram=8192/nginx/n=320,7931,7406,524,8000,192,8192,9128,0.00,0.00,34691
1781296806,1021.0,maxram=8192/nginx/n=330,7931,7411,519,8000,192,8192,9145,2.17,2.17,35295
1781296808,1023.0,maxram=8192/nginx/n=330,7931,7396,534,8000,192,8192,9163,1.77,1.77,34791
1781296810,1025.1,maxram=8192/nginx/n=330,7931,7331,600,8000,192,8192,9172,1.45,1.45,35206
1781296812,1027.1,maxram=8192/nginx/n=340,7931,7435,496,8000,192,8192,9174,3.36,3.36,34813
1781296814,1029.2,maxram=8192/nginx/n=340,7931,7476,455,8000,192,8192,9175,2.75,2.75,35159
1781296816,1031.2,maxram=8192/nginx/n=340,7931,7536,395,8000,192,8192,9175,2.43,2.43,35230
1781296818,1033.2,maxram=8192/nginx/n=340,7931,7402,529,8192,0,8192,9180,2.35,2.35,35196
1781296821,1035.3,maxram=8192/nginx/n=350,7931,7529,402,8192,0,8192,9284,2.11,2.11,35135
1781296823,1037.3,maxram=8192/nginx/n=350,7931,7569,362,8192,0,8192,9319,1.72,1.72,34953
1781296825,1039.3,maxram=8192/nginx/n=350,7931,7522,409,8192,0,8192,9340,1.95,1.95,34348
1781296827,1041.4,maxram=8192/nginx/n=360,7931,7624,307,8192,0,8192,9346,1.60,1.60,34751
1781296829,1043.4,maxram=8192/nginx/n=360,7931,7638,292,8192,0,8192,9347,1.31,1.31,34657
1781296831,1045.4,maxram=8192/nginx/n=360,7931,7594,337,8192,0,8192,9347,1.25,1.25,34620
1781296833,1047.7,maxram=8192/nginx/n=360,7931,7605,326,8192,0,8192,9347,1.39,1.39,34628
1781296835,1050.0,maxram=8192/nginx/n=360,7931,7638,293,8192,0,8192,9348,4.78,4.78,34580
1781296837,1052.0,maxram=8192/nginx/n=370,7931,7624,307,8192,0,8192,9348,3.92,3.92,34544
1781296839,1054.0,maxram=8192/nginx/n=370,7931,7707,224,8192,0,8192,9348,3.21,3.21,34623
1781296841,1056.1,maxram=8192/nginx/n=380,7931,7738,193,8192,0,8192,9349,2.62,2.62,34620
1781296843,1058.1,maxram=8192/nginx/n=380,7931,7798,133,8192,0,8192,9349,4.32,4.32,34574
1781296845,1060.1,maxram=8192/nginx/n=380,7931,7793,138,8192,0,8192,9349,5.17,5.17,34699
1781296847,1062.1,maxram=8192/nginx/n=380,7931,7825,106,8192,0,8192,9349,8.76,8.76,34589
1781296849,1064.2,maxram=8192/nginx/n=390,7931,7832,99,8192,0,8192,9349,15.32,15.32,34612
1781296852,1066.4,maxram=8192/nginx/n=390,7931,7832,99,8192,0,8192,9349,19.43,19.43,34638
1781296854,1068.4,maxram=8192/nginx/n=390,7931,7840,91,8192,0,8192,9349,24.97,24.97,34696
1781296856,1070.5,maxram=8192/nginx/n=390,7931,7843,88,8192,0,8192,9350,28.60,28.60,34774
1781296858,1072.5,maxram=8192/nginx/n=390,7931,7845,86,8192,0,8192,9350,31.75,31.75,34706
1781296860,1074.6,maxram=8192/nginx/n=390,7931,7849,82,8192,0,8192,9350,34.69,34.69,34713
1781296862,1076.6,maxram=8192/nginx/n=390,7931,7843,88,8192,0,8192,9350,38.19,38.01,34108
1781296864,1078.7,maxram=8192/nginx/n=390,7931,7844,87,8192,0,8192,9350,39.24,39.09,34001
1781296866,1080.7,maxram=8192/nginx/n=390,7931,7843,88,8192,0,8192,9350,40.10,39.98,34547
1781296868,1082.7,maxram=8192/nginx/n=390,7931,7844,87,8192,0,8192,9351,44.25,44.15,33987
1781296870,1084.8,maxram=8192/nginx/n=390,7931,7837,94,8192,0,8192,9351,42.75,42.67,33648
1781296872,1086.8,maxram=8192/nginx/n=390,7931,7845,86,8192,0,8192,9351,42.07,42.01,34045
1781296874,1088.9,maxram=8192/nginx/n=390,7931,7854,77,8192,0,8192,9351,43.87,43.82,33787
1781296876,1091.0,maxram=8192/nginx/n=390,7931,7851,79,8192,0,8192,9350,47.70,47.47,33625
1781296878,1093.1,maxram=8192/nginx/n=390,7931,7851,80,8192,0,8192,9350,45.76,45.57,33926
1781296880,1095.1,maxram=8192/nginx/n=390,7931,7851,79,8192,0,8192,9350,46.71,46.37,33615
1781296882,1097.1,maxram=8192/nginx/n=390,7931,7860,71,8192,0,8192,9350,47.67,47.39,33884
1781296884,1099.2,maxram=8192/nginx/n=390,7931,7856,75,8192,0,8192,9350,47.00,46.60,34962
1781296887,1101.3,maxram=8192/nginx/n=390,7931,7857,74,8192,0,8192,9351,47.00,46.67,33615
1781296889,1103.4,maxram=8192/nginx/n=390,7931,7857,74,8192,0,8192,9351,49.17,48.90,34797
1781296891,1105.4,maxram=8192/nginx/n=390,7931,7857,73,8192,0,8192,9351,53.13,52.90,34824
1781296893,1107.6,maxram=8192/nginx/n=390,7931,7861,70,8192,0,8192,9351,58.90,58.72,34926
1781296895,1109.8,maxram=8192/nginx/n=390,7931,7860,71,8192,0,8192,9351,69.24,68.79,35144
1781296897,1111.9,maxram=8192/nginx/n=390,7931,7859,72,8192,0,8192,9351,73.73,73.18,34830
1781296899,1114.0,maxram=8192/nginx/n=390,7931,7859,71,8192,0,8192,9351,77.22,76.41,34956
1781296901,1116.2,maxram=8192/nginx/n=390,7931,7859,72,8192,0,8192,9351,79.35,78.50,34642
1781296904,1118.5,maxram=8192/nginx/n=390,7931,7858,73,8192,0,8192,9351,82.01,80.95,34870
1781296906,1120.9,maxram=8192/nginx/n=390,7931,7860,71,8192,0,8192,9351,83.45,82.59,34909
1781296909,1123.4,maxram=8192/nginx/n=390,7931,7859,72,8192,0,8192,9351,85.36,84.47,34915
1781296911,1125.5,maxram=8192/nginx/n=390,7931,7863,68,8192,0,8192,9351,86.75,85.84,34912
1781296913,1128.1,maxram=8192/nginx/n=390,7931,7862,69,8192,0,8192,9352,88.51,87.57,34901
1781296916,1131.2,maxram=8192/nginx/n=390,7931,7863,68,8192,0,8192,9353,90.05,88.91,34939
1781296919,1134.1,maxram=8192/nginx/n=390,7931,7863,68,8192,0,8192,9353,92.01,90.92,34937
1781296925,1139.6,maxram=8192/nginx/n=390,7931,7874,57,8192,0,8192,9353,93.86,92.62,34956
1781297001,1216.2,maxram=16384/idle,15967,267,15700,16384,0,16384,1675,0.00,0.00,39932
1781297003,1218.2,maxram=16384/idle,15967,609,15358,16384,0,16384,2268,0.00,0.00,39063
1781297006,1220.2,maxram=16384/idle,15967,613,15354,16384,0,16384,2274,0.00,0.00,38986
1781297008,1222.3,maxram=16384/idle,15967,614,15353,16384,0,16384,2276,0.00,0.00,39066
1781297010,1224.3,maxram=16384/idle,15967,615,15352,16384,0,16384,2279,0.00,0.00,39047
1781297012,1226.5,maxram=16384/idle,15967,624,15343,16384,0,16384,2292,0.00,0.00,39039
1781297014,1228.9,maxram=16384/idle,15967,616,15351,16384,0,16384,2294,0.00,0.00,38992
1781297016,1230.9,maxram=16384/idle,15967,695,15271,16384,0,16384,2408,0.00,0.00,38920
1781297018,1233.0,maxram=16384/idle,15967,695,15272,16384,0,16384,2419,0.00,0.00,38915
1781297020,1235.0,maxram=16384/idle,15967,693,15274,16384,0,16384,2419,0.00,0.00,38432
1781297022,1237.0,maxram=16384/idle,15967,691,15276,16384,0,16384,2420,0.00,0.00,38426
1781297024,1239.1,maxram=16384/idle,15967,690,15277,16384,0,16384,2420,0.00,0.00,38462
1781297026,1241.1,maxram=16384/idle,15967,681,15286,16384,0,16384,2421,0.00,0.00,38684
1781297028,1243.1,maxram=16384/idle,15967,663,15304,16384,0,16384,2421,0.00,0.00,38966
1781297030,1245.2,maxram=16384/idle,15967,651,15316,16384,0,16384,2421,0.00,0.00,38679
1781297032,1247.2,maxram=16384/idle,15967,642,15325,16384,0,16384,2421,0.00,0.00,38992
1781297035,1249.2,maxram=16384/idle,15967,643,15324,16384,0,16384,2421,0.00,0.00,38783
1781297037,1251.8,maxram=16384/idle,15967,642,15325,16384,0,16384,2421,0.00,0.00,38991
1781297039,1253.8,maxram=16384/idle,15967,625,15342,16384,0,16384,2421,0.00,0.00,38740
1781297041,1255.8,maxram=16384/idle,15967,613,15354,16384,0,16384,2421,0.00,0.00,38442
1781297043,1257.8,maxram=16384/idle,15967,609,15358,16384,0,16384,2421,0.00,0.00,38717
1781297045,1259.9,maxram=16384/idle,15967,601,15366,16384,0,16384,2421,0.00,0.00,38568
1781297047,1261.9,maxram=16384/idle,15967,14863,1104,2136,14248,16384,2422,0.00,0.00,38638
1781297049,1264.0,maxram=16384/idle,15967,14851,1116,2136,14248,16384,2422,0.00,0.00,38628
1781297051,1266.0,maxram=16384/idle,15967,15017,950,2136,14248,16384,2613,0.00,0.00,37705
1781297053,1268.0,maxram=16384/idle,15967,15031,936,2136,14248,16384,2643,0.00,0.00,38152
1781297055,1270.1,maxram=16384/idle,15967,15093,874,2136,14248,16384,2700,0.00,0.00,37904
1781297057,1272.1,maxram=16384/idle,15967,15095,872,2136,14248,16384,2720,0.00,0.00,38277
1781297059,1274.1,maxram=16384/idle,15967,15091,876,2136,14248,16384,2725,0.00,0.00,38230
1781297061,1276.2,maxram=16384/idle,15967,15084,883,2136,14248,16384,2735,0.00,0.00,38229
1781297064,1278.3,maxram=16384/idle,15967,15077,890,2136,14248,16384,2746,0.00,0.00,38224
1781297066,1280.3,maxram=16384/idle,15967,15074,893,2136,14248,16384,2757,0.00,0.00,37999
1781297068,1282.4,maxram=16384/idle,15967,15070,896,2136,14248,16384,2758,0.00,0.00,38210
1781297070,1284.4,maxram=16384/idle,15967,15072,895,2136,14248,16384,2761,0.00,0.00,38173
1781297072,1286.4,maxram=16384/idle,15967,15022,944,2136,14248,16384,2762,0.00,0.00,38312
1781297074,1288.5,maxram=16384/idle,15967,15011,956,2136,14248,16384,2763,0.00,0.00,38549
1781297076,1290.5,maxram=16384/idle,15967,15018,949,2136,14248,16384,2768,0.00,0.00,38295
1781297078,1292.5,maxram=16384/idle,15967,15067,899,2136,14248,16384,2794,0.00,0.00,38280
1781297080,1294.6,maxram=16384/idle/n=10,15967,15109,858,2136,14248,16384,2821,0.00,0.00,38254
1781297082,1296.6,maxram=16384/idle/n=10,15967,15144,823,2136,14248,16384,2852,0.00,0.00,38242
1781297084,1298.6,maxram=16384/idle/n=20,15967,15188,779,2136,14248,16384,2892,0.00,0.00,38139
1781297086,1300.7,maxram=16384/idle/n=20,15967,15222,744,2136,14248,16384,2931,0.00,0.00,38063
1781297088,1302.7,maxram=16384/idle/n=20,15967,15225,742,2136,14248,16384,2947,0.00,0.00,38059
1781297090,1304.8,maxram=16384/idle/n=20,15967,15227,740,2136,14248,16384,2947,0.00,0.00,38072
1781297092,1307.0,maxram=16384/idle/n=30,15967,15272,695,2136,14248,16384,2974,0.00,0.00,38015
1781297094,1309.0,maxram=16384/idle/n=30,15967,15308,659,2136,14248,16384,3012,0.00,0.00,37799
1781297096,1311.0,maxram=16384/idle/n=30,15967,15334,633,2136,14248,16384,3047,0.00,0.00,37868
1781297098,1313.1,maxram=16384/idle/n=40,15967,14860,1107,2659,13725,16384,3094,0.00,0.00,37698
1781297100,1315.1,maxram=16384/idle/n=40,15967,14865,1101,2659,13725,16384,3119,0.00,0.00,37696
1781297102,1317.2,maxram=16384/idle/n=50,15967,14925,1042,2659,13725,16384,3156,0.00,0.00,37408
1781297104,1319.2,maxram=16384/idle/n=50,15967,14948,1019,2659,13725,16384,3190,0.00,0.00,36864
1781297107,1321.2,maxram=16384/idle/n=60,15967,14997,970,2659,13725,16384,3229,0.00,0.00,37283
1781297109,1323.3,maxram=16384/idle/n=60,15967,15020,947,2659,13725,16384,3254,0.00,0.00,36772
1781297111,1325.3,maxram=16384/idle/n=60,15967,15069,898,2659,13725,16384,3299,0.00,0.00,36483
1781297113,1327.3,maxram=16384/idle/n=70,15967,15102,865,2659,13725,16384,3335,0.00,0.00,36555
1781297115,1329.4,maxram=16384/idle/n=70,15967,15112,855,2659,13725,16384,3366,0.00,0.00,36558
1781297117,1331.4,maxram=16384/idle/n=70,15967,15099,868,2659,13725,16384,3367,0.00,0.00,36607
1781297119,1333.7,maxram=16384/idle/n=70,15967,15128,839,2659,13725,16384,3384,0.00,0.00,36623
1781297121,1335.7,maxram=16384/idle/n=80,15967,15158,809,2659,13725,16384,3404,0.00,0.00,36661
1781297123,1337.7,maxram=16384/idle/n=80,15967,15214,753,2659,13725,16384,3451,0.00,0.00,36606
1781297125,1339.8,maxram=16384/idle/n=90,15967,15222,744,2659,13725,16384,3486,0.00,0.00,36736
1781297127,1341.8,maxram=16384/idle/n=90,15967,15265,702,2659,13725,16384,3518,0.00,0.00,36697
1781297129,1343.8,maxram=16384/idle/n=90,15967,15310,657,2659,13725,16384,3556,0.00,0.00,36651
1781297131,1345.9,maxram=16384/idle/n=100,15967,15367,600,2659,13725,16384,3616,0.00,0.00,36565
1781297133,1347.9,maxram=16384/idle/n=100,15967,14848,1118,3189,13195,16384,3643,0.00,0.00,36472
1781297135,1349.9,maxram=16384/idle/n=110,15967,14866,1101,3189,13195,16384,3660,0.00,0.00,36282
1781297137,1352.0,maxram=16384/idle/n=110,15967,14902,1064,3189,13195,16384,3703,0.00,0.00,35895
1781297139,1354.0,maxram=16384/idle/n=120,15967,14945,1022,3189,13195,16384,3729,0.00,0.00,35980
1781297141,1356.0,maxram=16384/idle/n=120,15967,14963,1004,3189,13195,16384,3760,0.00,0.00,36324
1781297143,1358.1,maxram=16384/idle/n=120,15967,14967,999,3189,13195,16384,3782,0.00,0.00,36236
1781297146,1360.3,maxram=16384/idle/n=120,15967,14963,1004,3189,13195,16384,3786,0.00,0.00,36172
1781297148,1362.3,maxram=16384/idle/n=130,15967,15025,942,3189,13195,16384,3813,0.00,0.00,36298
1781297150,1364.3,maxram=16384/idle/n=130,15967,15050,917,3189,13195,16384,3846,0.00,0.00,36488
1781297152,1366.3,maxram=16384/idle/n=130,15967,15098,869,3189,13195,16384,3904,0.00,0.00,36482
1781297154,1368.4,maxram=16384/idle/n=140,15967,15119,848,3189,13195,16384,3922,0.00,0.00,36220
1781297156,1370.4,maxram=16384/idle/n=140,15967,15161,806,3189,13195,16384,3956,0.00,0.00,36179
1781297158,1372.4,maxram=16384/idle/n=150,15967,15185,782,3189,13195,16384,3990,0.00,0.00,36420
1781297160,1374.5,maxram=16384/idle/n=150,15967,15236,730,3189,13195,16384,4048,0.00,0.00,36035
1781297162,1376.5,maxram=16384/idle/n=160,15967,15266,701,3189,13195,16384,4071,0.00,0.00,35969
1781297164,1378.5,maxram=16384/idle/n=160,15967,15324,643,3189,13195,16384,4118,0.00,0.00,35460
1781297166,1380.6,maxram=16384/idle/n=160,15967,15334,633,3189,13195,16384,4153,0.00,0.00,36365
1781297168,1382.6,maxram=16384/idle/n=170,15967,14879,1088,3707,12677,16384,4179,0.00,0.00,36039
1781297170,1384.6,maxram=16384/idle/n=170,15967,14904,1063,3707,12677,16384,4260,0.00,0.00,36020
1781297172,1386.9,maxram=16384/idle/n=170,15967,14893,1074,3707,12677,16384,4293,0.00,0.00,35459
1781297174,1389.0,maxram=16384/idle/n=170,15967,14911,1056,3707,12677,16384,4326,0.00,0.00,35669
1781297176,1391.0,maxram=16384/idle/n=180,15967,14942,1025,3707,12677,16384,4382,0.00,0.00,35934
1781297178,1393.0,maxram=16384/idle/n=180,15967,14959,1008,3707,12677,16384,4428,0.00,0.00,35855
1781297180,1395.1,maxram=16384/idle/n=190,15967,14949,1018,3707,12677,16384,4442,0.00,0.00,35717
1781297182,1397.1,maxram=16384/idle/n=190,15967,15027,940,3707,12677,16384,4452,0.00,0.00,35438
1781297184,1399.1,maxram=16384/idle/n=200,15967,15077,890,3707,12677,16384,4460,0.00,0.00,36201
1781297186,1401.2,maxram=16384/idle/n=200,15967,15116,851,3707,12677,16384,4469,0.00,0.00,35912
1781297188,1403.2,maxram=16384/idle/n=200,15967,15153,814,3707,12677,16384,4478,0.00,0.00,35913
1781297191,1405.2,maxram=16384/idle/n=210,15967,15180,787,3707,12677,16384,4504,0.00,0.00,35891
1781297193,1407.3,maxram=16384/idle/n=210,15967,15217,750,3707,12677,16384,4542,0.00,0.00,35861
1781297195,1409.3,maxram=16384/idle/n=220,15967,15259,708,3707,12677,16384,4587,0.00,0.00,35807
1781297197,1411.3,maxram=16384/idle/n=220,15967,15288,679,3707,12677,16384,4610,0.00,0.00,35988
1781297199,1413.6,maxram=16384/idle/n=220,15967,15287,680,3707,12677,16384,4615,0.00,0.00,36170
1781297201,1415.6,maxram=16384/idle/n=220,15967,15307,660,3707,12677,16384,4630,0.00,0.00,35884
1781297203,1417.7,maxram=16384/idle/n=220,15967,15322,645,3707,12677,16384,4656,0.00,0.00,36142
1781297205,1419.7,maxram=16384/idle/n=230,15967,15333,634,3707,12677,16384,4678,0.00,0.00,36050
1781297207,1421.7,maxram=16384/idle/n=230,15967,14846,1121,4232,12152,16384,4701,0.00,0.00,35852
1781297209,1423.8,maxram=16384/idle/n=230,15967,14899,1068,4232,12152,16384,4749,0.00,0.00,35812
1781297211,1425.8,maxram=16384/idle/n=240,15967,14936,1031,4232,12152,16384,4799,0.00,0.00,35758
1781297213,1427.8,maxram=16384/idle/n=240,15967,14974,993,4232,12152,16384,4837,0.00,0.00,35689
1781297215,1429.9,maxram=16384/idle/n=250,15967,14996,971,4232,12152,16384,4876,0.00,0.00,35669
1781297217,1431.9,maxram=16384/idle/n=250,15967,15029,938,4232,12152,16384,4929,0.00,0.00,35502
1781297219,1433.9,maxram=16384/idle/n=250,15967,15043,924,4232,12152,16384,4958,0.00,0.00,35002
1781297221,1436.0,maxram=16384/idle/n=260,15967,15079,888,4232,12152,16384,4990,0.00,0.00,35409
1781297223,1438.0,maxram=16384/idle/n=260,15967,15111,856,4232,12152,16384,5033,0.00,0.00,35925
1781297225,1440.0,maxram=16384/idle/n=260,15967,15126,840,4232,12152,16384,5058,0.00,0.00,35523
1781297227,1442.1,maxram=16384/idle/n=270,15967,15187,779,4232,12152,16384,5119,0.00,0.00,35936
1781297229,1444.1,maxram=16384/idle/n=270,15967,15185,782,4232,12152,16384,5127,0.00,0.00,36121
1781297232,1446.3,maxram=16384/idle/n=270,15967,15180,787,4232,12152,16384,5130,0.00,0.00,35426
1781297234,1448.4,maxram=16384/idle/n=270,15967,15186,781,4232,12152,16384,5144,0.00,0.00,35919
1781297236,1450.5,maxram=16384/idle/n=270,15967,15217,750,4232,12152,16384,5170,0.00,0.00,35628
1781297238,1452.5,maxram=16384/idle/n=280,15967,15221,746,4232,12152,16384,5211,0.00,0.00,35715
1781297240,1454.5,maxram=16384/idle/n=280,15967,15247,719,4232,12152,16384,5227,0.00,0.00,35691
1781297242,1456.5,maxram=16384/idle/n=290,15967,15305,662,4232,12152,16384,5235,0.00,0.00,35521
1781297244,1458.6,maxram=16384/idle/n=290,15967,15356,611,4232,12152,16384,5239,0.00,0.00,35644
1781297246,1460.6,maxram=16384/idle/n=290,15967,14878,1089,4760,11624,16384,5266,0.00,0.00,35605
1781297248,1462.6,maxram=16384/idle/n=300,15967,14926,1041,4760,11624,16384,5336,0.00,0.00,34849
1781297250,1464.7,maxram=16384/idle/n=300,15967,14951,1016,4760,11624,16384,5387,0.00,0.00,35054
1781297252,1466.7,maxram=16384/idle/n=300,15967,14981,986,4760,11624,16384,5429,0.00,0.00,35026
1781297254,1468.7,maxram=16384/idle/n=310,15967,14988,979,4760,11624,16384,5459,0.00,0.00,35671
1781297256,1470.8,maxram=16384/idle/n=310,15967,15002,964,4760,11624,16384,5473,0.00,0.00,35735
1781297258,1472.8,maxram=16384/idle/n=320,15967,15037,930,4760,11624,16384,5518,0.00,0.00,35679
1781297260,1474.8,maxram=16384/idle/n=320,15967,15068,898,4760,11624,16384,5559,0.00,0.00,35733
1781297262,1477.1,maxram=16384/idle/n=320,15967,15040,927,4760,11624,16384,5559,0.00,0.00,35816
1781297265,1479.3,maxram=16384/idle/n=320,15967,15099,868,4760,11624,16384,5592,0.00,0.00,35786
1781297267,1481.4,maxram=16384/idle/n=330,15967,15103,864,4760,11624,16384,5616,0.00,0.00,35714
1781297269,1483.4,maxram=16384/idle/n=330,15967,15183,784,4760,11624,16384,5686,0.00,0.00,35653
1781297271,1485.4,maxram=16384/idle/n=340,15967,15214,752,4760,11624,16384,5730,0.00,0.00,35273
1781297273,1487.5,maxram=16384/idle/n=340,15967,15219,748,4760,11624,16384,5750,0.00,0.00,35734
1781297275,1489.5,maxram=16384/idle/n=340,15967,15248,719,4760,11624,16384,5770,0.00,0.00,35152
1781297277,1491.5,maxram=16384/idle/n=350,15967,15299,668,4760,11624,16384,5777,0.00,0.00,35115
1781297279,1493.6,maxram=16384/idle/n=350,15967,15348,619,4760,11624,16384,5788,0.00,0.00,35657
1781297281,1495.6,maxram=16384/idle/n=360,15967,14864,1102,5283,11101,16384,5800,0.00,0.00,35618
1781297283,1497.6,maxram=16384/idle/n=360,15967,14917,1050,5283,11101,16384,5853,0.00,0.00,35574
1781297285,1499.6,maxram=16384/idle/n=360,15967,14947,1020,5283,11101,16384,5892,0.00,0.00,35610
1781297287,1501.7,maxram=16384/idle/n=360,15967,14962,1005,5283,11101,16384,5911,0.00,0.00,35542
1781297289,1503.9,maxram=16384/idle/n=360,15967,14953,1014,5283,11101,16384,5933,0.00,0.00,35467
1781297291,1505.9,maxram=16384/idle/n=370,15967,14988,979,5283,11101,16384,5973,0.00,0.00,34727
1781297293,1508.0,maxram=16384/idle/n=370,15967,14997,970,5283,11101,16384,6002,0.00,0.00,35302
1781297295,1510.0,maxram=16384/idle/n=380,15967,15030,937,5283,11101,16384,6050,0.00,0.00,35531
1781297297,1512.0,maxram=16384/idle/n=380,15967,15062,905,5283,11101,16384,6070,0.00,0.00,35643
1781297299,1514.1,maxram=16384/idle/n=380,15967,15108,859,5283,11101,16384,6130,0.00,0.00,35556
1781297301,1516.1,maxram=16384/idle/n=390,15967,15115,851,5283,11101,16384,6160,0.00,0.00,35525
1781297303,1518.1,maxram=16384/idle/n=390,15967,15158,809,5283,11101,16384,6189,0.00,0.00,35515
1781297305,1520.2,maxram=16384/idle/n=400,15967,15203,764,5283,11101,16384,6236,0.00,0.00,35469
1781297307,1522.2,maxram=16384/idle/n=400,15967,15202,765,5283,11101,16384,6275,0.00,0.00,35423
1781297310,1524.2,maxram=16384/idle/n=400,15967,15249,718,5283,11101,16384,6302,0.00,0.00,35353
1781297312,1526.3,maxram=16384/idle/n=410,15967,15280,687,5283,11101,16384,6307,0.00,0.00,35366
1781297314,1528.3,maxram=16384/idle/n=410,15967,15336,631,5283,11101,16384,6313,0.00,0.00,35023
1781297316,1530.4,maxram=16384/idle/n=410,15967,15323,644,5283,11101,16384,6313,0.00,0.00,35344
1781297318,1532.5,maxram=16384/idle/n=410,15967,15361,606,5283,11101,16384,6323,0.00,0.00,35341
1781297320,1534.5,maxram=16384/idle/n=420,15967,14862,1104,5813,10571,16384,6349,0.00,0.00,35306
1781297322,1536.5,maxram=16384/idle/n=420,15967,14897,1070,5813,10571,16384,6397,0.00,0.00,35342
1781297324,1538.6,maxram=16384/idle/n=430,15967,14925,1042,5813,10571,16384,6435,0.00,0.00,35328
1781297326,1540.6,maxram=16384/idle/n=430,15967,14981,986,5813,10571,16384,6482,0.00,0.00,35314
1781297328,1542.6,maxram=16384/idle/n=430,15967,15020,947,5813,10571,16384,6531,0.00,0.00,35277
1781297330,1544.6,maxram=16384/idle/n=440,15967,15035,932,5813,10571,16384,6569,0.00,0.00,35165
1781297332,1546.7,maxram=16384/idle/n=440,15967,15076,891,5813,10571,16384,6613,0.00,0.00,35132
1781297334,1548.7,maxram=16384/idle/n=450,15967,15090,877,5813,10571,16384,6641,0.00,0.00,35244
1781297336,1550.7,maxram=16384/idle/n=450,15967,15118,849,5813,10571,16384,6677,0.00,0.00,35214
1781297338,1552.8,maxram=16384/idle/n=450,15967,15175,792,5813,10571,16384,6711,0.00,0.00,35178
1781297340,1554.8,maxram=16384/idle/n=460,15967,15188,779,5813,10571,16384,6748,0.00,0.00,34884
1781297342,1556.8,maxram=16384/idle/n=460,15967,15230,737,5813,10571,16384,6789,0.00,0.00,35163
1781297344,1559.0,maxram=16384/idle/n=460,15967,15236,731,5813,10571,16384,6797,0.00,0.00,34787
1781297347,1562.1,maxram=16384/idle/n=460,15967,15233,734,5813,10571,16384,6808,0.00,0.00,34852
1781297349,1564.1,maxram=16384/idle/n=470,15967,15263,704,5813,10571,16384,6841,0.00,0.00,35462
1781297351,1566.1,maxram=16384/idle/n=470,15967,15296,671,5813,10571,16384,6878,0.00,0.00,34670
1781297353,1568.1,maxram=16384/idle/n=480,15967,15323,644,5813,10571,16384,6973,0.00,0.00,34980
1781297355,1570.2,maxram=16384/idle/n=480,15967,14858,1109,6331,10053,16384,7118,0.00,0.00,34996
1781297357,1572.2,maxram=16384/idle/n=480,15967,14917,1050,6331,10053,16384,7204,0.00,0.00,35085
1781297360,1574.2,maxram=16384/idle/n=490,15967,14947,1020,6331,10053,16384,7358,0.00,0.00,34973
1781297362,1576.3,maxram=16384/idle/n=490,15967,14959,1008,6331,10053,16384,7416,0.00,0.00,34932
1781297364,1578.3,maxram=16384/idle/n=490,15967,14984,983,6331,10053,16384,7451,0.00,0.00,34997
1781297366,1580.4,maxram=16384/idle/n=490,15967,14980,987,6331,10053,16384,7476,0.00,0.00,34975
1781297368,1582.4,maxram=16384/idle/n=500,15967,14996,971,6331,10053,16384,7488,0.00,0.00,34950
1781297370,1584.8,maxram=16384/idle/n=500,15967,14983,984,6331,10053,16384,7500,0.00,0.00,34911
1781297372,1587.0,maxram=16384/idle/n=500,15967,15028,939,6331,10053,16384,7547,0.00,0.00,34677
1781297374,1589.0,maxram=16384/idle/n=500,15967,15033,934,6331,10053,16384,7576,0.00,0.00,34681
1781297376,1591.0,maxram=16384/idle/n=500,15967,15048,919,6331,10053,16384,7595,0.00,0.00,34533
1781297378,1593.1,maxram=16384/idle/n=510,15967,15078,889,6331,10053,16384,7643,0.00,0.00,34892
1781297380,1595.1,maxram=16384/idle/n=510,15967,15122,845,6331,10053,16384,7700,0.00,0.00,34812
1781297382,1597.1,maxram=16384/idle/n=510,15967,15159,807,6331,10053,16384,7756,0.00,0.00,34607
1781297384,1599.2,maxram=16384/idle/n=520,15967,15141,826,6331,10053,16384,7781,0.00,0.00,34887
1781297387,1601.2,maxram=16384/idle/n=520,15967,15162,804,6331,10053,16384,7808,0.00,0.00,34872
1781297389,1603.2,maxram=16384/idle/n=520,15967,15203,764,6331,10053,16384,7839,0.00,0.00,34796
1781297391,1605.3,maxram=16384/idle/n=520,15967,15220,747,6331,10053,16384,7865,0.00,0.00,34742
1781297393,1607.5,maxram=16384/idle/n=520,15967,15204,763,6331,10053,16384,7868,0.00,0.00,34597
1781297395,1609.5,maxram=16384/idle/n=530,15967,15225,741,6331,10053,16384,7910,0.00,0.00,34838
1781297397,1611.6,maxram=16384/idle/n=530,15967,15277,690,6331,10053,16384,7951,0.00,0.00,34841
1781297399,1613.6,maxram=16384/idle/n=530,15967,15314,652,6331,10053,16384,7954,0.00,0.00,34848
1781297401,1615.6,maxram=16384/idle/n=540,15967,15358,609,6331,10053,16384,7959,0.00,0.00,34749
1781297403,1617.7,maxram=16384/idle/n=540,15967,14887,1080,6857,9527,16384,8009,0.00,0.00,34746
1781297405,1619.7,maxram=16384/idle/n=540,15967,14907,1060,6857,9527,16384,8045,0.00,0.00,34924
1781297407,1621.7,maxram=16384/idle/n=550,15967,14920,1047,6857,9527,16384,8077,0.00,0.00,34530
1781297409,1623.8,maxram=16384/idle/n=550,15967,14956,1010,6857,9527,16384,8117,0.00,0.00,34593
1781297411,1625.8,maxram=16384/idle/n=560,15967,14977,990,6857,9527,16384,8158,0.00,0.00,34107
1781297413,1627.8,maxram=16384/idle/n=560,15967,15024,943,6857,9527,16384,8201,0.00,0.00,34495
1781297415,1629.9,maxram=16384/idle/n=560,15967,15066,901,6857,9527,16384,8251,0.00,0.00,34683
1781297417,1631.9,maxram=16384/idle/n=570,15967,15105,862,6857,9527,16384,8286,0.00,0.00,34770
1781297419,1634.0,maxram=16384/idle/n=570,15967,15103,864,6857,9527,16384,8294,0.00,0.00,34743
1781297421,1636.2,maxram=16384/idle/n=570,15967,15101,866,6857,9527,16384,8308,0.00,0.00,34649
1781297423,1638.2,maxram=16384/idle/n=570,15967,15129,838,6857,9527,16384,8346,0.00,0.00,34656
1781297426,1640.2,maxram=16384/idle/n=580,15967,15161,805,6857,9527,16384,8375,0.00,0.00,34670
1781297428,1642.3,maxram=16384/idle/n=580,15967,15198,769,6857,9527,16384,8417,0.00,0.00,34639
1781297430,1644.3,maxram=16384/idle/n=590,15967,15235,732,6857,9527,16384,8464,0.00,0.00,34614
1781297432,1646.3,maxram=16384/idle/n=590,15967,15226,741,6857,9527,16384,8498,0.00,0.00,34560
1781297434,1648.4,maxram=16384/idle/n=590,15967,15254,713,6857,9527,16384,8512,0.00,0.00,34568
1781297436,1650.4,maxram=16384/idle/n=600,15967,15317,650,6857,9527,16384,8515,0.00,0.00,34597
1781297438,1652.4,maxram=16384/idle/n=600,15967,15364,602,6857,9527,16384,8533,0.00,0.00,34452
1781297440,1654.4,maxram=16384/idle/n=600,15967,14877,1090,7379,9005,16384,8557,0.00,0.00,34671
1781297442,1656.5,maxram=16384/idle/n=610,15967,14913,1054,7379,9005,16384,8611,0.00,0.00,34588
1781297444,1658.5,maxram=16384/idle/n=610,15967,14968,999,7379,9005,16384,8677,0.00,0.00,34559
1781297446,1660.5,maxram=16384/idle/n=620,15967,14987,980,7379,9005,16384,8732,0.00,0.00,34540
1781297448,1662.6,maxram=16384/idle/n=620,15967,14984,983,7379,9005,16384,8763,0.00,0.00,34505
1781297450,1664.8,maxram=16384/idle/n=620,15967,14964,1002,7379,9005,16384,8768,0.00,0.00,34468
1781297452,1667.2,maxram=16384/idle/n=620,15967,14983,984,7379,9005,16384,8793,0.00,0.00,34433
1781297455,1669.2,maxram=16384/idle/n=620,15967,15039,928,7379,9005,16384,8822,0.00,0.00,34494
1781297457,1671.2,maxram=16384/idle/n=630,15967,15047,920,7379,9005,16384,8849,0.00,0.00,34749
1781297459,1673.3,maxram=16384/idle/n=630,15967,15076,891,7379,9005,16384,8874,0.00,0.00,34725
1781297461,1675.3,maxram=16384/idle/n=630,15967,15110,856,7379,9005,16384,8999,0.00,0.00,34620
1781297463,1677.4,maxram=16384/idle/n=640,15967,15137,830,7379,9005,16384,9062,0.00,0.00,34619
1781297465,1679.4,maxram=16384/idle/n=640,15967,15167,800,7379,9005,16384,9098,0.00,0.00,34088
1781297467,1681.4,maxram=16384/idle/n=640,15967,15199,768,7379,9005,16384,9138,0.00,0.00,34876
1781297469,1683.5,maxram=16384/idle/n=650,15967,15215,752,7379,9005,16384,9164,0.00,0.00,34991
1781297471,1685.5,maxram=16384/idle/n=650,15967,15232,735,7379,9005,16384,9185,0.00,0.00,34226
1781297473,1687.5,maxram=16384/idle/n=650,15967,15257,710,7379,9005,16384,9201,0.00,0.00,34448
1781297475,1689.6,maxram=16384/idle/n=660,15967,15295,672,7379,9005,16384,9206,0.00,0.00,34697
1781297477,1691.6,maxram=16384/idle/n=660,15967,15344,623,7379,9005,16384,9211,0.00,0.00,34845
1781297479,1693.6,maxram=16384/idle/n=660,15967,15363,604,7379,9005,16384,9226,0.00,0.00,34811
1781297481,1695.7,maxram=16384/idle/n=670,15967,14856,1111,7904,8480,16384,9245,0.00,0.00,34764
1781297483,1697.9,maxram=16384/idle/n=670,15967,14868,1099,7904,8480,16384,9271,0.00,0.00,34709
1781297485,1700.0,maxram=16384/idle/n=670,15967,14895,1072,7904,8480,16384,9283,0.00,0.00,34714
1781297487,1702.1,maxram=16384/idle/n=670,15967,14913,1054,7904,8480,16384,9313,0.00,0.00,34140
1781297489,1704.1,maxram=16384/idle/n=670,15967,14947,1019,7904,8480,16384,9358,0.00,0.00,34508
1781297491,1706.1,maxram=16384/idle/n=680,15967,14949,1017,7904,8480,16384,9378,0.00,0.00,34632
1781297493,1708.2,maxram=16384/idle/n=680,15967,14970,997,7904,8480,16384,9403,0.00,0.00,34798
1781297495,1710.2,maxram=16384/idle/n=680,15967,15017,949,7904,8480,16384,9441,0.00,0.00,34803
1781297498,1712.2,maxram=16384/idle/n=690,15967,15020,947,7904,8480,16384,9463,0.00,0.00,34746
1781297500,1714.3,maxram=16384/idle/n=690,15967,15081,886,7904,8480,16384,9511,0.00,0.00,34683
1781297502,1716.3,maxram=16384/idle/n=690,15967,15124,843,7904,8480,16384,9553,0.00,0.00,34677
1781297504,1718.3,maxram=16384/idle/n=700,15967,15142,824,7904,8480,16384,9588,0.00,0.00,34421
1781297506,1720.4,maxram=16384/idle/n=700,15967,15161,806,7904,8480,16384,9630,0.00,0.00,34400
1781297508,1722.4,maxram=16384/idle/n=710,15967,15199,768,7904,8480,16384,9647,0.00,0.00,34164
1781297510,1724.4,maxram=16384/idle/n=710,15967,15230,737,7904,8480,16384,9676,0.00,0.00,34137
1781297512,1726.4,maxram=16384/idle/n=710,15967,15265,702,7904,8480,16384,9716,0.00,0.00,34842
1781297514,1728.5,maxram=16384/idle/n=710,15967,15254,713,7904,8480,16384,9736,0.00,0.00,34694
1781297516,1730.8,maxram=16384/idle/n=710,15967,15256,711,7904,8480,16384,9738,0.00,0.00,34768
1781297518,1732.9,maxram=16384/idle/n=720,15967,15258,709,7904,8480,16384,9745,0.00,0.00,34551
1781297520,1734.9,maxram=16384/idle/n=720,15967,15351,615,7904,8480,16384,9751,0.00,0.00,34826
1781297522,1737.0,maxram=16384/idle/n=720,15967,14836,1131,8418,7966,16384,9782,0.00,0.00,34813
1781297524,1739.0,maxram=16384/idle/n=730,15967,14901,1066,8418,7966,16384,9836,0.00,0.00,34178
1781297526,1741.0,maxram=16384/idle/n=730,15967,14947,1020,8418,7966,16384,9883,0.00,0.00,34324
1781297528,1743.0,maxram=16384/idle/n=740,15967,14963,1004,8418,7966,16384,9912,0.00,0.00,34943
1781297530,1745.1,maxram=16384/idle/n=740,15967,15004,963,8418,7966,16384,9956,0.00,0.00,34417
1781297532,1747.1,maxram=16384/idle/n=740,15967,15033,934,8418,7966,16384,10007,0.00,0.00,33756
1781297534,1749.1,maxram=16384/idle/n=750,15967,15044,923,8418,7966,16384,10045,0.00,0.00,34136
1781297536,1751.2,maxram=16384/idle/n=750,15967,15059,908,8418,7966,16384,10074,0.00,0.00,34268
1781297538,1753.2,maxram=16384/idle/n=750,15967,15132,834,8418,7966,16384,10111,0.00,0.00,34431
1781297541,1755.2,maxram=16384/idle/n=760,15967,15133,834,8418,7966,16384,10134,0.00,0.00,35061
1781297543,1757.3,maxram=16384/idle/n=760,15967,15162,805,8418,7966,16384,10172,0.00,0.00,34075
1781297545,1759.3,maxram=16384/idle/n=770,15967,15173,794,8418,7966,16384,10201,0.00,0.00,34188
1781297547,1761.3,maxram=16384/idle/n=770,15967,15194,773,8418,7966,16384,10233,0.00,0.00,34350
1781297549,1763.4,maxram=16384/idle/n=770,15967,15178,788,8418,7966,16384,10233,0.00,0.00,34431
1781297551,1765.5,maxram=16384/idle/n=770,15967,15220,747,8418,7966,16384,10251,0.00,0.00,34365
1781297553,1767.5,maxram=16384/idle/n=780,15967,15237,730,8418,7966,16384,10280,0.00,0.00,34290
1781297555,1769.6,maxram=16384/idle/n=780,15967,15290,676,8418,7966,16384,10290,0.00,0.00,34185
1781297557,1771.6,maxram=16384/idle/n=780,15967,15337,630,8418,7966,16384,10296,0.00,0.00,33966
1781297559,1773.6,maxram=16384/idle/n=790,15967,15346,621,8418,7966,16384,10300,0.00,0.00,34680
1781297561,1775.7,maxram=16384/idle/n=790,15967,14868,1098,8939,7445,16384,10323,0.00,0.00,34822
1781297563,1777.7,maxram=16384/idle/n=790,15967,14931,1036,8939,7445,16384,10371,0.00,0.00,34742
1781297565,1779.7,maxram=16384/idle/n=800,15967,14934,1032,8939,7445,16384,10413,0.00,0.00,34674
1781297567,1781.8,maxram=16384/idle/n=800,15967,14977,990,8939,7445,16384,10446,0.00,0.00,34254
1781297569,1783.8,maxram=16384/idle/n=800,15967,15030,937,8939,7445,16384,10513,0.00,0.00,34446
1781297571,1785.8,maxram=16384/idle/n=810,15967,15046,921,8939,7445,16384,10538,0.00,0.00,34459
1781297573,1787.9,maxram=16384/idle/n=810,15967,15063,904,8939,7445,16384,10561,0.00,0.00,34277
1781297575,1789.9,maxram=16384/idle/n=810,15967,15061,906,8939,7445,16384,10573,0.00,0.00,34481
1781297577,1791.9,maxram=16384/idle/n=810,15967,15071,896,8939,7445,16384,10587,0.00,0.00,34420
1781297579,1794.1,maxram=16384/idle/n=820,15967,15084,883,8939,7445,16384,10612,0.00,0.00,34387
1781297581,1796.1,maxram=16384/idle/n=820,15967,15132,834,8939,7445,16384,10657,0.00,0.00,34355
1781297583,1798.1,maxram=16384/idle/n=820,15967,15176,791,8939,7445,16384,10696,0.00,0.00,34358
1781297585,1800.2,maxram=16384/idle/n=830,15967,15209,758,8939,7445,16384,10732,0.00,0.00,34362
1781297587,1802.2,maxram=16384/idle/n=830,15967,15239,728,8939,7445,16384,10779,0.00,0.00,34384
1781297590,1804.2,maxram=16384/idle/n=840,15967,15259,708,8939,7445,16384,10804,0.00,0.00,34361
1781297592,1806.2,maxram=16384/idle/n=840,15967,15266,701,8939,7445,16384,10824,0.00,0.00,33602
1781297594,1808.3,maxram=16384/idle/n=840,15967,15351,616,8939,7445,16384,10828,0.00,0.00,33955
1781297596,1810.3,maxram=16384/idle/n=850,15967,15322,644,8939,7445,16384,10834,0.00,0.00,34180
1781297598,1812.3,maxram=16384/idle/n=850,15967,15298,669,8939,7445,16384,10852,0.00,0.00,34255
1781297600,1814.4,maxram=16384/idle/n=850,15967,15326,641,8939,7445,16384,10862,0.00,0.00,34245
1781297602,1816.4,maxram=16384/idle/n=860,15967,15349,618,8939,7445,16384,10877,0.00,0.00,34242
1781297604,1818.4,maxram=16384/idle/n=860,15967,15095,872,8939,7445,16384,10893,0.00,0.00,34164
1781297606,1820.5,maxram=16384/idle/n=860,15967,15122,844,8939,7445,16384,10894,0.00,0.00,34248
1781297608,1822.7,maxram=16384/idle/n=860,15967,15085,881,8939,7445,16384,10894,0.00,0.00,34167
1781297610,1824.9,maxram=16384/idle/n=870,15967,15138,829,8939,7445,16384,10894,0.00,0.00,34139
1781297612,1826.9,maxram=16384/idle/n=870,15967,15178,789,8939,7445,16384,10894,0.00,0.00,34150
1781297614,1828.9,maxram=16384/idle/n=870,15967,15203,763,8939,7445,16384,10897,0.00,0.00,33781
1781297616,1831.0,maxram=16384/idle/n=880,15967,15244,723,8939,7445,16384,10904,0.00,0.00,34102
1781297618,1833.0,maxram=16384/idle/n=880,15967,15283,684,8939,7445,16384,10921,0.00,0.00,34061
1781297620,1835.0,maxram=16384/idle/n=880,15967,15332,635,8939,7445,16384,10931,0.00,0.00,34086
1781297622,1837.1,maxram=16384/idle/n=890,15967,15340,627,8939,7445,16384,10936,0.00,0.00,34066
1781297624,1839.1,maxram=16384/idle/n=890,15967,14885,1082,9452,6932,16384,10962,0.00,0.00,34028
1781297626,1841.1,maxram=16384/idle/n=900,15967,14928,1038,9452,6932,16384,11008,0.00,0.00,34019
1781297628,1843.2,maxram=16384/idle/n=900,15967,14960,1006,9452,6932,16384,11039,0.00,0.00,34010
1781297630,1845.2,maxram=16384/idle/n=900,15967,14984,982,9452,6932,16384,11083,0.00,0.00,33949
1781297633,1847.2,maxram=16384/idle/n=910,15967,15016,951,9452,6932,16384,11110,0.00,0.00,33898
1781297635,1849.2,maxram=16384/idle/n=910,15967,15042,925,9452,6932,16384,11146,0.00,0.00,34008
1781297637,1851.3,maxram=16384/idle/n=910,15967,15095,872,9452,6932,16384,11204,0.00,0.00,33748
1781297639,1853.3,maxram=16384/idle/n=920,15967,15095,872,9452,6932,16384,11214,0.00,0.00,34035
1781297641,1855.4,maxram=16384/idle/n=920,15967,15095,872,9452,6932,16384,11215,0.00,0.00,33702
1781297643,1857.5,maxram=16384/idle/n=920,15967,15106,861,9452,6932,16384,11220,0.00,0.00,33918
1781297645,1859.5,maxram=16384/idle/n=920,15967,15129,838,9452,6932,16384,11247,0.00,0.00,34018
1781297647,1861.5,maxram=16384/idle/n=930,15967,15177,790,9452,6932,16384,11292,0.00,0.00,34119
1781297649,1863.6,maxram=16384/idle/n=930,15967,15200,767,9452,6932,16384,11317,0.00,0.00,34049
1781297651,1865.6,maxram=16384/idle/n=930,15967,15245,722,9452,6932,16384,11363,0.00,0.00,33322
1781297653,1867.6,maxram=16384/idle/n=940,15967,15251,716,9452,6932,16384,11378,0.00,0.00,33710
1781297655,1869.7,maxram=16384/idle/n=940,15967,15268,699,9452,6932,16384,11400,0.00,0.00,33819
1781297657,1871.7,maxram=16384/idle/n=940,15967,15365,602,9452,6932,16384,11423,0.00,0.00,33952
1781297659,1873.7,maxram=16384/idle/n=950,15967,14870,1097,9983,6401,16384,11449,0.00,0.00,33902
1781297661,1875.8,maxram=16384/idle/n=950,15967,14929,1038,9983,6401,16384,11500,0.00,0.00,33859
1781297663,1877.8,maxram=16384/idle/n=950,15967,14981,986,9983,6401,16384,11547,0.00,0.00,33701
1781297665,1879.8,maxram=16384/idle/n=960,15967,14954,1013,9983,6401,16384,11563,0.00,0.00,33944
1781297667,1881.9,maxram=16384/idle/n=960,15967,14973,994,9983,6401,16384,11596,0.00,0.00,33655
1781297669,1883.9,maxram=16384/idle/n=960,15967,15025,942,9983,6401,16384,11626,0.00,0.00,33998
1781297671,1886.0,maxram=16384/idle/n=960,15967,15017,950,9983,6401,16384,11629,0.00,0.00,33979
1781297673,1888.1,maxram=16384/idle/n=970,15967,15023,944,9983,6401,16384,11641,0.00,0.00,33951
1781297675,1890.1,maxram=16384/idle/n=970,15967,15069,898,9983,6401,16384,11674,0.00,0.00,33892
1781297677,1892.2,maxram=16384/idle/n=970,15967,15118,849,9983,6401,16384,11727,0.00,0.00,33151
1781297680,1894.2,maxram=16384/idle/n=980,15967,15120,847,9983,6401,16384,11744,0.00,0.00,33416
1781297682,1896.2,maxram=16384/idle/n=980,15967,15175,792,9983,6401,16384,11777,0.00,0.00,33682
1781297684,1898.3,maxram=16384/idle/n=980,15967,15210,757,9983,6401,16384,11818,0.00,0.00,33810
1781297686,1900.3,maxram=16384/idle/n=990,15967,15217,750,9983,6401,16384,11842,0.00,0.00,33282
1781297688,1902.3,maxram=16384/idle/n=990,15967,15274,693,9983,6401,16384,11880,0.00,0.00,33276
1781297690,1904.4,maxram=16384/idle/n=1000,15967,15288,679,9983,6401,16384,11921,0.00,0.00,33358
1781297692,1906.4,maxram=16384/idle/n=1000,15967,15303,664,9983,6401,16384,11939,0.00,0.00,33500
1781297694,1908.4,maxram=16384/idle/n=1000,15967,15335,632,9983,6401,16384,11951,0.00,0.00,33728
1781297696,1910.5,maxram=16384/idle/n=1010,15967,15211,756,9983,6401,16384,11964,0.00,0.00,33365
1781297698,1912.5,maxram=16384/idle/n=1010,15967,15280,687,9983,6401,16384,11981,0.18,0.18,33652
1781297700,1914.5,maxram=16384/idle/n=1010,15967,15303,664,9983,6401,16384,11985,0.14,0.14,33576
1781297702,1916.6,maxram=16384/idle/n=1020,15967,15324,643,9983,6401,16384,11986,0.12,0.12,33578
1781297704,1918.7,maxram=16384/idle/n=1020,15967,15327,640,9983,6401,16384,11986,0.09,0.09,33227
1781297706,1920.9,maxram=16384/idle/n=1020,15967,15225,742,9983,6401,16384,11986,0.06,0.06,33767
1781297708,1922.9,maxram=16384/idle/n=1020,15967,15257,710,9983,6401,16384,11987,0.05,0.05,33170
1781297710,1925.0,maxram=16384/idle/n=1020,15967,15304,663,9983,6401,16384,11990,0.04,0.04,33583
1781297712,1927.0,maxram=16384/idle/n=1020,15967,13415,2552,9983,6401,16384,11990,2.39,2.02,33395
1781297714,1929.1,maxram=16384/idle/n=1020,15967,13362,2605,9983,6401,16384,11989,1.95,1.66,33196
1781297716,1931.1,maxram=16384/idle/n=1020,15967,13165,2802,9983,6401,16384,11990,1.60,1.35,33373
1781297718,1933.1,maxram=16384/idle/n=1020,15967,13092,2875,9983,6401,16384,11989,1.31,1.11,33376
1781297720,1935.2,maxram=16384/idle/n=1020,15967,13064,2903,9983,6401,16384,11989,1.07,0.91,33431
1781297722,1937.2,maxram=16384/idle/n=1020,15967,13121,2846,9983,6401,16384,11990,0.87,0.74,33368
1781297725,1939.2,maxram=16384/idle/n=1020,15967,12819,3148,9983,6401,16384,11990,0.71,0.61,33295
1781297727,1941.2,maxram=16384/idle/n=1020,15967,12787,3179,9983,6401,16384,11989,0.58,0.49,33356
1781297729,1943.3,maxram=16384/idle/n=1020,15967,12791,3176,9983,6401,16384,11989,0.48,0.40,33380
1781297731,1945.4,maxram=16384/idle/n=1020,15967,12769,3198,9983,6401,16384,11988,0.39,0.33,33393
1781297733,1947.5,maxram=16384/idle/n=1020,15967,12623,3344,9983,6401,16384,11986,0.32,0.27,33373
1781297735,1949.5,maxram=16384/idle/n=1020,15967,12553,3414,9983,6401,16384,11986,0.26,0.22,33369
1781297737,1951.5,maxram=16384/idle/n=1020,15967,12522,3444,9983,6401,16384,11985,0.21,0.18,33362
1781297739,1953.6,maxram=16384/idle/n=1020,15967,12530,3437,9983,6401,16384,11984,0.17,0.14,33415
1781297741,1955.6,maxram=16384/idle/n=1020,15967,12323,3644,9983,6401,16384,11986,0.14,0.12,33411
1781297743,1957.6,maxram=16384/idle/n=1020,15967,12281,3686,9983,6401,16384,11986,0.11,0.10,33098
1781297745,1959.7,maxram=16384/idle/n=1020,15967,12242,3724,9983,6401,16384,11980,0.09,0.08,33401
1781297747,1961.7,maxram=16384/idle/n=1020,15967,12193,3774,9983,6401,16384,11979,0.07,0.06,33200
1781297749,1963.8,maxram=16384/idle/n=1020,15967,11963,4004,9983,6401,16384,11981,0.06,0.05,33104
1781297751,1965.8,maxram=16384/idle/n=1020,15967,11951,4016,9983,6401,16384,11981,0.05,0.04,33451
1781297753,1968.1,maxram=16384/idle/n=1020,15967,11950,4017,9983,6401,16384,11981,0.04,0.03,33483
1781297755,1970.2,maxram=16384/idle/n=1020,15967,11962,4005,9983,6401,16384,11981,0.03,0.02,33238
1781297757,1972.2,maxram=16384/idle/n=1020,15967,14842,1125,7093,9291,16384,11981,0.02,0.02,32934
1781297760,1974.2,maxram=16384/idle/n=1020,15967,14853,1114,7093,9291,16384,11980,0.02,0.01,33110
1781297762,1976.3,maxram=16384/idle/n=1020,15967,14687,1280,7093,9291,16384,11982,0.01,0.01,33459
1781297764,1978.3,maxram=16384/idle/n=1020,15967,14596,1371,7093,9291,16384,11981,0.01,0.01,32703
1781297766,1980.3,maxram=16384/idle/n=1020,15967,14567,1400,7093,9291,16384,11981,0.01,0.00,32598
1781297768,1982.4,maxram=16384/idle/n=1020,15967,14316,1651,7093,9291,16384,11983,0.00,0.00,33533
1781297770,1984.4,maxram=16384/idle/n=1020,15967,14306,1661,7093,9291,16384,11983,0.00,0.00,33673
1781297772,1986.4,maxram=16384/idle/n=1020,15967,14281,1686,7093,9291,16384,11982,0.00,0.00,32957
1781297774,1988.5,maxram=16384/idle/n=1020,15967,14252,1715,7093,9291,16384,11981,0.00,0.00,33323
1781297776,1990.5,maxram=16384/idle/n=1020,15967,14011,1956,7093,9291,16384,11983,0.00,0.00,33445
1781297778,1992.5,maxram=16384/idle/n=1020,15967,13999,1968,7093,9291,16384,11983,0.00,0.00,33068
1781297780,1994.7,maxram=16384/idle/n=1020,15967,14010,1957,7093,9291,16384,11983,0.00,0.00,33466
1781297782,1997.0,maxram=16384/idle/n=1020,15967,13982,1984,7093,9291,16384,11982,0.00,0.00,33268
1781297784,1999.1,maxram=16384/idle/n=1020,15967,13977,1990,7093,9291,16384,11982,0.00,0.00,33072
1781297786,2001.1,maxram=16384/idle/n=1020,15967,13950,2016,7093,9291,16384,11981,0.00,0.00,33104
1781297788,2003.1,maxram=16384/idle/n=1020,15967,13757,2209,7093,9291,16384,11983,0.00,0.00,33002
1781297790,2005.2,maxram=16384/idle/n=1020,15967,13708,2259,7093,9291,16384,11982,0.00,0.00,32815
1781297793,2007.2,maxram=16384/idle/n=1020,15967,13686,2280,7093,9291,16384,11982,0.00,0.00,32824
1781297795,2009.3,maxram=16384/idle/n=1020,15967,13676,2291,7093,9291,16384,11981,0.00,0.00,32540
1781297797,2011.3,maxram=16384/idle/n=1020,15967,13448,2519,7093,9291,16384,11984,0.00,0.00,32954
1781297799,2013.3,maxram=16384/idle/n=1020,15967,13410,2557,7093,9291,16384,11983,0.00,0.00,33116
1781297801,2015.4,maxram=16384/idle/n=1020,15967,13388,2579,7093,9291,16384,11983,0.00,0.00,33131
1781297803,2017.4,maxram=16384/idle/n=1020,15967,13364,2602,7093,9291,16384,11982,0.00,0.00,32883
1781297805,2019.6,maxram=16384/idle/n=1020,15967,13361,2606,7093,9291,16384,11982,0.00,0.00,32767
1781297807,2022.2,maxram=16384/idle/n=1020,15967,13145,2822,7093,9291,16384,11998,0.00,0.00,32746
1781297810,2024.2,maxram=16384/idle/n=1020,15967,13126,2841,7093,9291,16384,11997,0.00,0.00,32704
1781297812,2026.2,maxram=16384/idle/n=1020,15967,13097,2870,7093,9291,16384,11996,0.00,0.00,32730
1781297814,2028.3,maxram=16384/idle/n=1020,15967,14856,1111,5171,11213,16384,11999,0.00,0.00,32001
1781297816,2030.3,maxram=16384/idle/n=1020,15967,14814,1153,5171,11213,16384,11998,0.00,0.00,32656
1781297818,2032.3,maxram=16384/idle/n=1020,15967,14776,1191,5171,11213,16384,11997,0.00,0.00,32754
1781297820,2034.4,maxram=16384/idle/n=1020,15967,14457,1510,5171,11213,16384,12000,0.00,0.00,32911
1781297822,2036.4,maxram=16384/idle/n=1020,15967,14488,1479,5171,11213,16384,12000,0.36,0.36,32780
1781297824,2038.4,maxram=16384/idle/n=1020,15967,14461,1506,5171,11213,16384,12000,0.29,0.29,32246
1781297826,2040.8,maxram=16384/idle/n=1020,15967,14456,1511,5171,11213,16384,11999,0.24,0.24,32800
1781297828,2043.1,maxram=16384/idle/n=1020,15967,14261,1705,5171,11213,16384,11999,0.16,0.16,32741
1781297830,2045.1,maxram=16384/idle/n=1020,15967,14140,1827,5171,11213,16384,11999,0.13,0.13,32415
1781297832,2047.2,maxram=16384/idle/n=1020,15967,14121,1846,5171,11213,16384,11998,0.10,0.10,32359
1781297834,2049.2,maxram=16384/idle/n=1020,15967,13848,2119,5171,11213,16384,11999,0.08,0.08,32651
1781297837,2051.2,maxram=16384/idle/n=1020,15967,13801,2166,5171,11213,16384,11999,0.07,0.07,32789
1781297839,2053.3,maxram=16384/idle/n=1020,15967,13820,2147,5171,11213,16384,11998,0.05,0.05,32773
1781297841,2055.3,maxram=16384/idle/n=1020,15967,13484,2483,5171,11213,16384,11999,0.04,0.04,32759
1781297843,2057.3,maxram=16384/idle/n=1020,15967,13452,2515,5171,11213,16384,11999,0.03,0.03,32631
1781297845,2059.4,maxram=16384/idle/n=1020,15967,13420,2547,5171,11213,16384,11996,0.03,0.03,32644
1781297847,2061.4,maxram=16384/idle/n=1020,15967,13389,2577,5171,11213,16384,11996,0.02,0.02,32502
1781297849,2063.6,maxram=16384/idle/n=1020,15967,13395,2572,5171,11213,16384,11996,0.02,0.02,32374
1781297851,2065.8,maxram=16384/idle/n=1020,15967,13111,2856,5171,11213,16384,11998,0.01,0.01,32211
1781297853,2067.8,maxram=16384/idle/n=1020,15967,13075,2892,5171,11213,16384,11997,0.01,0.01,32575
1781297855,2069.8,maxram=16384/idle/n=1020,15967,13054,2913,5171,11213,16384,11996,0.01,0.01,33306
1781297857,2071.9,maxram=16384/idle/n=1020,15967,12801,3166,5171,11213,16384,11998,0.00,0.00,33310
1781297859,2073.9,maxram=16384/idle/n=1020,15967,12786,3180,5171,11213,16384,11998,0.00,0.00,32711
1781297861,2075.9,maxram=16384/idle/n=1020,15967,12750,3217,5171,11213,16384,11996,0.00,0.00,33347
1781297863,2078.0,maxram=16384/idle/n=1020,15967,12517,3450,5171,11213,16384,12006,0.00,0.00,33354
1781297865,2080.0,maxram=16384/idle/n=1020,15967,12496,3471,5171,11213,16384,12010,0.00,0.00,33336
1781297867,2082.0,maxram=16384/idle/n=1020,15967,12454,3513,5171,11213,16384,12008,0.00,0.00,33415
1781297870,2084.3,maxram=16384/idle/n=1020,15967,12439,3528,5171,11213,16384,12008,0.00,0.00,33388
1781297872,2086.7,maxram=16384/idle/n=1020,15967,12424,3543,5171,11213,16384,12008,0.00,0.00,33315
1781297874,2088.7,maxram=16384/idle/n=1020,15967,13624,2343,2566,13818,16384,12008,0.00,0.00,33112
1781297876,2090.8,maxram=16384/idle/n=1020,15967,14791,1176,2566,13818,16384,12008,0.00,0.00,33291
1781297878,2092.8,maxram=16384/nginx,15967,249,15718,16384,0,16384,2436,0.00,0.00,41941
1781297880,2094.8,maxram=16384/nginx,15967,540,15427,16384,0,16384,2996,0.00,0.00,41358
1781297882,2096.9,maxram=16384/nginx,15967,746,15221,16384,0,16384,3247,0.00,0.00,41115
1781297884,2098.9,maxram=16384/nginx,15967,846,15121,16384,0,16384,3376,0.00,0.00,39916
1781297886,2100.9,maxram=16384/nginx/n=10,15967,938,15029,16384,0,16384,3475,0.00,0.00,40139
1781297888,2102.9,maxram=16384/nginx/n=10,15967,1053,14914,16384,0,16384,3602,0.00,0.00,39989
1781297890,2105.0,maxram=16384/nginx/n=10,15967,1142,14825,16384,0,16384,3692,0.00,0.00,39932
1781297892,2107.0,maxram=16384/nginx/n=20,15967,1188,14779,16384,0,16384,3748,0.00,0.00,39805
1781297894,2109.0,maxram=16384/nginx/n=20,15967,1295,14672,16384,0,16384,3846,0.00,0.00,39476
1781297896,2111.1,maxram=16384/nginx/n=30,15967,1398,14569,16384,0,16384,3944,0.00,0.00,39516
1781297898,2113.1,maxram=16384/nginx/n=30,15967,1412,14555,16384,0,16384,3968,0.00,0.00,39459
1781297901,2115.9,maxram=16384/nginx/n=30,15967,1425,14542,16384,0,16384,3984,0.00,0.00,39450
1781297903,2117.9,maxram=16384/nginx/n=30,15967,1506,14461,16384,0,16384,4064,0.00,0.00,38826
1781297905,2120.0,maxram=16384/nginx/n=40,15967,1580,14387,16384,0,16384,4147,0.00,0.00,38854
1781297907,2122.0,maxram=16384/nginx/n=40,15967,1676,14291,16384,0,16384,4244,0.00,0.00,38772
1781297909,2124.0,maxram=16384/nginx/n=50,15967,1783,14184,16384,0,16384,4347,0.00,0.00,38570
1781297911,2126.0,maxram=16384/nginx/n=50,15967,1889,14078,16384,0,16384,4461,0.00,0.00,38399
1781297913,2128.1,maxram=16384/nginx/n=60,15967,1952,14015,16384,0,16384,4539,0.00,0.00,38308
1781297915,2130.1,maxram=16384/nginx/n=60,15967,2035,13932,16384,0,16384,4616,0.00,0.00,38056
1781297917,2132.1,maxram=16384/nginx/n=60,15967,2139,13828,16384,0,16384,4729,0.00,0.00,38057
1781297919,2134.2,maxram=16384/nginx/n=70,15967,2235,13732,16384,0,16384,4825,0.00,0.00,37984
1781297921,2136.2,maxram=16384/nginx/n=70,15967,2326,13641,16384,0,16384,4912,0.00,0.00,37908
1781297924,2138.2,maxram=16384/nginx/n=80,15967,11010,4957,3896,12488,16384,4990,0.00,0.00,37934
1781297926,2140.3,maxram=16384/nginx/n=80,15967,14919,1048,3896,12488,16384,5049,0.00,0.00,37670
1781297928,2142.6,maxram=16384/nginx/n=80,15967,14918,1049,3896,12488,16384,5056,0.00,0.00,38001
1781297930,2144.7,maxram=16384/nginx/n=80,15967,14948,1019,3896,12488,16384,5078,0.00,0.00,37775
1781297932,2146.8,maxram=16384/nginx/n=80,15967,15026,941,3896,12488,16384,5155,0.00,0.00,37895
1781297934,2148.8,maxram=16384/nginx/n=90,15967,15111,856,3896,12488,16384,5236,0.00,0.00,37578
1781297936,2150.8,maxram=16384/nginx/n=90,15967,15196,771,3896,12488,16384,5322,0.00,0.00,37525
1781297938,2152.9,maxram=16384/nginx/n=100,15967,15293,674,3896,12488,16384,5408,0.00,0.00,37489
1781297940,2154.9,maxram=16384/nginx/n=100,15967,15355,611,3896,12488,16384,5484,0.00,0.00,37468
1781297942,2156.9,maxram=16384/nginx/n=100,15967,14885,1082,4454,11930,16384,5568,0.00,0.00,37360
1781297944,2159.0,maxram=16384/nginx/n=110,15967,14976,991,4454,11930,16384,5665,0.00,0.00,36740
1781297946,2161.0,maxram=16384/nginx/n=110,15967,15034,933,4454,11930,16384,5749,0.00,0.00,37130
1781297948,2163.0,maxram=16384/nginx/n=110,15967,15144,823,4454,11930,16384,5840,0.00,0.00,36526
1781297950,2165.1,maxram=16384/nginx/n=120,15967,15211,756,4454,11930,16384,5910,0.00,0.00,36605
1781297952,2167.1,maxram=16384/nginx/n=120,15967,15266,701,4454,11930,16384,5974,0.00,0.00,36417
1781297954,2169.1,maxram=16384/nginx/n=120,15967,15349,618,4454,11930,16384,6070,0.00,0.00,36350
1781297956,2171.2,maxram=16384/nginx/n=130,15967,14868,1099,4976,11408,16384,6118,0.00,0.00,36531
1781297959,2173.3,maxram=16384/nginx/n=130,15967,14866,1101,4976,11408,16384,6121,0.00,0.00,36539
1781297961,2175.6,maxram=16384/nginx/n=130,15967,14866,1101,4976,11408,16384,6130,0.00,0.00,36508
1781297963,2177.6,maxram=16384/nginx/n=130,15967,14874,1093,4976,11408,16384,6157,0.00,0.00,36481
1781297965,2179.6,maxram=16384/nginx/n=130,15967,14975,992,4976,11408,16384,6220,0.00,0.00,36404
1781297967,2181.7,maxram=16384/nginx/n=140,15967,15068,899,4976,11408,16384,6317,0.00,0.00,36323
1781297969,2183.7,maxram=16384/nginx/n=140,15967,15153,814,4976,11408,16384,6401,0.00,0.00,36213
1781297971,2185.7,maxram=16384/nginx/n=140,15967,15266,701,4976,11408,16384,6500,0.00,0.00,35809
1781297973,2187.8,maxram=16384/nginx/n=150,15967,15333,634,4976,11408,16384,6583,0.00,0.00,35854
1781297975,2189.8,maxram=16384/nginx/n=150,15967,14882,1085,5530,10854,16384,6673,0.00,0.00,35757
1781297977,2191.8,maxram=16384/nginx/n=160,15967,14938,1029,5530,10854,16384,6824,0.00,0.00,35315
1781297979,2193.9,maxram=16384/nginx/n=160,15967,15020,946,5530,10854,16384,6853,0.00,0.00,35180
1781297981,2195.9,maxram=16384/nginx/n=160,15967,15116,851,5530,10854,16384,6914,0.00,0.00,35632
1781297983,2197.9,maxram=16384/nginx/n=170,15967,15175,791,5530,10854,16384,6988,0.00,0.00,35594
1781297985,2200.0,maxram=16384/nginx/n=170,15967,15298,668,5530,10854,16384,7104,0.00,0.00,35501
1781297987,2202.0,maxram=16384/nginx/n=180,15967,15347,620,5530,10854,16384,7165,0.00,0.00,35066
1781297989,2204.0,maxram=16384/nginx/n=180,15967,14868,1099,6044,10340,16384,7194,0.00,0.00,35366
1781297991,2206.2,maxram=16384/nginx/n=180,15967,14839,1128,6044,10340,16384,7232,0.00,0.00,35162
1781297994,2208.2,maxram=16384/nginx/n=180,15967,14950,1017,6044,10340,16384,7342,0.00,0.00,35234
1781297996,2210.2,maxram=16384/nginx/n=190,15967,15004,963,6044,10340,16384,7421,0.00,0.00,35219
1781297998,2212.3,maxram=16384/nginx/n=190,15967,15097,869,6044,10340,16384,7514,0.00,0.00,35142
1781298000,2214.3,maxram=16384/nginx/n=190,15967,15173,794,6044,10340,16384,7630,0.00,0.00,34848
1781298002,2216.3,maxram=16384/nginx/n=200,15967,15212,755,6044,10340,16384,7679,0.00,0.00,34300
1781298004,2218.4,maxram=16384/nginx/n=200,15967,15336,631,6044,10340,16384,7706,0.00,0.00,34266
1781298006,2220.4,maxram=16384/nginx/n=210,15967,14928,1039,6599,9785,16384,7798,0.00,0.00,34697
1781298008,2222.4,maxram=16384/nginx/n=210,15967,14999,967,6599,9785,16384,7889,0.00,0.00,35194
1781298010,2224.5,maxram=16384/nginx/n=210,15967,15119,848,6599,9785,16384,8014,0.00,0.00,34645
1781298012,2226.5,maxram=16384/nginx/n=220,15967,15152,815,6599,9785,16384,8062,0.00,0.00,34568
1781298014,2228.5,maxram=16384/nginx/n=220,15967,15264,703,6599,9785,16384,8176,0.00,0.00,34483
1781298016,2230.6,maxram=16384/nginx/n=230,15967,15327,640,6599,9785,16384,8254,0.00,0.00,34902
1781298018,2232.6,maxram=16384/nginx/n=230,15967,15319,648,6599,9785,16384,8288,0.00,0.00,34855
1781298020,2234.9,maxram=16384/nginx/n=230,15967,15321,646,6599,9785,16384,8294,0.00,0.00,34903
1781298022,2236.9,maxram=16384/nginx/n=230,15967,14900,1067,7122,9262,16384,8337,0.00,0.00,34799
1781298024,2239.0,maxram=16384/nginx/n=240,15967,14991,976,7122,9262,16384,8434,0.00,0.00,34701
1781298026,2241.0,maxram=16384/nginx/n=240,15967,15113,854,7122,9262,16384,8546,0.00,0.00,34569
1781298028,2243.0,maxram=16384/nginx/n=250,15967,15181,786,7122,9262,16384,8644,0.00,0.00,34517
1781298030,2245.1,maxram=16384/nginx/n=250,15967,15249,718,7122,9262,16384,8703,0.00,0.00,34507
1781298032,2247.1,maxram=16384/nginx/n=250,15967,15319,648,7122,9262,16384,8789,0.00,0.00,34460
1781298034,2249.1,maxram=16384/nginx/n=260,15967,15381,585,7122,9262,16384,8833,0.00,0.00,34438
1781298036,2251.2,maxram=16384/nginx/n=260,15967,14966,1001,7667,8717,16384,8947,0.00,0.00,34407
1781298038,2253.2,maxram=16384/nginx/n=270,15967,15059,908,7667,8717,16384,9057,0.00,0.00,34112
1781298041,2255.2,maxram=16384/nginx/n=270,15967,15146,821,7667,8717,16384,9135,0.00,0.00,34356
1781298043,2257.3,maxram=16384/nginx/n=270,15967,15240,726,7667,8717,16384,9235,0.00,0.00,34266
1781298045,2259.3,maxram=16384/nginx/n=280,15967,15280,687,7667,8717,16384,9285,0.00,0.00,34276
1781298047,2261.3,maxram=16384/nginx/n=280,15967,15333,634,7667,8717,16384,9337,0.00,0.00,34209
1781298049,2263.5,maxram=16384/nginx/n=280,15967,15323,643,7667,8717,16384,9351,0.00,0.00,34218
1781298051,2265.6,maxram=16384/nginx/n=280,15967,14862,1104,8180,8204,16384,9399,0.00,0.00,34173
1781298053,2267.6,maxram=16384/nginx/n=290,15967,14933,1034,8180,8204,16384,9477,0.00,0.00,34140
1781298055,2269.7,maxram=16384/nginx/n=290,15967,15031,936,8180,8204,16384,9582,0.00,0.00,34074
1781298057,2271.7,maxram=16384/nginx/n=290,15967,15099,868,8180,8204,16384,9670,0.00,0.00,34038
1781298059,2273.7,maxram=16384/nginx/n=300,15967,15142,825,8180,8204,16384,9707,0.00,0.00,34264
1781298061,2275.8,maxram=16384/nginx/n=300,15967,15229,738,8180,8204,16384,9802,0.00,0.00,34193
1781298063,2277.8,maxram=16384/nginx/n=310,15967,15313,653,8180,8204,16384,9890,0.00,0.00,34077
1781298065,2279.8,maxram=16384/nginx/n=310,15967,14859,1108,8718,7666,16384,9955,0.00,0.00,34153
1781298067,2281.9,maxram=16384/nginx/n=310,15967,14979,988,8718,7666,16384,10043,0.00,0.00,34082
1781298069,2283.9,maxram=16384/nginx/n=320,15967,15042,925,8718,7666,16384,10113,0.00,0.00,33855
1781298071,2285.9,maxram=16384/nginx/n=320,15967,15112,855,8718,7666,16384,10230,0.00,0.00,33304
1781298073,2288.0,maxram=16384/nginx/n=330,15967,15181,786,8718,7666,16384,10329,0.00,0.00,33686
1781298075,2290.0,maxram=16384/nginx/n=330,15967,15225,741,8718,7666,16384,10369,0.00,0.00,33564
1781298077,2292.0,maxram=16384/nginx/n=330,15967,15256,711,8718,7666,16384,10405,0.00,0.00,33757
1781298080,2294.3,maxram=16384/nginx/n=330,15967,15309,658,8718,7666,16384,10452,0.00,0.00,33965
1781298082,2296.4,maxram=16384/nginx/n=340,15967,15393,574,8718,7666,16384,10492,0.00,0.00,33908
1781298084,2298.4,maxram=16384/nginx/n=340,15967,14947,1020,9264,7120,16384,10584,0.00,0.00,33251
1781298086,2300.4,maxram=16384/nginx/n=340,15967,15050,917,9264,7120,16384,10687,0.00,0.00,33603
1781298088,2302.5,maxram=16384/nginx/n=350,15967,15090,877,9264,7120,16384,10750,0.00,0.00,33752
1781298090,2304.5,maxram=16384/nginx/n=350,15967,15177,790,9264,7120,16384,10835,0.00,0.00,33857
1781298092,2306.5,maxram=16384/nginx/n=350,15967,15264,703,9264,7120,16384,10934,0.00,0.00,33768
1781298094,2308.6,maxram=16384/nginx/n=360,15967,15328,639,9264,7120,16384,11013,0.00,0.00,33604
1781298096,2310.6,maxram=16384/nginx/n=360,15967,14847,1119,9809,6575,16384,11049,0.00,0.00,33578
1781298098,2312.6,maxram=16384/nginx/n=370,15967,14948,1019,9809,6575,16384,11142,0.00,0.00,33563
1781298100,2314.6,maxram=16384/nginx/n=370,15967,15050,917,9809,6575,16384,11234,0.00,0.00,33509
1781298102,2316.7,maxram=16384/nginx/n=370,15967,15130,837,9809,6575,16384,11327,0.00,0.00,33505
1781298104,2318.7,maxram=16384/nginx/n=380,15967,15199,768,9809,6575,16384,11420,0.00,0.00,33491
1781298106,2320.8,maxram=16384/nginx/n=380,15967,15195,772,9809,6575,16384,11428,0.00,0.00,33479
1781298108,2322.9,maxram=16384/nginx/n=380,15967,15201,765,9809,6575,16384,11433,0.00,0.00,33806
1781298110,2325.0,maxram=16384/nginx/n=380,15967,15317,650,9809,6575,16384,11532,0.00,0.00,33502
1781298112,2327.0,maxram=16384/nginx/n=390,15967,15364,603,9809,6575,16384,11595,0.00,0.00,33467
1781298114,2329.0,maxram=16384/nginx/n=390,15967,15327,640,9809,6575,16384,11634,0.00,0.00,33361
1781298116,2331.0,maxram=16384/nginx/n=400,15967,14905,1062,10354,6030,16384,11680,0.00,0.00,33499
1781298118,2333.1,maxram=16384/nginx/n=400,15967,14948,1019,10354,6030,16384,11713,0.00,0.00,33684
1781298120,2335.1,maxram=16384/nginx/n=400,15967,15060,907,10354,6030,16384,11820,0.00,0.00,33669
1781298122,2337.1,maxram=16384/nginx/n=410,15967,15119,847,10354,6030,16384,11903,0.00,0.00,33588
1781298124,2339.2,maxram=16384/nginx/n=410,15967,15223,744,10354,6030,16384,11983,0.00,0.00,33220
1781298127,2341.2,maxram=16384/nginx/n=410,15967,15360,607,10354,6030,16384,12106,0.00,0.00,33764
1781298129,2343.2,maxram=16384/nginx/n=420,15967,15361,606,10354,6030,16384,12142,0.00,0.00,33661
1781298131,2345.3,maxram=16384/nginx/n=420,15967,14947,1020,10873,5511,16384,12233,0.00,0.00,32834
1781298133,2347.3,maxram=16384/nginx/n=430,15967,14986,981,10873,5511,16384,12299,0.00,0.00,32990
1781298135,2349.3,maxram=16384/nginx/n=430,15967,15087,880,10873,5511,16384,12390,0.00,0.00,33401
1781298137,2351.4,maxram=16384/nginx/n=430,15967,15063,904,10873,5511,16384,12391,0.00,0.00,33445
1781298139,2353.7,maxram=16384/nginx/n=430,15967,15128,839,10873,5511,16384,12422,0.00,0.00,33420
1781298141,2355.7,maxram=16384/nginx/n=440,15967,15216,751,10873,5511,16384,12522,0.00,0.00,33323
1781298143,2357.7,maxram=16384/nginx/n=440,15967,15290,676,10873,5511,16384,12579,0.00,0.00,33277
1781298145,2359.8,maxram=16384/nginx/n=440,15967,14852,1114,11405,4979,16384,12680,0.00,0.00,33450
1781298147,2361.8,maxram=16384/nginx/n=450,15967,14897,1070,11405,4979,16384,12742,0.00,0.00,33451
1781298149,2363.8,maxram=16384/nginx/n=450,15967,14998,969,11405,4979,16384,12842,0.00,0.00,33374
1781298151,2365.9,maxram=16384/nginx/n=450,15967,15072,895,11405,4979,16384,12914,0.00,0.00,32916
1781298153,2367.9,maxram=16384/nginx/n=460,15967,15169,798,11405,4979,16384,13001,0.00,0.00,33125
1781298155,2369.9,maxram=16384/nginx/n=460,15967,15237,730,11405,4979,16384,13087,0.00,0.00,33035
1781298157,2371.9,maxram=16384/nginx/n=470,15967,15286,680,11405,4979,16384,13156,0.00,0.00,32859
1781298159,2374.0,maxram=16384/nginx/n=470,15967,15342,625,11405,4979,16384,13218,0.00,0.00,32635
1781298161,2376.0,maxram=16384/nginx/n=470,15967,14931,1036,11934,4450,16384,13292,0.18,0.18,33767
1781298163,2378.0,maxram=16384/nginx/n=480,15967,15013,954,11934,4450,16384,13373,0.14,0.14,33825
1781298165,2380.1,maxram=16384/nginx/n=480,15967,15085,882,11934,4450,16384,13438,0.12,0.12,33873
1781298168,2382.3,maxram=16384/nginx/n=480,15967,15074,893,11934,4450,16384,13459,0.09,0.09,33830
1781298170,2384.4,maxram=16384/nginx/n=480,15967,15116,851,11934,4450,16384,13499,0.08,0.08,33275
1781298172,2386.4,maxram=16384/nginx/n=490,15967,15218,749,11934,4450,16384,13599,0.06,0.06,33149
1781298174,2388.5,maxram=16384/nginx/n=490,15967,15249,717,11934,4450,16384,13658,0.05,0.05,33108
1781298176,2390.5,maxram=16384/nginx/n=490,15967,15342,625,11934,4450,16384,13753,0.04,0.04,33246
1781298178,2392.5,maxram=16384/nginx/n=500,15967,14870,1097,12450,3934,16384,13821,0.03,0.03,33407
1781298180,2394.5,maxram=16384/nginx/n=500,15967,14990,977,12450,3934,16384,13912,0.39,0.39,33364
1781298182,2396.6,maxram=16384/nginx/n=500,15967,15084,883,12450,3934,16384,14006,0.32,0.32,32967
1781298184,2398.6,maxram=16384/nginx/n=510,15967,15129,838,12450,3934,16384,14062,0.26,0.26,32809
1781298186,2400.6,maxram=16384/nginx/n=510,15967,15245,722,12450,3934,16384,14177,0.21,0.21,32920
1781298188,2402.7,maxram=16384/nginx/n=520,15967,15320,647,12450,3934,16384,14272,0.17,0.17,32805
1781298190,2404.7,maxram=16384/nginx/n=520,15967,15345,622,12450,3934,16384,14295,0.14,0.14,32899
1781298192,2406.7,maxram=16384/nginx/n=520,15967,15310,657,12450,3934,16384,14340,0.29,0.29,32605
1781298194,2408.8,maxram=16384/nginx/n=520,15967,15349,618,12450,3934,16384,14354,0.24,0.24,32982
1781298196,2410.9,maxram=16384/nginx/n=520,15967,15353,613,12450,3934,16384,14357,0.19,0.19,33110
1781298198,2413.0,maxram=16384/nginx/n=530,15967,15236,731,12450,3934,16384,14363,0.16,0.16,33065
1781298200,2415.0,maxram=16384/nginx/n=530,15967,15335,632,12450,3934,16384,14391,1.58,1.58,32718
1781298202,2417.1,maxram=16384/nginx/n=530,15967,14940,1027,12963,3421,16384,14443,1.06,1.06,32694
1781298204,2419.1,maxram=16384/nginx/n=540,15967,14964,1003,12963,3421,16384,14497,0.86,0.86,32626
1781298206,2421.2,maxram=16384/nginx/n=540,15967,15085,882,12963,3421,16384,14597,0.71,0.71,32730
1781298208,2423.2,maxram=16384/nginx/n=540,15967,15158,809,12963,3421,16384,14702,0.58,0.58,32480
1781298211,2425.2,maxram=16384/nginx/n=550,15967,15170,797,12963,3421,16384,14755,0.47,0.47,32699
1781298213,2427.2,maxram=16384/nginx/n=550,15967,15275,692,12963,3421,16384,14822,0.39,0.39,32573
1781298215,2429.3,maxram=16384/nginx/n=550,15967,15326,641,12963,3421,16384,14882,0.31,0.31,32620
1781298217,2431.3,maxram=16384/nginx/n=560,15967,15347,620,12963,3421,16384,14907,0.26,0.26,32071
1781298219,2433.3,maxram=16384/nginx/n=560,15967,15311,655,12963,3421,16384,14926,2.38,2.38,31889
1781298221,2435.4,maxram=16384/nginx/n=560,15967,15360,607,12963,3421,16384,14927,1.95,1.95,32224
1781298223,2437.4,maxram=16384/nginx/n=570,15967,14912,1055,13481,2903,16384,14979,1.96,1.96,32463
1781298225,2439.4,maxram=16384/nginx/n=570,15967,15027,940,13481,2903,16384,15057,1.60,1.60,32120
1781298227,2441.5,maxram=16384/nginx/n=570,15967,15114,853,13481,2903,16384,15151,1.31,1.31,32302
1781298229,2443.5,maxram=16384/nginx/n=580,15967,15125,842,13481,2903,16384,15205,1.07,1.07,32547
1781298231,2445.5,maxram=16384/nginx/n=580,15967,15131,836,13481,2903,16384,15213,0.88,0.88,32655
1781298233,2447.7,maxram=16384/nginx/n=580,15967,15142,825,13481,2903,16384,15218,0.72,0.72,32566
1781298235,2449.9,maxram=16384/nginx/n=580,15967,15198,769,13481,2903,16384,15255,0.59,0.59,32672
1781298237,2452.0,maxram=16384/nginx/n=580,15967,15300,666,13481,2903,16384,15345,0.48,0.48,32931
1781298239,2454.0,maxram=16384/nginx/n=590,15967,15330,637,13481,2903,16384,15410,0.39,0.39,32927
1781298241,2456.0,maxram=16384/nginx/n=590,15967,15265,702,13481,2903,16384,15436,0.32,0.32,32404
1781298243,2458.0,maxram=16384/nginx/n=590,15967,14854,1113,13995,2389,16384,15459,1.71,1.71,32575
1781298245,2460.1,maxram=16384/nginx/n=600,15967,14934,1033,13995,2389,16384,15500,1.40,1.40,32503
1781298247,2462.1,maxram=16384/nginx/n=600,15967,15049,918,13995,2389,16384,15596,1.14,1.14,32827
1781298249,2464.1,maxram=16384/nginx/n=600,15967,15132,835,13995,2389,16384,15686,0.94,0.94,32922
1781298251,2466.2,maxram=16384/nginx/n=610,15967,15154,813,13995,2389,16384,15752,0.77,0.77,32298
1781298254,2468.2,maxram=16384/nginx/n=610,15967,15289,678,13995,2389,16384,15857,0.63,0.63,32191
1781298256,2470.2,maxram=16384/nginx/n=620,15967,15340,627,13995,2389,16384,15925,0.51,0.51,32165
1781298258,2472.3,maxram=16384/nginx/n=620,15967,15283,684,13995,2389,16384,15956,0.42,0.42,32176
1781298260,2474.3,maxram=16384/nginx/n=620,15967,14898,1069,14511,1873,16384,15997,3.24,3.24,32504
1781298262,2476.3,maxram=16384/nginx/n=630,15967,14959,1007,14511,1873,16384,16045,2.65,2.65,32463
1781298264,2478.4,maxram=16384/nginx/n=630,15967,14962,1005,14511,1873,16384,16045,2.17,2.17,32444
1781298266,2480.6,maxram=16384/nginx/n=630,15967,14986,981,14511,1873,16384,16052,1.78,1.78,32461
1781298268,2482.6,maxram=16384/nginx/n=630,15967,15101,866,14511,1873,16384,16151,1.45,1.45,32369
1781298270,2484.7,maxram=16384/nginx/n=630,15967,15189,778,14511,1873,16384,16239,1.19,1.19,32626
1781298272,2486.7,maxram=16384/nginx/n=640,15967,15255,712,14511,1873,16384,16307,0.97,0.97,32280
1781298274,2488.7,maxram=16384/nginx/n=640,15967,15319,647,14511,1873,16384,16393,0.80,0.80,32207
1781298276,2490.8,maxram=16384/nginx/n=650,15967,14876,1091,15029,1355,16384,16468,0.65,0.65,32097
1781298278,2492.8,maxram=16384/nginx/n=650,15967,14966,1001,15029,1355,16384,16545,0.53,0.53,32467
1781298280,2494.8,maxram=16384/nginx/n=650,15967,15098,869,15029,1355,16384,16674,0.43,0.43,32166
1781298282,2496.9,maxram=16384/nginx/n=660,15967,15095,872,15029,1355,16384,16730,0.35,0.35,32512
1781298284,2498.9,maxram=16384/nginx/n=660,15967,15197,770,15029,1355,16384,16793,0.29,0.29,32447
1781298286,2500.9,maxram=16384/nginx/n=660,15967,15309,658,15029,1355,16384,16887,0.24,0.24,32032
1781298288,2503.0,maxram=16384/nginx/n=670,15967,15319,648,15029,1355,16384,16929,0.19,0.19,32365
1781298290,2505.0,maxram=16384/nginx/n=670,15967,15269,698,15029,1355,16384,16972,0.16,0.16,32299
1781298292,2507.0,maxram=16384/nginx/n=670,15967,15288,679,15029,1355,16384,16987,1.76,1.76,31977
1781298294,2509.2,maxram=16384/nginx/n=670,15967,15316,650,15029,1355,16384,16996,1.44,1.44,32235
1781298297,2511.3,maxram=16384/nginx/n=680,15967,14834,1133,15548,836,16384,17012,0.96,0.96,32232
1781298299,2513.4,maxram=16384/nginx/n=680,15967,14969,997,15548,836,16384,17068,0.79,0.79,31922
1781298301,2515.4,maxram=16384/nginx/n=680,15967,15050,917,15548,836,16384,17154,0.64,0.64,31841
1781298303,2517.4,maxram=16384/nginx/n=690,15967,15096,871,15548,836,16384,17227,0.53,0.53,31934
1781298305,2519.4,maxram=16384/nginx/n=690,15967,15179,788,15548,836,16384,17320,0.43,0.43,31628
1781298307,2521.5,maxram=16384/nginx/n=690,15967,15309,658,15548,836,16384,17417,0.35,0.35,32672
1781298309,2523.5,maxram=16384/nginx/n=700,15967,15343,624,15548,836,16384,17482,0.29,0.29,32152
1781298311,2525.6,maxram=16384/nginx/n=700,15967,15237,729,15548,836,16384,17504,0.60,0.60,31438
1781298313,2527.6,maxram=16384/nginx/n=700,15967,15336,631,15548,836,16384,17533,2.30,2.30,32108
1781298315,2529.6,maxram=16384/nginx/n=710,15967,14875,1092,16068,316,16384,17542,1.88,1.88,32012
1781298317,2531.7,maxram=16384/nginx/n=710,15967,14993,974,16068,316,16384,17606,1.54,1.54,31482
1781298319,2533.7,maxram=16384/nginx/n=720,15967,15047,920,16068,316,16384,17695,1.26,1.26,32073
1781298321,2535.7,maxram=16384/nginx/n=720,15967,15109,858,16068,316,16384,17743,1.03,1.03,31651
1781298323,2537.7,maxram=16384/nginx/n=720,15967,15223,744,16068,316,16384,17836,0.84,0.84,31861
1781298325,2539.8,maxram=16384/nginx/n=720,15967,15195,772,16068,316,16384,17842,0.69,0.69,31509
1781298327,2541.8,maxram=16384/nginx/n=720,15967,15215,752,16068,316,16384,17861,0.56,0.56,32221
1781298329,2543.9,maxram=16384/nginx/n=730,15967,15261,705,16068,316,16384,17918,0.46,0.46,31869
1781298331,2545.9,maxram=16384/nginx/n=730,15967,15367,600,16068,316,16384,18000,0.37,0.37,31802
1781298333,2547.9,maxram=16384/nginx/n=730,15967,15343,624,16068,316,16384,18044,0.67,0.67,32059
1781298335,2550.0,maxram=16384/nginx/n=740,15967,15377,590,16068,316,16384,18051,0.55,0.55,32034
1781298337,2552.0,maxram=16384/nginx/n=740,15967,15348,619,16068,316,16384,18053,2.26,2.26,31483
1781298339,2554.0,maxram=16384/nginx/n=740,15967,15393,574,16068,316,16384,18056,1.85,1.85,31984
1781298341,2556.1,maxram=16384/nginx/n=750,15967,15299,668,16068,316,16384,18056,1.88,1.88,31765
1781298343,2558.1,maxram=16384/nginx/n=750,15967,15429,537,16068,316,16384,18057,3.17,3.17,31900
1781298345,2560.1,maxram=16384/nginx/n=760,15967,15433,534,16068,316,16384,18058,3.50,3.50,31874
1781298347,2562.2,maxram=16384/nginx/n=760,15967,15404,563,16068,316,16384,18058,7.03,7.03,31782
1781298349,2564.2,maxram=16384/nginx/n=760,15967,15472,495,16068,316,16384,18058,5.75,5.75,31502
1781298351,2566.2,maxram=16384/nginx/n=770,15967,15417,550,16068,316,16384,18058,5.07,5.07,31041
1781298354,2568.2,maxram=16384/nginx/n=770,15967,15519,448,16068,316,16384,18058,6.15,6.15,30868
1781298356,2570.3,maxram=16384/nginx/n=770,15967,15322,644,16384,0,16384,18079,11.19,11.19,31213
1781298358,2572.3,maxram=16384/nginx/n=770,15967,15298,669,16384,0,16384,18082,12.61,12.61,31491
1781298360,2574.5,maxram=16384/nginx/n=770,15967,15377,590,16384,0,16384,18125,10.32,10.32,31250
1781298362,2576.5,maxram=16384/nginx/n=780,15967,15400,567,16384,0,16384,18156,8.45,8.45,31087
1781298364,2578.6,maxram=16384/nginx/n=780,15967,15435,532,16384,0,16384,18165,6.92,6.92,30357
1781298366,2580.6,maxram=16384/nginx/n=780,15967,15550,417,16384,0,16384,18229,5.66,5.66,31043
1781298368,2582.6,maxram=16384/nginx/n=790,15967,15577,390,16384,0,16384,18283,4.64,4.64,31283
1781298370,2584.7,maxram=16384/nginx/n=790,15967,15600,366,16384,0,16384,18326,3.98,3.98,31213
1781298372,2586.7,maxram=16384/nginx/n=790,15967,15575,392,16384,0,16384,18356,8.87,8.87,30279
1781298374,2588.7,maxram=16384/nginx/n=800,15967,15631,336,16384,0,16384,18357,7.63,7.63,31052
1781298376,2590.7,maxram=16384/nginx/n=800,15967,15668,298,16384,0,16384,18357,8.24,8.24,30874
1781298378,2592.8,maxram=16384/nginx/n=800,15967,15739,228,16384,0,16384,18355,14.53,14.53,30690
1781298380,2594.8,maxram=16384/nginx/n=800,15967,15752,215,16384,0,16384,18355,16.79,16.61,30155
1781298382,2596.9,maxram=16384/nginx/n=800,15967,15751,216,16384,0,16384,18355,19.36,19.22,30467
1781298384,2599.0,maxram=16384/nginx/n=800,15967,15755,212,16384,0,16384,18355,28.54,28.23,30758
1781298386,2601.0,maxram=16384/nginx/n=810,15967,15759,208,16384,0,16384,18353,38.22,37.61,30991
1781298388,2603.1,maxram=16384/nginx/n=810,15967,15743,224,16384,0,16384,18353,40.17,39.67,31371
1781298390,2605.1,maxram=16384/nginx/n=810,15967,15759,208,16384,0,16384,18355,38.33,37.92,31027
1781298392,2607.1,maxram=16384/nginx/n=810,15967,15767,200,16384,0,16384,18355,38.63,38.30,31309
1781298394,2609.2,maxram=16384/nginx/n=810,15967,15769,198,16384,0,16384,18355,44.68,44.40,30935
1781298396,2611.2,maxram=16384/nginx/n=810,15967,15769,198,16384,0,16384,18354,46.73,46.50,31215
1781298399,2613.3,maxram=16384/nginx/n=810,15967,15766,201,16384,0,16384,18354,50.76,50.58,31242
1781298401,2615.3,maxram=16384/nginx/n=810,15967,15770,197,16384,0,16384,18354,50.08,49.93,31121
1781298403,2617.3,maxram=16384/nginx/n=810,15967,15764,203,16384,0,16384,18354,48.61,48.49,30982
1781298405,2619.4,maxram=16384/nginx/n=810,15967,15763,203,16384,0,16384,18354,51.22,51.12,31071
1781298407,2621.7,maxram=16384/nginx/n=810,15967,15762,204,16384,0,16384,18354,53.33,53.27,31044
1781298409,2623.7,maxram=16384/nginx/n=810,15967,15766,201,16384,0,16384,18354,52.91,52.86,30587
1781298411,2625.9,maxram=16384/nginx/n=810,15967,15770,196,16384,0,16384,18354,52.74,52.70,30817
1781298413,2627.9,maxram=16384/nginx/n=810,15967,15777,190,16384,0,16384,18354,52.79,52.75,30815
1781298415,2630.0,maxram=16384/nginx/n=810,15967,15780,187,16384,0,16384,18354,57.36,57.33,31179
1781298417,2632.0,maxram=16384/nginx/n=810,15967,15783,184,16384,0,16384,18354,58.92,58.72,31130
1781298419,2634.1,maxram=16384/nginx/n=810,15967,15781,186,16384,0,16384,18354,58.03,57.86,31098
1781298421,2636.1,maxram=16384/nginx/n=810,15967,15784,183,16384,0,16384,18354,57.84,57.70,30705
1781298423,2638.2,maxram=16384/nginx/n=810,15967,15783,183,16384,0,16384,18355,57.33,57.03,30072
1781298425,2640.2,maxram=16384/nginx/n=810,15967,15777,190,16384,0,16384,18355,59.26,58.84,29859
1781298428,2642.3,maxram=16384/nginx/n=810,15967,15780,187,16384,0,16384,18355,55.95,55.60,29948
1781298430,2644.3,maxram=16384/nginx/n=810,15967,15782,185,16384,0,16384,18355,56.68,56.22,30241
1781298432,2646.3,maxram=16384/nginx/n=810,15967,15780,186,16384,0,16384,18361,55.29,54.73,29998
1781298434,2648.5,maxram=16384/nginx/n=810,15967,15783,184,16384,0,16384,18361,55.24,54.78,29257
1781298436,2650.5,maxram=16384/nginx/n=810,15967,15783,183,16384,0,16384,18361,57.19,56.81,29537
1781298438,2652.6,maxram=16384/nginx/n=810,15967,15781,186,16384,0,16384,18361,60.96,60.65,29296
1781298440,2654.7,maxram=16384/nginx/n=810,15967,15787,180,16384,0,16384,18361,63.14,62.88,28696
1781298442,2656.8,maxram=16384/nginx/n=810,15967,15787,180,16384,0,16384,18361,64.74,64.54,29087
1781298444,2659.0,maxram=16384/nginx/n=810,15967,15786,181,16384,0,16384,18361,65.15,64.98,29708
1781298446,2661.0,maxram=16384/nginx/n=810,15967,15785,181,16384,0,16384,18361,67.84,67.52,31108
1781298448,2663.0,maxram=16384/nginx/n=810,15967,15789,178,16384,0,16384,18361,64.79,64.35,30915
1781298450,2665.2,maxram=16384/nginx/n=810,15967,15790,177,16384,0,16384,18361,64.46,63.92,30736
1781298453,2668.0,maxram=16384/nginx/n=810,15967,15788,178,16384,0,16384,18361,57.87,57.32,30931
1781298455,2670.2,maxram=16384/nginx/n=810,15967,15790,177,16384,0,16384,18361,57.53,57.08,31136
1781298458,2672.2,maxram=16384/nginx/n=810,15967,15792,175,16384,0,16384,18361,59.06,58.70,30966
1781298460,2674.3,maxram=16384/nginx/n=810,15967,15787,180,16384,0,16384,18361,61.22,60.92,30445
1781298462,2676.3,maxram=16384/nginx/n=810,15967,15786,181,16384,0,16384,18361,61.73,61.48,30516
1781298464,2678.4,maxram=16384/nginx/n=810,15967,15789,178,16384,0,16384,18361,62.68,62.30,30898
1781298466,2680.5,maxram=16384/nginx/n=810,15967,15784,183,16384,0,16384,18361,63.64,63.15,30526
1781298468,2682.5,maxram=16384/nginx/n=810,15967,15786,181,16384,0,16384,18361,67.87,67.29,30560
1781298470,2684.6,maxram=16384/nginx/n=810,15967,15786,181,16384,0,16384,18361,72.24,71.58,30894
1781298472,2686.6,maxram=16384/nginx/n=810,15967,15775,192,16384,0,16384,18361,70.93,70.39,30527
1781298474,2689.1,maxram=16384/nginx/n=810,15967,15788,179,16384,0,16384,18361,74.93,74.48,30571
1781298477,2691.3,maxram=16384/nginx/n=810,15967,15791,176,16384,0,16384,18361,79.11,78.38,30620
1781298479,2694.0,maxram=16384/nginx/n=810,15967,15793,174,16384,0,16384,18361,85.33,83.64,30943
1781298482,2696.9,maxram=16384/nginx/n=810,15967,15795,172,16384,0,16384,18361,87.81,86.06,30601
1781298486,2700.4,maxram=16384/nginx/n=810,15967,15795,172,16384,0,16384,18362,91.49,89.30,30902
1781298491,2705.4,maxram=16384/nginx/n=810,15967,15797,170,16384,0,16384,18362,93.97,91.66,30476
1781298493,2707.8,maxram=16384/nginx/n=810,15967,15796,171,16384,0,16384,18362,95.62,93.60,30707
1781298496,2710.9,maxram=16384/nginx/n=810,15967,15795,171,16384,0,16384,18362,96.23,94.03,31119
1781298500,2714.4,maxram=16384/nginx/n=810,15967,15795,172,16384,0,16384,18362,97.14,95.04,30925
1781298503,2717.6,maxram=16384/nginx/n=810,15967,15795,172,16384,0,16384,18362,97.48,95.21,31207
1781298506,2720.6,maxram=16384/nginx/n=810,15967,15795,172,16384,0,16384,18362,97.98,95.65,30977
1781298509,2724.0,maxram=16384/nginx/n=810,15967,15796,171,16384,0,16384,18362,98.31,95.91,30508
1781298512,2726.8,maxram=16384/nginx/n=810,15967,15793,174,16384,0,16384,18362,98.44,95.93,30698
1781298516,2730.9,maxram=16384/nginx/n=810,15967,15797,170,16384,0,16384,18362,98.62,95.77,30144
1781298519,2734.2,maxram=16384/nginx/n=810,15967,15794,173,16384,0,16384,18362,98.75,95.99,30632
1781298524,2738.9,maxram=16384/nginx/n=810,15967,15796,171,16384,0,16384,18362,98.83,96.29,30800
1781298527,2741.7,maxram=16384/nginx/n=810,15967,15792,175,16384,0,16384,18362,98.86,96.06,30816
1781298530,2744.9,maxram=16384/nginx/n=810,15967,15794,173,16384,0,16384,18362,98.90,96.18,31110
1781298532,2747.1,maxram=16384/nginx/n=810,15967,15795,172,16384,0,16384,18362,98.92,96.33,30779
1781298535,2749.6,maxram=16384/nginx/n=810,15967,15795,172,16384,0,16384,18362,98.93,96.45,31160
1781298541,2755.5,maxram=16384/nginx/n=810,15967,15796,171,16384,0,16384,18362,98.96,96.25,30937
1781298544,2758.5,maxram=16384/nginx/n=810,15967,15794,173,16384,0,16384,18362,98.97,95.62,30263
1781298547,2761.4,maxram=16384/nginx/n=810,15967,15796,171,16384,0,16384,18362,98.98,95.51,30632
1781298551,2765.4,maxram=16384/nginx/n=810,15967,15794,173,16384,0,16384,18362,98.98,95.85,30472
1781298553,2767.5,maxram=16384/nginx/n=810,15967,15795,172,16384,0,16384,18362,98.99,96.06,30596
1781298555,2770.1,maxram=16384/nginx/n=810,15967,15794,173,16384,0,16384,18362,98.99,95.92,30160
1781298557,2772.2,maxram=16384/nginx/n=810,15967,15794,172,16384,0,16384,18362,98.99,96.30,29985
1781298561,2775.5,maxram=16384/nginx/n=810,15967,15796,171,16384,0,16384,18362,98.99,96.60,30566
1781298563,2778.1,maxram=16384/nginx/n=810,15967,15796,171,16384,0,16384,18362,98.99,96.73,29889
1781298569,2783.9,maxram=16384/nginx/n=810,15967,15797,170,16384,0,16384,18362,98.99,96.67,31708
1781298573,2787.8,maxram=16384/nginx/n=810,15967,15797,170,16384,0,16384,18362,99.00,96.37,30575
1781298578,2792.7,maxram=16384/nginx/n=810,15967,15796,170,16384,0,16384,18362,99.00,95.84,31476
1781298586,2801.2,maxram=32768/idle,32039,353,31686,32768,0,32768,2801,0.00,0.00,38712
1781298589,2803.3,maxram=32768/idle,32039,760,31279,32768,0,32768,3389,0.00,0.00,38301
1781298591,2805.4,maxram=32768/idle,32039,829,31210,32768,0,32768,3527,0.00,0.00,38193
1781298593,2807.4,maxram=32768/idle,32039,829,31210,32768,0,32768,3530,0.00,0.00,38473
1781298595,2809.4,maxram=32768/idle,32039,828,31211,32768,0,32768,3534,0.00,0.00,38125
1781298597,2811.5,maxram=32768/idle,32039,827,31212,32768,0,32768,3538,0.00,0.00,37312
1781298599,2813.5,maxram=32768/idle,32039,831,31208,32768,0,32768,3546,0.00,0.00,37735
1781298601,2815.5,maxram=32768/idle,32039,824,31215,32768,0,32768,3548,0.00,0.00,38012
1781298603,2817.6,maxram=32768/idle,32039,819,31220,32768,0,32768,3550,0.00,0.00,37994
1781298605,2819.6,maxram=32768/idle,32039,817,31222,32768,0,32768,3554,0.00,0.00,37978
1781298607,2821.6,maxram=32768/idle,32039,814,31224,32768,0,32768,3555,0.00,0.00,37962
1781298609,2823.8,maxram=32768/idle,32039,802,31236,32768,0,32768,3555,0.00,0.00,37974
1781298611,2825.9,maxram=32768/idle,32039,808,31231,32768,0,32768,3556,0.00,0.00,37133
1781298613,2827.9,maxram=32768/idle,32039,810,31229,32768,0,32768,3558,0.00,0.00,36857
1781298615,2830.0,maxram=32768/idle,32039,1065,30974,32768,0,32768,3827,0.00,0.00,36628
1781298617,2832.0,maxram=32768/idle,32039,1077,30962,32768,0,32768,3837,0.00,0.00,36838
1781298619,2834.0,maxram=32768/idle,32039,1060,30978,32768,0,32768,3841,0.00,0.00,36803
1781298621,2836.1,maxram=32768/idle,32039,1057,30982,32768,0,32768,3841,0.00,0.00,36819
1781298623,2838.1,maxram=32768/idle,32039,1061,30978,32768,0,32768,3842,0.00,0.00,36810
1781298625,2840.1,maxram=32768/idle,32039,1054,30984,32768,0,32768,3844,0.00,0.00,36421
1781298627,2842.2,maxram=32768/idle,32039,1042,30997,32768,0,32768,3844,0.00,0.00,36457
1781298629,2844.2,maxram=32768/idle,32039,1030,31009,32768,0,32768,3846,0.00,0.00,36456
1781298632,2846.4,maxram=32768/idle,32039,8747,23292,3079,29689,32768,3848,0.00,0.00,35917
1781298634,2848.5,maxram=32768/idle,32039,30737,1302,3079,29689,32768,3850,0.00,0.00,36094
1781298636,2850.5,maxram=32768/idle,32039,30725,1313,3079,29689,32768,3851,0.00,0.00,36236
1781298638,2852.6,maxram=32768/idle,32039,30712,1326,3079,29689,32768,3851,0.00,0.00,36358
1781298640,2854.6,maxram=32768/idle,32039,30709,1330,3079,29689,32768,3851,0.00,0.00,36106
1781298642,2856.6,maxram=32768/idle,32039,30698,1340,3079,29689,32768,3851,0.00,0.00,36587
1781298644,2858.7,maxram=32768/idle,32039,30690,1349,3079,29689,32768,3851,0.00,0.00,36592
1781298646,2860.7,maxram=32768/idle,32039,30685,1354,3079,29689,32768,3851,0.00,0.00,36633
1781298648,2862.7,maxram=32768/idle,32039,30680,1359,3079,29689,32768,3852,0.00,0.00,36654
1781298650,2864.8,maxram=32768/idle,32039,30663,1376,3079,29689,32768,3852,0.00,0.00,36438
1781298652,2866.8,maxram=32768/idle,32039,30660,1378,3079,29689,32768,3852,0.00,0.00,36626
1781298654,2869.0,maxram=32768/idle,32039,30660,1379,3079,29689,32768,3852,0.00,0.00,36760
1781298657,2871.3,maxram=32768/idle,32039,30657,1382,3079,29689,32768,3852,0.00,0.00,36668
1781298659,2873.3,maxram=32768/idle,32039,30651,1388,3079,29689,32768,3852,0.00,0.00,36700
1781298661,2875.4,maxram=32768/idle,32039,30649,1390,3079,29689,32768,3852,0.00,0.00,36709
1781298663,2877.4,maxram=32768/idle,32039,30625,1414,3079,29689,32768,3852,0.00,0.00,36668
1781298665,2879.4,maxram=32768/idle,32039,30621,1418,3079,29689,32768,3852,0.00,0.00,36252
1781298667,2881.5,maxram=32768/idle,32039,30607,1432,3079,29689,32768,3852,0.00,0.00,36700
1781298669,2883.5,maxram=32768/idle,32039,30608,1431,3079,29689,32768,3852,0.00,0.00,36461
1781298671,2885.5,maxram=32768/idle,32039,30603,1436,3079,29689,32768,3852,0.00,0.00,35870
1781298673,2887.6,maxram=32768/idle,32039,30595,1444,3079,29689,32768,3852,0.00,0.00,35798
1781298675,2889.6,maxram=32768/idle,32039,30586,1453,3079,29689,32768,3852,0.00,0.00,36065
1781298677,2891.6,maxram=32768/idle,32039,30568,1471,3079,29689,32768,3852,0.00,0.00,36382
1781298679,2893.7,maxram=32768/idle,32039,30557,1482,3079,29689,32768,3852,0.00,0.00,36390
1781298681,2895.7,maxram=32768/idle,32039,298,31741,32768,0,32768,2783,0.00,0.00,37371
