ts_unix,elapsed_s,phase,guest_total_mib,guest_used_mib,guest_avail_mib,balloon_target_mib,balloon_held_mib,max_mib,host_fp_mib,psi_some,psi_full,host_free_mib
1781298727,0.0,maxram=32768/idle,32039,10598,21441,2943,29825,32768,3750,0.00,0.00,36073
1781298729,2.1,maxram=32768/idle,32039,368,31671,32768,0,32768,2838,0.00,0.00,36954
1781298731,4.2,maxram=32768/idle,32039,798,31240,32768,0,32768,3472,0.00,0.00,36036
1781298733,6.3,maxram=32768/idle,32039,812,31227,32768,0,32768,3488,0.00,0.00,35809
1781298735,8.4,maxram=32768/idle,32039,810,31228,32768,0,32768,3489,0.00,0.00,35368
1781298738,10.5,maxram=32768/idle,32039,807,31232,32768,0,32768,3489,0.00,0.00,35587
1781298740,12.5,maxram=32768/idle,32039,809,31230,32768,0,32768,3492,0.00,0.00,35469
1781298742,14.6,maxram=32768/idle,32039,793,31246,32768,0,32768,3518,0.00,0.00,35668
1781298744,16.6,maxram=32768/idle,32039,927,31112,32768,0,32768,3714,0.00,0.00,35572
1781298746,18.6,maxram=32768/idle,32039,966,31073,32768,0,32768,3760,0.00,0.00,35343
1781298748,20.7,maxram=32768/idle,32039,979,31060,32768,0,32768,3795,0.00,0.00,35721
1781298750,22.7,maxram=32768/idle,32039,996,31042,32768,0,32768,3828,0.00,0.00,35703
1781298752,24.7,maxram=32768/idle,32039,997,31042,32768,0,32768,3832,0.00,0.00,35517
1781298754,26.8,maxram=32768/idle,32039,990,31049,32768,0,32768,3841,0.00,0.00,35307
1781298756,28.8,maxram=32768/idle,32039,993,31046,32768,0,32768,3845,0.00,0.00,33969
1781298758,30.8,maxram=32768/idle,32039,957,31082,32768,0,32768,3851,0.00,0.00,34207
1781298760,32.9,maxram=32768/idle,32039,956,31083,32768,0,32768,3855,0.00,0.00,33552
1781298762,35.2,maxram=32768/idle,32039,957,31082,32768,0,32768,3856,0.00,0.00,35092
1781298764,37.3,maxram=32768/idle,32039,950,31089,32768,0,32768,3859,0.00,0.00,35134
1781298766,39.3,maxram=32768/idle,32039,948,31090,32768,0,32768,3862,0.00,0.00,35300
1781298768,41.3,maxram=32768/idle,32039,943,31096,32768,0,32768,3863,0.00,0.00,35079
1781298770,43.4,maxram=32768/idle,32039,940,31098,32768,0,32768,3867,0.00,0.00,34890
1781298772,45.4,maxram=32768/idle,32039,936,31103,32768,0,32768,3868,0.00,0.00,34661
1781298775,47.4,maxram=32768/idle,32039,938,31101,32768,0,32768,3870,0.00,0.00,34648
1781298777,49.5,maxram=32768/idle,32039,30732,1306,2988,29780,32768,3871,0.00,0.00,34994
1781298779,51.5,maxram=32768/idle,32039,30718,1320,2988,29780,32768,3878,0.00,0.00,34865
1781298781,53.5,maxram=32768/idle,32039,30720,1319,2988,29780,32768,3879,0.00,0.00,34230
1781298783,55.6,maxram=32768/idle,32039,30717,1322,2988,29780,32768,3886,0.00,0.00,34358
1781298785,58.2,maxram=32768/idle,32039,30716,1323,2988,29780,32768,3886,0.00,0.00,34141
1781298787,60.2,maxram=32768/idle,32039,30710,1329,2988,29780,32768,3886,0.00,0.00,35030
1781298789,62.3,maxram=32768/idle,32039,30710,1328,2988,29780,32768,3886,0.00,0.00,35050
1781298791,64.3,maxram=32768/idle,32039,30754,1285,2988,29780,32768,3929,0.00,0.00,34271
1781298793,66.3,maxram=32768/idle,32039,30803,1236,2988,29780,32768,3976,0.00,0.00,34341
1781298795,68.4,maxram=32768/idle/n=10,32039,30872,1167,2988,29780,32768,4033,0.00,0.00,34508
1781298797,70.4,maxram=32768/idle/n=10,32039,30905,1134,2988,29780,32768,4076,0.00,0.00,34882
1781298800,72.4,maxram=32768/idle/n=20,32039,30944,1095,2988,29780,32768,4104,0.00,0.00,34405
1781298802,74.5,maxram=32768/idle/n=20,32039,30975,1064,2988,29780,32768,4139,0.00,0.00,34270
1781298804,76.5,maxram=32768/idle/n=20,32039,31001,1038,2988,29780,32768,4186,0.00,0.00,34363
1781298806,78.5,maxram=32768/idle/n=30,32039,31059,980,2988,29780,32768,4222,0.00,0.00,34605
1781298808,80.6,maxram=32768/idle/n=30,32039,31083,956,2988,29780,32768,4254,0.00,0.00,34677
1781298810,82.6,maxram=32768/idle/n=40,32039,31101,938,2988,29780,32768,4274,0.00,0.00,34359
1781298812,84.6,maxram=32768/idle/n=40,32039,31101,938,2988,29780,32768,4274,0.00,0.00,34579
1781298814,86.7,maxram=32768/idle/n=40,32039,31111,928,2988,29780,32768,4292,0.00,0.00,34530
1781298816,88.7,maxram=32768/idle/n=40,32039,31150,889,2988,29780,32768,4326,0.00,0.00,34730
1781298818,90.8,maxram=32768/idle/n=50,32039,31188,851,2988,29780,32768,4367,0.00,0.00,34752
1781298820,92.8,maxram=32768/idle/n=50,32039,31223,816,2988,29780,32768,4397,0.00,0.00,34465
1781298822,94.8,maxram=32768/idle/n=60,32039,30720,1319,3510,29258,32768,4424,0.00,0.00,34366
1781298824,96.9,maxram=32768/idle/n=60,32039,30761,1278,3510,29258,32768,4463,0.00,0.00,34282
1781298826,98.9,maxram=32768/idle/n=60,32039,30798,1241,3510,29258,32768,4505,0.00,0.00,34292
1781298828,100.9,maxram=32768/idle/n=70,32039,30834,1205,3510,29258,32768,4543,0.00,0.00,34604
1781298830,103.0,maxram=32768/idle/n=70,32039,30872,1167,3510,29258,32768,4576,0.00,0.00,35539
1781298832,105.0,maxram=32768/idle/n=80,32039,30912,1127,3510,29258,32768,4611,0.00,0.00,34694
1781298834,107.0,maxram=32768/idle/n=80,32039,30929,1109,3510,29258,32768,4640,0.00,0.00,35115
1781298836,109.1,maxram=32768/idle/n=80,32039,30950,1089,3510,29258,32768,4666,0.00,0.00,35111
1781298838,111.1,maxram=32768/idle/n=90,32039,30992,1047,3510,29258,32768,4703,0.00,0.00,35060
1781298840,113.3,maxram=32768/idle/n=90,32039,30983,1056,3510,29258,32768,4703,0.00,0.00,34689
1781298843,115.5,maxram=32768/idle/n=90,32039,30994,1045,3510,29258,32768,4714,0.00,0.00,34754
1781298845,117.6,maxram=32768/idle/n=90,32039,31031,1008,3510,29258,32768,4744,0.00,0.00,34064
1781298847,119.6,maxram=32768/idle/n=100,32039,31056,983,3510,29258,32768,4771,0.00,0.00,35153
1781298849,121.6,maxram=32768/idle/n=100,32039,31115,924,3510,29258,32768,4833,0.00,0.00,35107
1781298851,123.7,maxram=32768/idle/n=110,32039,31169,870,3510,29258,32768,4868,0.00,0.00,34359
1781298853,125.7,maxram=32768/idle/n=110,32039,31187,852,3510,29258,32768,4906,0.00,0.00,34559
1781298855,127.7,maxram=32768/idle/n=120,32039,31244,795,3510,29258,32768,4946,0.00,0.00,34791
1781298857,129.8,maxram=32768/idle/n=120,32039,30725,1314,4034,28734,32768,4983,0.00,0.00,34870
1781298859,131.8,maxram=32768/idle/n=120,32039,30752,1287,4034,28734,32768,4999,0.00,0.00,34822
1781298861,133.8,maxram=32768/idle/n=130,32039,30783,1256,4034,28734,32768,5034,0.00,0.00,34431
1781298863,135.9,maxram=32768/idle/n=130,32039,30834,1205,4034,28734,32768,5074,0.00,0.00,34487
1781298865,137.9,maxram=32768/idle/n=140,32039,30867,1172,4034,28734,32768,5140,0.00,0.00,34478
1781298867,139.9,maxram=32768/idle/n=140,32039,30881,1158,4034,28734,32768,5151,0.00,0.00,34332
1781298869,142.2,maxram=32768/idle/n=140,32039,30879,1160,4034,28734,32768,5151,0.00,0.00,34504
1781298871,144.3,maxram=32768/idle/n=140,32039,30910,1128,4034,28734,32768,5175,0.00,0.00,34491
1781298873,146.3,maxram=32768/idle/n=150,32039,30932,1106,4034,28734,32768,5212,0.00,0.00,34456
1781298875,148.3,maxram=32768/idle/n=150,32039,30982,1056,4034,28734,32768,5244,0.00,0.00,34817
1781298877,150.4,maxram=32768/idle/n=150,32039,31019,1020,4034,28734,32768,5277,0.00,0.00,34537
1781298879,152.4,maxram=32768/idle/n=160,32039,31047,991,4034,28734,32768,5314,0.00,0.00,34837
1781298882,154.4,maxram=32768/idle/n=160,32039,31069,970,4034,28734,32768,5342,0.00,0.00,34470
1781298884,156.5,maxram=32768/idle/n=170,32039,31115,924,4034,28734,32768,5383,0.00,0.00,34023
1781298886,158.5,maxram=32768/idle/n=170,32039,31141,898,4034,28734,32768,5408,0.00,0.00,34797
1781298888,160.5,maxram=32768/idle/n=180,32039,31184,855,4034,28734,32768,5444,0.00,0.00,34828
1781298890,162.6,maxram=32768/idle/n=180,32039,30730,1309,4554,28214,32768,5503,0.00,0.00,34476
1781298892,164.6,maxram=32768/idle/n=180,32039,30748,1291,4554,28214,32768,5558,0.00,0.00,34437
1781298894,166.6,maxram=32768/idle/n=190,32039,30785,1253,4554,28214,32768,5634,0.00,0.00,34671
1781298896,168.7,maxram=32768/idle/n=190,32039,30777,1262,4554,28214,32768,5637,0.00,0.00,33648
1781298898,170.8,maxram=32768/idle/n=190,32039,30774,1265,4554,28214,32768,5653,0.00,0.00,34540
1781298900,172.8,maxram=32768/idle/n=190,32039,30830,1208,4554,28214,32768,5696,0.00,0.00,34694
1781298902,174.9,maxram=32768/idle/n=200,32039,30843,1196,4554,28214,32768,5729,0.00,0.00,34294
1781298904,176.9,maxram=32768/idle/n=200,32039,30864,1174,4554,28214,32768,5773,0.00,0.00,33842
1781298906,178.9,maxram=32768/idle/n=210,32039,30869,1170,4554,28214,32768,5799,0.00,0.00,34739
1781298908,181.0,maxram=32768/idle/n=210,32039,30908,1131,4554,28214,32768,5835,0.00,0.00,34388
1781298910,183.0,maxram=32768/idle/n=210,32039,30944,1094,4554,28214,32768,5871,0.00,0.00,34622
1781298912,185.0,maxram=32768/idle/n=220,32039,30946,1093,4554,28214,32768,5891,0.00,0.00,33746
1781298914,187.1,maxram=32768/idle/n=220,32039,31023,1016,4554,28214,32768,5903,0.00,0.00,34036
1781298916,189.1,maxram=32768/idle/n=230,32039,31067,972,4554,28214,32768,5915,0.00,0.00,34529
1781298918,191.1,maxram=32768/idle/n=230,32039,31125,914,4554,28214,32768,5924,0.00,0.00,34541
1781298920,193.1,maxram=32768/idle/n=240,32039,31170,869,4554,28214,32768,5961,0.00,0.00,34194
1781298922,195.2,maxram=32768/idle/n=240,32039,31186,853,4554,28214,32768,5978,0.00,0.00,33886
1781298924,197.4,maxram=32768/idle/n=240,32039,31170,869,4554,28214,32768,5981,0.00,0.00,34203
1781298927,199.5,maxram=32768/idle/n=240,32039,31195,843,4554,28214,32768,6000,0.00,0.00,33627
1781298929,201.5,maxram=32768/idle/n=250,32039,31215,824,4554,28214,32768,6011,0.00,0.00,33880
1781298931,203.6,maxram=32768/idle/n=250,32039,30729,1309,5087,27681,32768,6049,0.00,0.00,34483
1781298933,205.6,maxram=32768/idle/n=250,32039,30760,1278,5087,27681,32768,6084,0.00,0.00,34419
1781298935,207.6,maxram=32768/idle/n=260,32039,30798,1241,5087,27681,32768,6149,0.00,0.00,34101
1781298937,209.6,maxram=32768/idle/n=260,32039,30812,1226,5087,27681,32768,6183,0.00,0.00,34088
1781298939,211.7,maxram=32768/idle/n=270,32039,30832,1206,5087,27681,32768,6228,0.00,0.00,34321
1781298941,213.7,maxram=32768/idle/n=270,32039,30862,1177,5087,27681,32768,6260,0.00,0.00,34001
1781298943,215.7,maxram=32768/idle/n=270,32039,30887,1152,5087,27681,32768,6293,0.00,0.00,34284
1781298945,217.8,maxram=32768/idle/n=280,32039,30890,1148,5087,27681,32768,6316,0.00,0.00,33604
1781298947,219.8,maxram=32768/idle/n=280,32039,30939,1099,5087,27681,32768,6352,0.00,0.00,33304
1781298949,221.8,maxram=32768/idle/n=290,32039,30955,1084,5087,27681,32768,6373,0.00,0.00,33828
1781298951,223.9,maxram=32768/idle/n=290,32039,30982,1057,5087,27681,32768,6400,0.00,0.00,34286
1781298953,226.0,maxram=32768/idle/n=290,32039,31003,1035,5087,27681,32768,6419,0.00,0.00,34147
1781298955,228.1,maxram=32768/idle/n=290,32039,31034,1005,5087,27681,32768,6460,0.00,0.00,34043
1781298957,230.1,maxram=32768/idle/n=290,32039,31041,998,5087,27681,32768,6478,0.00,0.00,33998
1781298959,232.1,maxram=32768/idle/n=300,32039,31079,960,5087,27681,32768,6510,0.00,0.00,34091
1781298961,234.1,maxram=32768/idle/n=300,32039,31082,957,5087,27681,32768,6521,0.00,0.00,34397
1781298963,236.2,maxram=32768/idle/n=300,32039,31093,945,5087,27681,32768,6542,0.00,0.00,34368
1781298965,238.2,maxram=32768/idle/n=310,32039,31107,932,5087,27681,32768,6566,0.00,0.00,33986
1781298967,240.3,maxram=32768/idle/n=310,32039,31174,865,5087,27681,32768,6580,0.00,0.00,34138
1781298969,242.3,maxram=32768/idle/n=310,32039,31248,791,5087,27681,32768,6622,0.00,0.00,34349
1781298971,244.3,maxram=32768/idle/n=320,32039,30751,1288,5616,27152,32768,6647,0.00,0.00,33262
1781298973,246.3,maxram=32768/idle/n=320,32039,30772,1267,5616,27152,32768,6667,0.00,0.00,33725
1781298975,248.4,maxram=32768/idle/n=320,32039,30816,1222,5616,27152,32768,6726,0.00,0.00,34255
1781298977,250.4,maxram=32768/idle/n=330,32039,30817,1222,5616,27152,32768,6762,0.00,0.00,34104
1781298980,252.4,maxram=32768/idle/n=330,32039,30842,1197,5616,27152,32768,6783,0.00,0.00,33886
1781298982,254.5,maxram=32768/idle/n=330,32039,30828,1211,5616,27152,32768,6784,0.00,0.00,33666
1781298984,256.8,maxram=32768/idle/n=330,32039,30834,1204,5616,27152,32768,6789,0.00,0.00,34223
1781298986,258.9,maxram=32768/idle/n=340,32039,30885,1154,5616,27152,32768,6832,0.00,0.00,33882
1781298988,260.9,maxram=32768/idle/n=340,32039,30909,1130,5616,27152,32768,6862,0.00,0.00,34156
1781298990,262.9,maxram=32768/idle/n=340,32039,30951,1088,5616,27152,32768,6897,0.00,0.00,33720
1781298992,265.0,maxram=32768/idle/n=350,32039,30976,1063,5616,27152,32768,6932,0.00,0.00,33803
1781298994,267.0,maxram=32768/idle/n=350,32039,31015,1024,5616,27152,32768,6977,0.00,0.00,33732
1781298996,269.0,maxram=32768/idle/n=350,32039,31041,998,5616,27152,32768,6998,0.00,0.00,33746
1781298998,271.1,maxram=32768/idle/n=360,32039,31099,940,5616,27152,32768,7044,0.00,0.00,33783
1781299000,273.1,maxram=32768/idle/n=360,32039,31114,925,5616,27152,32768,7074,0.00,0.00,33679
1781299002,275.1,maxram=32768/idle/n=370,32039,31132,907,5616,27152,32768,7105,0.00,0.00,33611
1781299004,277.2,maxram=32768/idle/n=370,32039,31140,899,5616,27152,32768,7124,0.00,0.00,33653
1781299006,279.2,maxram=32768/idle/n=370,32039,31186,852,5616,27152,32768,7154,0.00,0.00,33725
1781299008,281.2,maxram=32768/idle/n=380,32039,31238,801,5616,27152,32768,7173,0.00,0.00,33615
1781299010,283.3,maxram=32768/idle/n=380,32039,30730,1308,6167,26601,32768,7201,0.00,0.00,33598
1781299012,285.3,maxram=32768/idle/n=380,32039,30755,1283,6167,26601,32768,7215,0.00,0.00,34012
1781299015,287.5,maxram=32768/idle/n=380,32039,30777,1262,6167,26601,32768,7237,0.00,0.00,33982
1781299017,289.6,maxram=32768/idle/n=390,32039,30803,1236,6167,26601,32768,7269,0.00,0.00,33893
1781299019,291.6,maxram=32768/idle/n=390,32039,30829,1210,6167,26601,32768,7309,0.00,0.00,33851
1781299021,293.6,maxram=32768/idle/n=400,32039,30852,1187,6167,26601,32768,7351,0.00,0.00,33777
1781299023,295.7,maxram=32768/idle/n=400,32039,30873,1166,6167,26601,32768,7381,0.00,0.00,33756
1781299025,297.7,maxram=32768/idle/n=400,32039,30897,1141,6167,26601,32768,7420,0.00,0.00,33681
1781299027,299.7,maxram=32768/idle/n=410,32039,30979,1059,6167,26601,32768,7484,0.00,0.00,33403
1781299029,301.8,maxram=32768/idle/n=410,32039,30993,1046,6167,26601,32768,7516,0.00,0.00,33597
1781299031,303.8,maxram=32768/idle/n=420,32039,31037,1002,6167,26601,32768,7545,0.00,0.00,33360
1781299033,305.8,maxram=32768/idle/n=420,32039,31062,977,6167,26601,32768,7578,0.00,0.00,33349
1781299035,307.9,maxram=32768/idle/n=420,32039,31091,947,6167,26601,32768,7612,0.00,0.00,33663
1781299037,309.9,maxram=32768/idle/n=430,32039,31132,907,6167,26601,32768,7662,0.00,0.00,33645
1781299039,311.9,maxram=32768/idle/n=430,32039,31146,893,6167,26601,32768,7703,0.00,0.00,33665
1781299041,314.0,maxram=32768/idle/n=430,32039,31152,887,6167,26601,32768,7711,0.00,0.00,33551
1781299044,316.4,maxram=32768/idle/n=430,32039,31154,885,6167,26601,32768,7712,0.00,0.00,33552
1781299046,318.6,maxram=32768/idle/n=440,32039,31164,875,6167,26601,32768,7726,0.00,0.00,33430
1781299048,320.7,maxram=32768/idle/n=440,32039,31232,806,6167,26601,32768,7742,0.00,0.00,33444
1781299050,322.7,maxram=32768/idle/n=450,32039,30778,1261,6680,26088,32768,7786,0.00,0.00,33422
1781299052,324.7,maxram=32768/idle/n=450,32039,30828,1211,6680,26088,32768,7826,0.00,0.00,33566
1781299054,326.7,maxram=32768/idle/n=450,32039,30848,1190,6680,26088,32768,7866,0.00,0.00,33554
1781299056,328.8,maxram=32768/idle/n=460,32039,30859,1180,6680,26088,32768,7892,0.00,0.00,33535
1781299058,330.8,maxram=32768/idle/n=460,32039,30893,1145,6680,26088,32768,7962,0.00,0.00,33488
1781299060,332.8,maxram=32768/idle/n=470,32039,30943,1096,6680,26088,32768,7997,0.00,0.00,33353
1781299062,334.9,maxram=32768/idle/n=470,32039,30970,1069,6680,26088,32768,8026,0.00,0.00,33590
1781299064,336.9,maxram=32768/idle/n=470,32039,31008,1031,6680,26088,32768,8063,0.00,0.00,33248
1781299066,338.9,maxram=32768/idle/n=480,32039,31014,1025,6680,26088,32768,8098,0.00,0.00,33484
1781299068,341.0,maxram=32768/idle/n=480,32039,31065,973,6680,26088,32768,8139,0.00,0.00,33511
1781299070,343.0,maxram=32768/idle/n=480,32039,31067,972,6680,26088,32768,8150,0.00,0.00,33602
1781299072,345.3,maxram=32768/idle/n=480,32039,31077,962,6680,26088,32768,8152,0.00,0.00,33383
1781299075,347.6,maxram=32768/idle/n=490,32039,31068,971,6680,26088,32768,8173,0.00,0.00,33293
1781299077,349.7,maxram=32768/idle/n=490,32039,31114,925,6680,26088,32768,8203,0.00,0.00,34039
1781299079,351.7,maxram=32768/idle/n=490,32039,31171,868,6680,26088,32768,8232,0.00,0.00,33992
1781299081,353.7,maxram=32768/idle/n=500,32039,31209,830,6680,26088,32768,8250,0.00,0.00,33911
1781299083,355.8,maxram=32768/idle/n=500,32039,31032,1007,7216,25552,32768,8251,0.00,0.00,33633
1781299085,357.8,maxram=32768/idle/n=510,32039,30744,1295,7216,25552,32768,8277,0.00,0.00,34059
1781299087,359.8,maxram=32768/idle/n=510,32039,30811,1228,7216,25552,32768,8329,0.00,0.00,34100
1781299089,361.9,maxram=32768/idle/n=510,32039,30837,1201,7216,25552,32768,8383,0.00,0.00,34043
1781299091,363.9,maxram=32768/idle/n=520,32039,30859,1179,7216,25552,32768,8424,0.00,0.00,33251
1781299093,365.9,maxram=32768/idle/n=520,32039,30897,1142,7216,25552,32768,8470,0.00,0.00,33527
1781299095,368.0,maxram=32768/idle/n=530,32039,30917,1121,7216,25552,32768,8510,0.00,0.00,33735
1781299097,370.0,maxram=32768/idle/n=530,32039,30922,1117,7216,25552,32768,8529,0.00,0.00,33935
1781299099,372.0,maxram=32768/idle/n=530,32039,30951,1088,7216,25552,32768,8551,0.00,0.00,33931
1781299101,374.1,maxram=32768/idle/n=530,32039,30939,1100,7216,25552,32768,8552,0.00,0.00,33926
1781299103,376.4,maxram=32768/idle/n=540,32039,30974,1065,7216,25552,32768,8584,0.00,0.00,33871
1781299105,378.4,maxram=32768/idle/n=540,32039,30999,1039,7216,25552,32768,8615,0.00,0.00,33847
1781299108,380.4,maxram=32768/idle/n=540,32039,31078,961,7216,25552,32768,8676,0.00,0.00,33806
1781299110,382.5,maxram=32768/idle/n=550,32039,31098,941,7216,25552,32768,8713,0.00,0.00,33741
1781299112,384.5,maxram=32768/idle/n=550,32039,31108,930,7216,25552,32768,8744,0.00,0.00,33720
1781299114,386.5,maxram=32768/idle/n=550,32039,31121,918,7216,25552,32768,8775,0.00,0.00,33679
1781299116,388.6,maxram=32768/idle/n=560,32039,31161,877,7216,25552,32768,8779,0.00,0.00,33700
1781299118,390.6,maxram=32768/idle/n=560,32039,31199,840,7216,25552,32768,8797,0.00,0.00,32868
1781299120,392.6,maxram=32768/idle/n=570,32039,31242,797,7216,25552,32768,8799,0.00,0.00,33250
1781299122,394.7,maxram=32768/idle/n=570,32039,30755,1284,7746,25022,32768,8831,0.00,0.00,33623
1781299124,396.7,maxram=32768/idle/n=570,32039,30795,1244,7746,25022,32768,8870,0.00,0.00,33770
1781299126,398.7,maxram=32768/idle/n=580,32039,30823,1216,7746,25022,32768,8909,0.00,0.00,33724
1781299128,400.8,maxram=32768/idle/n=580,32039,30861,1177,7746,25022,32768,8947,0.00,0.00,33668
1781299130,403.0,maxram=32768/idle/n=580,32039,30827,1212,7746,25022,32768,8965,0.00,0.00,33655
1781299133,405.5,maxram=32768/idle/n=580,32039,30866,1173,7746,25022,32768,8997,0.00,0.00,33336
1781299135,407.6,maxram=32768/idle/n=590,32039,30904,1135,7746,25022,32768,9038,0.00,0.00,33511
1781299137,409.6,maxram=32768/idle/n=590,32039,30938,1101,7746,25022,32768,9072,0.00,0.00,33240
1781299139,411.6,maxram=32768/idle/n=600,32039,30975,1064,7746,25022,32768,9118,0.00,0.00,33408
1781299141,413.7,maxram=32768/idle/n=600,32039,31007,1032,7746,25022,32768,9156,0.00,0.00,33513
1781299143,415.7,maxram=32768/idle/n=600,32039,31022,1017,7746,25022,32768,9184,0.00,0.00,33558
1781299145,417.7,maxram=32768/idle/n=610,32039,31070,968,7746,25022,32768,9217,0.00,0.00,33581
1781299147,419.8,maxram=32768/idle/n=610,32039,31095,943,7746,25022,32768,9245,0.00,0.00,33603
1781299149,421.8,maxram=32768/idle/n=610,32039,31125,914,7746,25022,32768,9290,0.00,0.00,33995
1781299151,423.8,maxram=32768/idle/n=620,32039,31129,909,7746,25022,32768,9320,0.00,0.00,33167
1781299153,425.8,maxram=32768/idle/n=620,32039,31211,828,7746,25022,32768,9325,0.00,0.00,33767
1781299155,427.9,maxram=32768/idle/n=630,32039,31234,805,7746,25022,32768,9335,0.00,0.00,33562
1781299157,429.9,maxram=32768/idle/n=630,32039,30750,1288,8270,24498,32768,9367,0.00,0.00,33808
1781299159,431.9,maxram=32768/idle/n=630,32039,30774,1264,8270,24498,32768,9406,0.00,0.00,33781
1781299161,434.1,maxram=32768/idle/n=630,32039,30773,1266,8270,24498,32768,9435,0.00,0.00,33756
1781299164,436.5,maxram=32768/idle/n=630,32039,30801,1238,8270,24498,32768,9463,0.00,0.00,33764
1781299166,438.5,maxram=32768/idle/n=640,32039,30831,1207,8270,24498,32768,9499,0.00,0.00,32986
1781299168,440.6,maxram=32768/idle/n=640,32039,30840,1199,8270,24498,32768,9537,0.00,0.00,33564
1781299170,442.6,maxram=32768/idle/n=650,32039,30877,1162,8270,24498,32768,9566,0.00,0.00,33556
1781299172,444.6,maxram=32768/idle/n=650,32039,30908,1131,8270,24498,32768,9601,0.00,0.00,33706
1781299174,446.6,maxram=32768/idle/n=650,32039,30973,1066,8270,24498,32768,9658,0.00,0.00,33672
1781299176,448.7,maxram=32768/idle/n=660,32039,30959,1080,8270,24498,32768,9677,0.00,0.00,33661
1781299178,450.7,maxram=32768/idle/n=660,32039,31006,1032,8270,24498,32768,9713,0.00,0.00,33586
1781299180,452.7,maxram=32768/idle/n=660,32039,31048,991,8270,24498,32768,9766,0.00,0.00,33581
1781299182,454.8,maxram=32768/idle/n=670,32039,31065,974,8270,24498,32768,9785,0.00,0.00,33331
1781299184,456.8,maxram=32768/idle/n=670,32039,31097,942,8270,24498,32768,9820,0.00,0.00,33545
1781299186,458.8,maxram=32768/idle/n=680,32039,31104,935,8270,24498,32768,9842,0.00,0.00,33603
1781299188,460.9,maxram=32768/idle/n=680,32039,31179,859,8270,24498,32768,9856,0.00,0.00,33583
1781299190,462.9,maxram=32768/idle/n=680,32039,31200,838,8270,24498,32768,9858,0.00,0.00,33161
1781299192,464.9,maxram=32768/idle/n=680,32039,31210,829,8270,24498,32768,9858,0.00,0.00,33383
1781299194,467.1,maxram=32768/idle/n=680,32039,31223,816,8270,24498,32768,9861,0.00,0.00,33599
1781299196,469.1,maxram=32768/idle/n=690,32039,30744,1294,8784,23984,32768,9876,0.00,0.00,33623
1781299198,471.2,maxram=32768/idle/n=690,32039,30795,1244,8784,23984,32768,9924,0.00,0.00,33619
1781299200,473.2,maxram=32768/idle/n=700,32039,30797,1242,8784,23984,32768,9973,0.00,0.00,33752
1781299202,475.2,maxram=32768/idle/n=700,32039,30835,1203,8784,23984,32768,10003,0.00,0.00,33396
1781299204,477.3,maxram=32768/idle/n=700,32039,30882,1157,8784,23984,32768,10054,0.00,0.00,33071
1781299206,479.3,maxram=32768/idle/n=710,32039,30879,1160,8784,23984,32768,10086,0.00,0.00,33626
1781299208,481.3,maxram=32768/idle/n=710,32039,30947,1091,8784,23984,32768,10132,0.00,0.00,33568
1781299210,483.4,maxram=32768/idle/n=720,32039,30961,1078,8784,23984,32768,10161,0.00,0.00,32916
1781299212,485.4,maxram=32768/idle/n=720,32039,30986,1053,8784,23984,32768,10206,0.00,0.00,32811
1781299214,487.4,maxram=32768/idle/n=720,32039,31025,1014,8784,23984,32768,10239,0.00,0.00,33231
1781299217,489.4,maxram=32768/idle/n=730,32039,31052,987,8784,23984,32768,10269,0.00,0.00,33247
1781299219,491.5,maxram=32768/idle/n=730,32039,31090,949,8784,23984,32768,10307,0.00,0.00,32900
1781299221,493.5,maxram=32768/idle/n=730,32039,31083,956,8784,23984,32768,10327,0.00,0.00,33315
1781299223,495.8,maxram=32768/idle/n=730,32039,31084,955,8784,23984,32768,10334,0.00,0.00,33680
1781299225,497.8,maxram=32768/idle/n=730,32039,31089,950,8784,23984,32768,10354,0.00,0.00,33631
1781299227,499.9,maxram=32768/idle/n=740,32039,31108,931,8784,23984,32768,10363,0.00,0.00,33592
1781299229,501.9,maxram=32768/idle/n=740,32039,31175,864,8784,23984,32768,10366,0.00,0.00,33624
1781299231,503.9,maxram=32768/idle/n=740,32039,31178,861,8784,23984,32768,10376,0.00,0.00,33628
1781299233,506.0,maxram=32768/idle/n=750,32039,31227,812,8784,23984,32768,10385,0.00,0.00,33593
1781299235,508.0,maxram=32768/idle/n=750,32039,30758,1281,9297,23471,32768,10422,0.00,0.00,33518
1781299237,510.0,maxram=32768/idle/n=750,32039,30783,1255,9297,23471,32768,10455,0.00,0.00,33513
1781299239,512.0,maxram=32768/idle/n=760,32039,30816,1223,9297,23471,32768,10494,0.00,0.00,33458
1781299241,514.1,maxram=32768/idle/n=760,32039,30841,1198,9297,23471,32768,10535,0.00,0.00,33445
1781299243,516.1,maxram=32768/idle/n=760,32039,30856,1182,9297,23471,32768,10576,0.00,0.00,33395
1781299245,518.1,maxram=32768/idle/n=770,32039,30881,1158,9297,23471,32768,10609,0.00,0.00,33341
1781299247,520.2,maxram=32768/idle/n=770,32039,30923,1116,9297,23471,32768,10636,0.00,0.00,33315
1781299249,522.2,maxram=32768/idle/n=770,32039,30938,1101,9297,23471,32768,10663,0.00,0.00,33281
1781299251,524.2,maxram=32768/idle/n=780,32039,30958,1081,9297,23471,32768,10694,0.00,0.00,33323
1781299253,526.3,maxram=32768/idle/n=780,32039,30973,1066,9297,23471,32768,10737,0.00,0.00,33640
1781299255,528.4,maxram=32768/idle/n=780,32039,30974,1065,9297,23471,32768,10737,0.00,0.00,33598
1781299259,531.6,maxram=32768/idle/n=780,32039,31003,1036,9297,23471,32768,10753,0.00,0.00,33597
1781299261,533.6,maxram=32768/idle/n=780,32039,31037,1002,9297,23471,32768,10780,0.00,0.00,33216
1781299263,535.7,maxram=32768/idle/n=790,32039,31084,955,9297,23471,32768,10833,0.00,0.00,33157
1781299265,537.7,maxram=32768/idle/n=790,32039,31091,947,9297,23471,32768,10863,0.00,0.00,33272
1781299267,539.7,maxram=32768/idle/n=800,32039,31091,948,9297,23471,32768,10886,0.00,0.00,33476
1781299269,541.8,maxram=32768/idle/n=800,32039,31145,893,9297,23471,32768,10892,0.00,0.00,33408
1781299271,543.8,maxram=32768/idle/n=800,32039,31201,838,9297,23471,32768,10900,0.00,0.00,32744
1781299273,545.8,maxram=32768/idle/n=810,32039,30720,1319,9810,22958,32768,10919,0.00,0.00,31897
1781299275,547.9,maxram=32768/idle/n=810,32039,30775,1263,9810,22958,32768,10948,0.00,0.00,32203
1781299277,549.9,maxram=32768/idle/n=810,32039,30799,1240,9810,22958,32768,10990,0.00,0.00,32261
1781299279,551.9,maxram=32768/idle/n=820,32039,30805,1234,9810,22958,32768,11007,0.00,0.00,32289
1781299281,553.9,maxram=32768/idle/n=820,32039,30861,1178,9810,22958,32768,11057,0.00,0.00,32284
1781299283,556.0,maxram=32768/idle/n=820,32039,30892,1147,9810,22958,32768,11128,0.00,0.00,33087
1781299285,558.0,maxram=32768/idle/n=830,32039,30926,1113,9810,22958,32768,11166,0.00,0.00,33162
1781299287,560.0,maxram=32768/idle/n=830,32039,30927,1112,9810,22958,32768,11198,0.00,0.00,33164
1781299289,562.1,maxram=32768/idle/n=830,32039,30949,1090,9810,22958,32768,11203,0.00,0.00,33227
1781299291,564.3,maxram=32768/idle/n=830,32039,30936,1103,9810,22958,32768,11206,0.00,0.00,33165
1781299293,566.4,maxram=32768/idle/n=840,32039,30980,1059,9810,22958,32768,11251,0.00,0.00,33204
1781299295,568.4,maxram=32768/idle/n=840,32039,31024,1015,9810,22958,32768,11299,0.00,0.00,33215
1781299298,570.4,maxram=32768/idle/n=840,32039,31060,979,9810,22958,32768,11345,0.00,0.00,33261
1781299300,572.5,maxram=32768/idle/n=850,32039,31064,975,9810,22958,32768,11356,0.00,0.00,33535
1781299302,574.5,maxram=32768/idle/n=850,32039,31092,947,9810,22958,32768,11381,0.00,0.00,32840
1781299304,576.5,maxram=32768/idle/n=860,32039,31114,924,9810,22958,32768,11403,0.00,0.00,33084
1781299306,578.6,maxram=32768/idle/n=860,32039,31165,874,9810,22958,32768,11415,0.00,0.00,32945
1781299308,580.6,maxram=32768/idle/n=860,32039,31211,828,9810,22958,32768,11422,0.00,0.00,33190
1781299310,582.6,maxram=32768/idle/n=870,32039,30724,1315,10326,22442,32768,11441,0.00,0.00,32933
1781299312,584.6,maxram=32768/idle/n=870,32039,30779,1260,10326,22442,32768,11491,0.00,0.00,33638
1781299314,586.7,maxram=32768/idle/n=870,32039,30799,1240,10326,22442,32768,11541,0.00,0.00,33588
1781299316,588.7,maxram=32768/idle/n=880,32039,30795,1243,10326,22442,32768,11561,0.00,0.00,33533
1781299318,590.7,maxram=32768/idle/n=880,32039,30838,1201,10326,22442,32768,11602,0.00,0.00,33474
1781299320,592.8,maxram=32768/idle/n=880,32039,30870,1169,10326,22442,32768,11634,0.00,0.00,33422
1781299322,595.0,maxram=32768/idle/n=880,32039,30847,1191,10326,22442,32768,11641,0.00,0.00,33398
1781299324,597.0,maxram=32768/idle/n=890,32039,30856,1183,10326,22442,32768,11667,0.00,0.00,32860
1781299326,599.1,maxram=32768/idle/n=890,32039,30899,1140,10326,22442,32768,11700,0.00,0.00,33429
1781299328,601.1,maxram=32768/idle/n=890,32039,30928,1111,10326,22442,32768,11732,0.00,0.00,33077
1781299330,603.1,maxram=32768/idle/n=900,32039,30949,1090,10326,22442,32768,11761,0.00,0.00,32911
1781299332,605.2,maxram=32768/idle/n=900,32039,30986,1052,10326,22442,32768,11794,0.00,0.00,32478
1781299334,607.2,maxram=32768/idle/n=900,32039,31038,1001,10326,22442,32768,11857,0.00,0.00,32731
1781299336,609.2,maxram=32768/idle/n=910,32039,31035,1004,10326,22442,32768,11884,0.00,0.00,33058
1781299338,611.2,maxram=32768/idle/n=910,32039,31079,960,10326,22442,32768,11917,0.00,0.00,33061
1781299340,613.3,maxram=32768/idle/n=920,32039,31089,949,10326,22442,32768,11932,0.00,0.00,33064
1781299342,615.3,maxram=32768/idle/n=920,32039,31125,914,10326,22442,32768,11948,0.00,0.00,32940
1781299344,617.3,maxram=32768/idle/n=920,32039,31186,853,10326,22442,32768,11958,0.00,0.00,32905
1781299346,619.4,maxram=32768/idle/n=930,32039,31204,835,10326,22442,32768,11964,0.00,0.00,32941
1781299348,621.4,maxram=32768/idle/n=930,32039,30751,1288,10849,21919,32768,12002,0.00,0.00,32945
1781299351,623.4,maxram=32768/idle/n=930,32039,30780,1259,10849,21919,32768,12046,0.00,0.00,32954
1781299353,625.5,maxram=32768/idle/n=930,32039,30768,1271,10849,21919,32768,12049,0.00,0.00,32883
1781299355,627.6,maxram=32768/idle/n=930,32039,30790,1249,10849,21919,32768,12082,0.00,0.00,33258
1781299357,629.6,maxram=32768/idle/n=940,32039,30797,1242,10849,21919,32768,12108,0.00,0.00,32898
1781299359,631.6,maxram=32768/idle/n=940,32039,30823,1216,10849,21919,32768,12142,0.00,0.00,32881
1781299361,633.7,maxram=32768/idle/n=950,32039,30867,1172,10849,21919,32768,12181,0.00,0.00,32605
1781299363,635.7,maxram=32768/idle/n=950,32039,30887,1151,10849,21919,32768,12212,0.00,0.00,32890
1781299365,637.7,maxram=32768/idle/n=950,32039,30915,1123,10849,21919,32768,12256,0.00,0.00,32867
1781299367,639.7,maxram=32768/idle/n=960,32039,30958,1081,10849,21919,32768,12283,0.00,0.00,32908
1781299369,641.8,maxram=32768/idle/n=960,32039,30968,1071,10849,21919,32768,12313,0.00,0.00,31929
1781299371,643.8,maxram=32768/idle/n=960,32039,31000,1039,10849,21919,32768,12341,0.00,0.00,32498
1781299373,645.8,maxram=32768/idle/n=970,32039,30998,1041,10849,21919,32768,12372,0.00,0.00,32377
1781299375,647.9,maxram=32768/idle/n=970,32039,31049,990,10849,21919,32768,12390,0.00,0.00,32285
1781299377,649.9,maxram=32768/idle/n=970,32039,31109,929,10849,21919,32768,12450,0.00,0.00,32338
1781299379,651.9,maxram=32768/idle/n=980,32039,31109,930,10849,21919,32768,12463,0.00,0.00,31989
1781299381,654.0,maxram=32768/idle/n=980,32039,31121,917,10849,21919,32768,12484,0.00,0.00,32056
1781299383,656.0,maxram=32768/idle/n=980,32039,31153,886,10849,21919,32768,12498,0.00,0.00,31984
1781299385,658.1,maxram=32768/idle/n=980,32039,31144,895,10849,21919,32768,12499,0.00,0.00,31913
1781299387,660.2,maxram=32768/idle/n=980,32039,31187,852,10849,21919,32768,12509,0.00,0.00,31868
1781299389,662.2,maxram=32768/idle/n=990,32039,30739,1300,11364,21404,32768,12528,0.00,0.00,31556
1781299391,664.2,maxram=32768/idle/n=990,32039,30762,1277,11364,21404,32768,12551,0.00,0.00,31396
1781299393,666.3,maxram=32768/idle/n=1000,32039,30789,1250,11364,21404,32768,12598,0.00,0.00,31883
1781299395,668.3,maxram=32768/idle/n=1000,32039,30811,1227,11364,21404,32768,12635,0.00,0.00,31787
1781299397,670.3,maxram=32768/idle/n=1000,32039,30823,1216,11364,21404,32768,12704,0.00,0.00,32003
1781299399,672.4,maxram=32768/idle/n=1010,32039,30849,1190,11364,21404,32768,12735,0.00,0.00,31982
1781299401,674.4,maxram=32768/idle/n=1010,32039,30882,1157,11364,21404,32768,12757,0.00,0.00,32381
1781299404,676.4,maxram=32768/idle/n=1010,32039,30910,1128,11364,21404,32768,12793,0.00,0.00,32396
1781299406,678.5,maxram=32768/idle/n=1020,32039,30949,1089,11364,21404,32768,12845,0.00,0.00,32381
1781299408,680.5,maxram=32768/idle/n=1020,32039,30973,1065,11364,21404,32768,12871,0.00,0.00,32031
1781299410,682.5,maxram=32768/idle/n=1020,32039,30974,1065,11364,21404,32768,12885,0.00,0.00,31896
1781299412,684.6,maxram=32768/idle/n=1020,32039,31067,972,11364,21404,32768,12964,0.00,0.00,31908
1781299414,686.6,maxram=32768/idle/n=1020,32039,30676,1363,11364,21404,32768,13011,0.00,0.00,31911
1781299416,688.7,maxram=32768/idle/n=1020,32039,30680,1359,11364,21404,32768,13012,0.00,0.00,31875
1781299418,691.0,maxram=32768/idle/n=1020,32039,30655,1383,11364,21404,32768,13011,0.00,0.00,31785
1781299420,693.0,maxram=32768/idle/n=1020,32039,30642,1397,11364,21404,32768,13010,0.00,0.00,31985
1781299422,695.1,maxram=32768/idle/n=1020,32039,30342,1697,11364,21404,32768,13012,0.00,0.00,31988
1781299424,697.1,maxram=32768/idle/n=1020,32039,30270,1768,11364,21404,32768,13011,0.00,0.00,31604
1781299426,699.1,maxram=32768/idle/n=1020,32039,30239,1799,11364,21404,32768,13010,0.00,0.00,31878
1781299428,701.2,maxram=32768/idle/n=1020,32039,29903,2135,11364,21404,32768,13012,0.00,0.00,31512
1781299430,703.2,maxram=32768/idle/n=1020,32039,29873,2166,11364,21404,32768,13011,0.00,0.00,32078
1781299432,705.2,maxram=32768/idle/n=1020,32039,29845,2193,11364,21404,32768,13010,0.00,0.00,31537
1781299434,707.3,maxram=32768/idle/n=1020,32039,29508,2530,11364,21404,32768,13012,0.00,0.00,31844
1781299437,709.5,maxram=32768/idle/n=1020,32039,29481,2558,11364,21404,32768,13012,0.00,0.00,31845
1781299439,712.0,maxram=32768/idle/n=1020,32039,29498,2541,11364,21404,32768,13012,0.00,0.00,31437
1781299441,714.2,maxram=32768/idle/n=1020,32039,29464,2574,11364,21404,32768,13011,0.00,0.00,31249
1781299443,716.2,maxram=32768/idle/n=1020,32039,29434,2605,11364,21404,32768,13010,0.00,0.00,31757
1781299445,718.2,maxram=32768/idle/n=1020,32039,29118,2920,11364,21404,32768,13013,0.00,0.00,31870
1781299447,720.3,maxram=32768/idle/n=1020,32039,29088,2951,11364,21404,32768,13011,0.00,0.00,31956
1781299449,722.3,maxram=32768/idle/n=1020,32039,29042,2997,11364,21404,32768,13010,0.00,0.00,31904
1781299451,724.3,maxram=32768/idle/n=1020,32039,28702,3336,11364,21404,32768,13012,0.00,0.00,31312
1781299453,726.4,maxram=32768/idle/n=1020,32039,28674,3365,11364,21404,32768,13011,0.00,0.00,31479
1781299455,728.4,maxram=32768/idle/n=1020,32039,28651,3388,11364,21404,32768,13010,0.00,0.00,31534
1781299458,730.4,maxram=32768/idle/n=1020,32039,28340,3699,11364,21404,32768,13012,0.00,0.00,31677
1781299460,732.6,maxram=32768/idle/n=1020,32039,28289,3749,11364,21404,32768,13012,0.00,0.00,31367
1781299462,735.3,maxram=32768/idle/n=1020,32039,28281,3758,11364,21404,32768,13011,0.00,0.00,31467
1781299464,737.4,maxram=32768/idle/n=1020,32039,28279,3760,11364,21404,32768,13010,0.00,0.00,31482
1781299466,739.4,maxram=32768/idle/n=1020,32039,28178,3860,11364,21404,32768,13012,0.00,0.00,31456
1781299469,741.5,maxram=32768/idle/n=1020,32039,27894,4145,11364,21404,32768,13011,0.00,0.00,31368
1781299471,743.5,maxram=32768/idle/n=1020,32039,27879,4159,11364,21404,32768,13010,0.00,0.00,31297
1781299473,745.5,maxram=32768/idle/n=1020,32039,30401,1638,8496,24272,32768,13010,0.00,0.00,31700
1781299475,747.5,maxram=32768/idle/n=1020,32039,30563,1476,8496,24272,32768,13086,0.00,0.00,31493
1781299477,749.6,maxram=32768/idle/n=1020,32039,30514,1525,8496,24272,32768,13086,0.00,0.00,31430
1781299479,751.6,maxram=32768/idle/n=1020,32039,30432,1607,8496,24272,32768,13085,0.00,0.00,31765
1781299481,753.8,maxram=32768/idle/n=1020,32039,30430,1609,8496,24272,32768,13085,0.00,0.00,31630
1781299483,755.9,maxram=32768/idle/n=1020,32039,30089,1950,8496,24272,32768,13087,0.00,0.00,31701
1781299485,758.0,maxram=32768/idle/n=1020,32039,29976,2063,8496,24272,32768,13087,0.00,0.00,31698
1781299487,760.0,maxram=32768/idle/n=1020,32039,29906,2132,8496,24272,32768,13085,0.00,0.00,31652
1781299489,762.0,maxram=32768/idle/n=1020,32039,29608,2431,8496,24272,32768,13087,0.00,0.00,31644
1781299491,764.1,maxram=32768/idle/n=1020,32039,29580,2458,8496,24272,32768,13086,0.00,0.00,31663
1781299493,766.1,maxram=32768/idle/n=1020,32039,29525,2514,8496,24272,32768,13085,0.00,0.00,31683
1781299495,768.1,maxram=32768/idle/n=1020,32039,29668,2371,8496,24272,32768,13087,0.00,0.00,31635
1781299497,770.2,maxram=32768/idle/n=1020,32039,29176,2862,8496,24272,32768,13087,0.00,0.00,31542
1781299499,772.2,maxram=32768/idle/n=1020,32039,29151,2888,8496,24272,32768,13086,0.00,0.00,31389
1781299501,774.2,maxram=32768/idle/n=1020,32039,29078,2961,8496,24272,32768,13086,0.00,0.00,30860
1781299503,776.3,maxram=32768/idle/n=1020,32039,29064,2974,8496,24272,32768,13085,0.00,0.00,30650
1781299505,778.3,maxram=32768/idle/n=1020,32039,29102,2937,8496,24272,32768,13085,0.00,0.00,30697
1781299508,781.1,maxram=32768/idle/n=1020,32039,28795,3243,8496,24272,32768,13087,0.00,0.00,31540
1781299510,783.2,maxram=32768/idle/n=1020,32039,28740,3298,8496,24272,32768,13086,0.00,0.00,30865
1781299512,785.2,maxram=32768/idle/n=1020,32039,28729,3310,8496,24272,32768,13086,0.00,0.00,31041
1781299514,787.2,maxram=32768/idle/n=1020,32039,28693,3345,8496,24272,32768,13085,0.00,0.00,30879
1781299516,789.3,maxram=32768/idle/n=1020,32039,28349,3690,8496,24272,32768,13087,0.00,0.00,30932
1781299518,791.3,maxram=32768/idle/n=1020,32039,28318,3720,8496,24272,32768,13086,0.00,0.00,31858
1781299520,793.3,maxram=32768/idle/n=1020,32039,28284,3754,8496,24272,32768,13085,0.00,0.00,31352
1781299522,795.3,maxram=32768/idle/n=1020,32039,28252,3787,8496,24272,32768,13085,0.00,0.00,31525
1781299524,797.4,maxram=32768/idle/n=1020,32039,27925,4114,8496,24272,32768,13087,0.00,0.00,31364
1781299526,799.4,maxram=32768/idle/n=1020,32039,27879,4160,8496,24272,32768,13086,0.00,0.00,31061
1781299529,801.4,maxram=32768/idle/n=1020,32039,30682,1357,5650,27118,32768,13087,0.00,0.00,31014
1781299531,803.5,maxram=32768/idle/n=1020,32039,30701,1338,5650,27118,32768,13089,0.00,0.00,29929
1781299534,806.6,maxram=32768/idle/n=1020,32039,30709,1330,5650,27118,32768,13090,0.00,0.00,30751
1781299536,808.6,maxram=32768/idle/n=1020,32039,30663,1376,5650,27118,32768,13090,0.00,0.00,31503
1781299538,810.7,maxram=32768/idle/n=1020,32039,30313,1726,5650,27118,32768,13099,0.00,0.00,31513
1781299540,812.7,maxram=32768/idle/n=1020,32039,30316,1723,5650,27118,32768,13098,0.00,0.00,32249
1781299542,814.7,maxram=32768/idle/n=1020,32039,30301,1738,5650,27118,32768,13097,0.00,0.00,32028
1781299544,816.7,maxram=32768/idle/n=1020,32039,29962,2077,5650,27118,32768,13099,0.00,0.00,31768
1781299546,818.8,maxram=32768/idle/n=1020,32039,29936,2103,5650,27118,32768,13099,0.00,0.00,31663
1781299548,820.8,maxram=32768/idle/n=1020,32039,29890,2149,5650,27118,32768,13098,0.00,0.00,31668
1781299550,822.9,maxram=32768/idle/n=1020,32039,29872,2167,5650,27118,32768,13097,0.00,0.00,31678
1781299552,824.9,maxram=32768/idle/n=1020,32039,29592,2446,5650,27118,32768,13099,0.00,0.00,31616
1781299554,826.9,maxram=32768/idle/n=1020,32039,29545,2494,5650,27118,32768,13098,0.00,0.00,31646
1781299556,829.0,maxram=32768/idle/n=1020,32039,29535,2503,5650,27118,32768,13098,0.00,0.00,31618
1781299558,831.2,maxram=32768/idle/n=1020,32039,29532,2507,5650,27118,32768,13098,0.00,0.00,31686
1781299560,833.3,maxram=32768/idle/n=1020,32039,29509,2530,5650,27118,32768,13098,0.00,0.00,31638
1781299562,835.4,maxram=32768/idle/n=1020,32039,29134,2905,5650,27118,32768,13099,0.00,0.00,31568
1781299564,837.4,maxram=32768/idle/n=1020,32039,29112,2927,5650,27118,32768,13098,0.00,0.00,31033
1781299567,839.4,maxram=32768/idle/n=1020,32039,29086,2952,5650,27118,32768,13098,0.00,0.00,31657
1781299569,841.5,maxram=32768/idle/n=1020,32039,28768,3270,5650,27118,32768,13099,0.00,0.00,31580
1781299571,843.5,maxram=32768/idle/n=1020,32039,28739,3300,5650,27118,32768,13098,0.00,0.00,31159
1781299573,845.5,maxram=32768/idle/n=1020,32039,28717,3322,5650,27118,32768,13098,0.00,0.00,31070
1781299575,847.6,maxram=32768/idle/n=1020,32039,28458,3581,5650,27118,32768,13098,0.00,0.00,31130
1781299577,849.6,maxram=32768/idle/n=1020,32039,28432,3606,5650,27118,32768,13097,0.00,0.00,31320
1781299579,851.9,maxram=32768/idle/n=1020,32039,28428,3611,5650,27118,32768,13097,0.00,0.00,31394
1781299581,853.9,maxram=32768/idle/n=1020,32039,28422,3617,5650,27118,32768,13097,0.00,0.00,31214
1781299583,856.0,maxram=32768/nginx,32039,317,31722,32768,0,32768,2815,0.00,0.00,37758
1781299585,858.0,maxram=32768/nginx,32039,691,31348,32768,0,32768,3390,0.00,0.00,37051
1781299587,860.0,maxram=32768/nginx,32039,881,31158,32768,0,32768,3628,0.00,0.00,36424
1781299589,862.1,maxram=32768/nginx,32039,997,31042,32768,0,32768,3759,0.00,0.00,36079
1781299591,864.1,maxram=32768/nginx/n=10,32039,1068,30971,32768,0,32768,3845,0.00,0.00,35545
1781299593,866.1,maxram=32768/nginx/n=10,32039,1168,30871,32768,0,32768,3949,0.00,0.00,35455
1781299595,868.2,maxram=32768/nginx/n=10,32039,1237,30802,32768,0,32768,4043,0.00,0.00,36492
1781299597,870.2,maxram=32768/nginx/n=20,32039,1296,30743,32768,0,32768,4102,0.00,0.00,36435
1781299599,872.2,maxram=32768/nginx/n=20,32039,1387,30652,32768,0,32768,4196,0.00,0.00,35546
1781299601,874.3,maxram=32768/nginx/n=30,32039,1491,30547,32768,0,32768,4290,0.00,0.00,36095
1781299603,876.3,maxram=32768/nginx/n=30,32039,1537,30502,32768,0,32768,4360,0.00,0.00,35971
1781299605,878.3,maxram=32768/nginx/n=30,32039,1619,30419,32768,0,32768,4447,0.00,0.00,35542
1781299607,880.4,maxram=32768/nginx/n=40,32039,1652,30387,32768,0,32768,4476,0.00,0.00,35180
1781299610,883.0,maxram=32768/nginx/n=40,32039,1653,30385,32768,0,32768,4492,0.00,0.00,35059
1781299612,885.0,maxram=32768/nginx/n=40,32039,1764,30274,32768,0,32768,4591,0.00,0.00,35343
1781299614,887.1,maxram=32768/nginx/n=40,32039,1846,30193,32768,0,32768,4680,0.00,0.00,35960
1781299616,889.1,maxram=32768/nginx/n=50,32039,1923,30115,32768,0,32768,4755,0.00,0.00,35438
1781299618,891.1,maxram=32768/nginx/n=50,32039,2008,30031,32768,0,32768,4842,0.00,0.00,35425
1781299620,893.1,maxram=32768/nginx/n=60,32039,2091,29948,32768,0,32768,4935,0.00,0.00,35789
1781299622,895.2,maxram=32768/nginx/n=60,32039,2193,29846,32768,0,32768,5041,0.00,0.00,35619
1781299624,897.2,maxram=32768/nginx/n=70,32039,2284,29755,32768,0,32768,5143,0.00,0.00,34854
1781299626,899.2,maxram=32768/nginx/n=70,32039,2362,29677,32768,0,32768,5211,0.00,0.00,35299
1781299628,901.3,maxram=32768/nginx/n=70,32039,2438,29601,32768,0,32768,5296,0.00,0.00,35158
1781299630,903.3,maxram=32768/nginx/n=80,32039,29337,2702,4518,28250,32768,5392,0.00,0.00,35102
1781299632,905.3,maxram=32768/nginx/n=80,32039,30833,1206,4518,28250,32768,5455,0.00,0.00,35047
1781299635,907.5,maxram=32768/nginx/n=80,32039,30828,1211,4518,28250,32768,5459,0.00,0.00,35287
1781299637,909.5,maxram=32768/nginx/n=80,32039,30869,1169,4518,28250,32768,5490,0.00,0.00,34914
1781299639,911.5,maxram=32768/nginx/n=90,32039,30965,1074,4518,28250,32768,5590,0.00,0.00,34902
1781299641,913.6,maxram=32768/nginx/n=90,32039,31075,964,4518,28250,32768,5704,0.00,0.00,35175
1781299643,915.6,maxram=32768/nginx/n=100,32039,31169,869,4518,28250,32768,5818,0.00,0.00,35082
1781299645,917.6,maxram=32768/nginx/n=100,32039,30741,1298,5049,27719,32768,5901,0.00,0.00,35048
1781299647,919.7,maxram=32768/nginx/n=100,32039,30807,1232,5049,27719,32768,5989,0.00,0.00,34959
1781299649,921.7,maxram=32768/nginx/n=110,32039,30874,1165,5049,27719,32768,6057,0.00,0.00,34624
1781299651,923.7,maxram=32768/nginx/n=110,32039,30991,1047,5049,27719,32768,6170,0.00,0.00,34794
1781299653,925.8,maxram=32768/nginx/n=120,32039,31071,968,5049,27719,32768,6259,0.00,0.00,34552
1781299655,927.8,maxram=32768/nginx/n=120,32039,31175,864,5049,27719,32768,6355,0.00,0.00,34784
1781299657,929.8,maxram=32768/nginx/n=120,32039,31242,797,5049,27719,32768,6439,0.00,0.00,34816
1781299659,931.9,maxram=32768/nginx/n=130,32039,30771,1267,5593,27175,32768,6512,0.00,0.00,34485
1781299661,933.9,maxram=32768/nginx/n=130,32039,30780,1259,5593,27175,32768,6526,0.00,0.00,34885
1781299664,936.4,maxram=32768/nginx/n=130,32039,30808,1231,5593,27175,32768,6554,0.00,0.00,34336
1781299666,938.5,maxram=32768/nginx/n=130,32039,30891,1148,5593,27175,32768,6647,0.00,0.00,34420
1781299668,940.5,maxram=32768/nginx/n=140,32039,30968,1070,5593,27175,32768,6719,0.00,0.00,34141
1781299670,942.5,maxram=32768/nginx/n=140,32039,31054,985,5593,27175,32768,6805,0.00,0.00,34440
1781299672,944.6,maxram=32768/nginx/n=150,32039,31133,905,5593,27175,32768,6894,0.00,0.00,34179
1781299674,946.6,maxram=32768/nginx/n=150,32039,31235,804,5593,27175,32768,6993,0.00,0.00,34022
1781299676,948.6,maxram=32768/nginx/n=150,32039,30795,1243,6154,26614,32768,7155,0.00,0.00,33938
1781299678,950.7,maxram=32768/nginx/n=160,32039,30882,1157,6154,26614,32768,7258,0.00,0.00,34187
1781299680,952.7,maxram=32768/nginx/n=160,32039,30950,1089,6154,26614,32768,7365,0.00,0.00,33838
1781299682,954.7,maxram=32768/nginx/n=170,32039,31017,1022,6154,26614,32768,7451,0.00,0.00,33962
1781299684,956.7,maxram=32768/nginx/n=170,32039,31057,982,6154,26614,32768,7506,0.00,0.00,33122
1781299686,958.8,maxram=32768/nginx/n=170,32039,31155,884,6154,26614,32768,7530,0.00,0.00,33725
1781299688,960.8,maxram=32768/nginx/n=180,32039,31159,880,6154,26614,32768,7532,0.00,0.00,33781
1781299690,963.2,maxram=32768/nginx/n=180,32039,31186,853,6154,26614,32768,7533,0.00,0.00,33677
1781299692,965.2,maxram=32768/nginx/n=180,32039,30782,1257,6671,26097,32768,7613,0.00,0.00,33450
1781299694,967.3,maxram=32768/nginx/n=180,32039,30879,1159,6671,26097,32768,7716,0.00,0.00,33874
1781299696,969.3,maxram=32768/nginx/n=190,32039,30947,1092,6671,26097,32768,7809,0.00,0.00,33327
1781299698,971.3,maxram=32768/nginx/n=190,32039,31024,1015,6671,26097,32768,7892,0.00,0.00,33638
1781299700,973.4,maxram=32768/nginx/n=200,32039,31106,933,6671,26097,32768,7996,0.00,0.00,33594
1781299702,975.4,maxram=32768/nginx/n=200,32039,31131,907,6671,26097,32768,8053,0.00,0.00,33125
1781299704,977.4,maxram=32768/nginx/n=200,32039,30721,1317,7198,25570,32768,8097,0.00,0.00,33734
1781299707,979.4,maxram=32768/nginx/n=210,32039,30817,1221,7198,25570,32768,8186,0.00,0.00,33066
1781299709,981.5,maxram=32768/nginx/n=210,32039,30902,1136,7198,25570,32768,8287,0.00,0.00,33221
1781299711,983.5,maxram=32768/nginx/n=220,32039,30993,1046,7198,25570,32768,8382,0.00,0.00,33503
1781299713,985.6,maxram=32768/nginx/n=220,32039,31080,959,7198,25570,32768,8482,0.00,0.00,33071
1781299715,987.6,maxram=32768/nginx/n=220,32039,31150,889,7198,25570,32768,8574,0.00,0.00,33111
1781299717,989.6,maxram=32768/nginx/n=230,32039,31148,891,7198,25570,32768,8603,0.00,0.00,33155
1781299719,991.7,maxram=32768/nginx/n=230,32039,31147,892,7198,25570,32768,8603,0.00,0.00,33120
1781299721,993.8,maxram=32768/nginx/n=230,32039,31170,869,7198,25570,32768,8615,0.00,0.00,33223
1781299723,995.8,maxram=32768/nginx/n=230,32039,30734,1305,7714,25054,32768,8639,0.00,0.00,33339
1781299725,997.9,maxram=32768/nginx/n=230,32039,30800,1239,7714,25054,32768,8709,0.00,0.00,33252
1781299727,999.9,maxram=32768/nginx/n=240,32039,30888,1151,7714,25054,32768,8803,0.00,0.00,33186
1781299729,1001.9,maxram=32768/nginx/n=240,32039,30966,1072,7714,25054,32768,8881,0.00,0.00,33133
1781299731,1004.0,maxram=32768/nginx/n=240,32039,31076,962,7714,25054,32768,8989,0.00,0.00,33072
1781299733,1006.0,maxram=32768/nginx/n=250,32039,31138,901,7714,25054,32768,9062,0.00,0.00,32777
1781299735,1008.0,maxram=32768/nginx/n=250,32039,31172,867,7714,25054,32768,9122,0.00,0.00,32761
1781299737,1010.1,maxram=32768/nginx/n=250,32039,31198,841,7714,25054,32768,9148,0.00,0.00,32662
1781299739,1012.1,maxram=32768/nginx/n=260,32039,30785,1253,8235,24533,32768,9228,0.00,0.00,32485
1781299741,1014.1,maxram=32768/nginx/n=260,32039,30894,1145,8235,24533,32768,9331,0.00,0.00,32121
1781299743,1016.2,maxram=32768/nginx/n=270,32039,30947,1092,8235,24533,32768,9398,0.00,0.00,32082
1781299745,1018.2,maxram=32768/nginx/n=270,32039,31019,1020,8235,24533,32768,9474,0.00,0.00,32049
1781299747,1020.2,maxram=32768/nginx/n=270,32039,31052,987,8235,24533,32768,9533,0.00,0.00,32237
1781299750,1022.4,maxram=32768/nginx/n=270,32039,31040,999,8235,24533,32768,9542,0.00,0.00,32285
1781299752,1024.5,maxram=32768/nginx/n=270,32039,31069,970,8235,24533,32768,9546,0.00,0.00,31875
1781299754,1026.5,maxram=32768/nginx/n=270,32039,31128,911,8235,24533,32768,9597,0.00,0.00,31993
1781299756,1028.6,maxram=32768/nginx/n=280,32039,31187,851,8235,24533,32768,9653,0.00,0.00,32532
1781299758,1030.6,maxram=32768/nginx/n=280,32039,30720,1319,8759,24009,32768,9710,0.00,0.00,32435
1781299760,1032.6,maxram=32768/nginx/n=280,32039,30789,1250,8759,24009,32768,9784,0.00,0.00,32409
1781299762,1034.7,maxram=32768/nginx/n=290,32039,30844,1195,8759,24009,32768,9843,0.00,0.00,32263
1781299764,1036.7,maxram=32768/nginx/n=290,32039,30967,1072,8759,24009,32768,9959,0.00,0.00,32225
1781299766,1038.7,maxram=32768/nginx/n=300,32039,31016,1023,8759,24009,32768,10040,0.00,0.00,31805
1781299768,1040.8,maxram=32768/nginx/n=300,32039,31130,909,8759,24009,32768,10168,0.00,0.00,31965
1781299770,1042.8,maxram=32768/nginx/n=300,32039,31197,842,8759,24009,32768,10220,0.00,0.00,32206
1781299772,1044.8,maxram=32768/nginx/n=310,32039,30749,1289,9277,23491,32768,10283,0.00,0.00,32333
1781299774,1046.9,maxram=32768/nginx/n=310,32039,30844,1195,9277,23491,32768,10386,0.00,0.00,32370
1781299776,1048.9,maxram=32768/nginx/n=320,32039,30926,1113,9277,23491,32768,10478,0.00,0.00,32279
1781299778,1050.9,maxram=32768/nginx/n=320,32039,31013,1026,9277,23491,32768,10558,0.00,0.00,31982
1781299780,1053.0,maxram=32768/nginx/n=320,32039,31007,1031,9277,23491,32768,10568,0.00,0.00,31951
1781299782,1055.1,maxram=32768/nginx/n=320,32039,30988,1051,9277,23491,32768,10600,0.00,0.00,32102
1781299784,1057.1,maxram=32768/nginx/n=320,32039,31094,945,9277,23491,32768,10649,0.00,0.00,32171
1781299786,1059.1,maxram=32768/nginx/n=330,32039,31156,883,9277,23491,32768,10724,0.00,0.00,32236
1781299788,1061.2,maxram=32768/nginx/n=330,32039,31234,805,9277,23491,32768,10788,0.00,0.00,32273
1781299790,1063.2,maxram=32768/nginx/n=340,32039,30797,1242,9810,22958,32768,10852,0.00,0.00,32103
1781299792,1065.3,maxram=32768/nginx/n=340,32039,30884,1155,9810,22958,32768,10940,0.00,0.00,32317
1781299794,1067.3,maxram=32768/nginx/n=340,32039,30956,1083,9810,22958,32768,11020,0.00,0.00,32220
1781299796,1069.3,maxram=32768/nginx/n=350,32039,30992,1047,9810,22958,32768,11069,0.00,0.00,32428
1781299798,1071.4,maxram=32768/nginx/n=350,32039,31149,890,9810,22958,32768,11205,0.00,0.00,32512
1781299800,1073.4,maxram=32768/nginx/n=350,32039,31205,834,9810,22958,32768,11281,0.00,0.00,32391
1781299803,1075.4,maxram=32768/nginx/n=360,32039,31245,793,9810,22958,32768,11319,0.00,0.00,32001
1781299805,1077.5,maxram=32768/nginx/n=360,32039,30843,1196,10337,22431,32768,11419,0.00,0.00,32100
1781299807,1079.5,maxram=32768/nginx/n=370,32039,30910,1129,10337,22431,32768,11521,0.00,0.00,32483
1781299809,1081.5,maxram=32768/nginx/n=370,32039,30987,1052,10337,22431,32768,11599,0.00,0.00,32034
1781299811,1083.6,maxram=32768/nginx/n=370,32039,31013,1026,10337,22431,32768,11634,0.00,0.00,32121
1781299813,1086.0,maxram=32768/nginx/n=370,32039,31017,1021,10337,22431,32768,11637,0.00,0.00,32283
1781299815,1088.1,maxram=32768/nginx/n=380,32039,31132,907,10337,22431,32768,11729,0.00,0.00,32268
1781299817,1090.1,maxram=32768/nginx/n=380,32039,31188,851,10337,22431,32768,11809,0.00,0.00,32442
1781299819,1092.1,maxram=32768/nginx/n=380,32039,30730,1309,10866,21902,32768,11865,0.00,0.00,32486
1781299821,1094.1,maxram=32768/nginx/n=390,32039,30822,1217,10866,21902,32768,11942,0.00,0.00,31936
1781299823,1096.2,maxram=32768/nginx/n=390,32039,30954,1085,10866,21902,32768,12074,0.00,0.00,32334
1781299825,1098.2,maxram=32768/nginx/n=400,32039,31001,1037,10866,21902,32768,12161,0.00,0.00,32704
1781299827,1100.2,maxram=32768/nginx/n=400,32039,31092,947,10866,21902,32768,12217,0.00,0.00,32759
1781299829,1102.3,maxram=32768/nginx/n=400,32039,31156,882,10866,21902,32768,12302,0.00,0.00,32693
1781299831,1104.3,maxram=32768/nginx/n=410,32039,31204,835,10866,21902,32768,12360,0.00,0.00,32651
1781299833,1106.3,maxram=32768/nginx/n=410,32039,30745,1294,11431,21337,32768,12440,0.00,0.00,32596
1781299835,1108.4,maxram=32768/nginx/n=410,32039,30853,1186,11431,21337,32768,12554,0.00,0.00,32291
1781299837,1110.4,maxram=32768/nginx/n=420,32039,30923,1116,11431,21337,32768,12636,0.00,0.00,32343
1781299840,1112.4,maxram=32768/nginx/n=420,32039,31021,1018,11431,21337,32768,12743,0.00,0.00,31539
1781299842,1114.5,maxram=32768/nginx/n=420,32039,31069,969,11431,21337,32768,12784,0.00,0.00,32156
1781299844,1116.6,maxram=32768/nginx/n=420,32039,31043,996,11431,21337,32768,12790,0.00,0.00,32552
1781299846,1118.9,maxram=32768/nginx/n=430,32039,31079,960,11431,21337,32768,12818,0.00,0.00,32495
1781299848,1121.0,maxram=32768/nginx/n=430,32039,31177,861,11431,21337,32768,12911,0.00,0.00,32512
1781299850,1123.0,maxram=32768/nginx/n=430,32039,30718,1321,11961,20807,32768,12996,0.00,0.00,32445
1781299852,1125.0,maxram=32768/nginx/n=440,32039,30796,1243,11961,20807,32768,13065,0.00,0.00,31940
1781299854,1127.0,maxram=32768/nginx/n=440,32039,30900,1139,11961,20807,32768,13176,0.00,0.00,32536
1781299856,1129.1,maxram=32768/nginx/n=450,32039,30959,1079,11961,20807,32768,13248,0.00,0.00,31947
1781299858,1131.1,maxram=32768/nginx/n=450,32039,31064,975,11961,20807,32768,13336,0.00,0.00,32174
1781299860,1133.1,maxram=32768/nginx/n=450,32039,31157,882,11961,20807,32768,13440,0.00,0.00,31822
1781299862,1135.2,maxram=32768/nginx/n=460,32039,31190,849,11961,20807,32768,13492,0.00,0.00,31792
1781299864,1137.2,maxram=32768/nginx/n=460,32039,30730,1309,12501,20267,32768,13546,0.00,0.00,31407
1781299866,1139.2,maxram=32768/nginx/n=470,32039,30845,1194,12501,20267,32768,13660,0.00,0.00,32145
1781299868,1141.3,maxram=32768/nginx/n=470,32039,30911,1128,12501,20267,32768,13727,0.00,0.00,32090
1781299870,1143.3,maxram=32768/nginx/n=470,32039,31012,1027,12501,20267,32768,13828,0.00,0.00,32010
1781299872,1145.3,maxram=32768/nginx/n=480,32039,31051,988,12501,20267,32768,13887,0.00,0.00,31760
1781299874,1147.4,maxram=32768/nginx/n=480,32039,31057,981,12501,20267,32768,13913,0.00,0.00,31547
1781299877,1149.5,maxram=32768/nginx/n=480,32039,31049,990,12501,20267,32768,13914,0.00,0.00,31765
1781299879,1151.5,maxram=32768/nginx/n=480,32039,31159,879,12501,20267,32768,13999,0.00,0.00,32001
1781299881,1153.6,maxram=32768/nginx/n=490,32039,31215,823,12501,20267,32768,14065,0.00,0.00,32133
1781299883,1155.6,maxram=32768/nginx/n=490,32039,30755,1283,13053,19715,32768,14124,0.00,0.00,32303
1781299885,1157.6,maxram=32768/nginx/n=490,32039,30875,1164,13053,19715,32768,14237,0.00,0.00,31706
1781299887,1159.6,maxram=32768/nginx/n=500,32039,30908,1131,13053,19715,32768,14307,0.00,0.00,32400
1781299889,1161.7,maxram=32768/nginx/n=500,32039,30994,1045,13053,19715,32768,14392,0.00,0.00,32276
1781299891,1163.7,maxram=32768/nginx/n=500,32039,31099,940,13053,19715,32768,14482,0.00,0.00,31655
1781299893,1165.7,maxram=32768/nginx/n=510,32039,31141,898,13053,19715,32768,14537,0.00,0.00,31708
1781299895,1167.8,maxram=32768/nginx/n=510,32039,31211,828,13053,19715,32768,14613,0.00,0.00,31817
1781299897,1169.8,maxram=32768/nginx/n=520,32039,30732,1306,13625,19143,32768,14691,0.00,0.00,31634
1781299899,1171.8,maxram=32768/nginx/n=520,32039,30834,1205,13625,19143,32768,14793,0.00,0.00,31721
1781299901,1173.9,maxram=32768/nginx/n=520,32039,30924,1115,13625,19143,32768,14890,0.00,0.00,31660
1781299903,1175.9,maxram=32768/nginx/n=530,32039,30993,1046,13625,19143,32768,14962,0.00,0.00,31630
1781299905,1177.9,maxram=32768/nginx/n=530,32039,31033,1005,13625,19143,32768,15018,0.00,0.00,31671
1781299907,1180.1,maxram=32768/nginx/n=530,32039,31007,1032,13625,19143,32768,15021,0.00,0.00,31412
1781299909,1182.3,maxram=32768/nginx/n=530,32039,31069,970,13625,19143,32768,15066,0.00,0.00,31183
1781299911,1184.3,maxram=32768/nginx/n=540,32039,31129,910,13625,19143,32768,15171,0.00,0.00,31619
1781299913,1186.3,maxram=32768/nginx/n=540,32039,31209,829,13625,19143,32768,15232,0.00,0.00,31378
1781299915,1188.4,maxram=32768/nginx/n=540,32039,30779,1259,14160,18608,32768,15306,0.00,0.00,31838
1781299917,1190.4,maxram=32768/nginx/n=550,32039,30829,1210,14160,18608,32768,15372,0.00,0.00,31835
1781299920,1192.4,maxram=32768/nginx/n=550,32039,30906,1133,14160,18608,32768,15451,0.00,0.00,31787
1781299922,1194.5,maxram=32768/nginx/n=550,32039,31024,1015,14160,18608,32768,15564,0.00,0.00,31710
1781299924,1196.5,maxram=32768/nginx/n=560,32039,31105,933,14160,18608,32768,15653,0.00,0.00,31256
1781299926,1198.6,maxram=32768/nginx/n=560,32039,31185,854,14160,18608,32768,15740,0.00,0.00,30951
1781299928,1200.6,maxram=32768/nginx/n=570,32039,31198,840,14160,18608,32768,15777,0.00,0.00,31070
1781299930,1202.6,maxram=32768/nginx/n=570,32039,30762,1277,14719,18049,32768,15839,0.00,0.00,30971
1781299932,1204.6,maxram=32768/nginx/n=570,32039,30859,1180,14719,18049,32768,15942,0.00,0.00,30705
1781299934,1206.7,maxram=32768/nginx/n=580,32039,30886,1152,14719,18049,32768,16014,0.00,0.00,31066
1781299936,1208.7,maxram=32768/nginx/n=580,32039,30948,1090,14719,18049,32768,16054,0.00,0.00,31216
1781299938,1210.9,maxram=32768/nginx/n=580,32039,30927,1112,14719,18049,32768,16058,0.00,0.00,31076
1781299940,1212.9,maxram=32768/nginx/n=580,32039,31001,1038,14719,18049,32768,16106,0.00,0.00,31107
1781299942,1215.0,maxram=32768/nginx/n=580,32039,31085,954,14719,18049,32768,16195,0.00,0.00,31167
1781299944,1217.0,maxram=32768/nginx/n=590,32039,31122,917,14719,18049,32768,16246,0.00,0.00,30904
1781299946,1219.0,maxram=32768/nginx/n=590,32039,31203,836,14719,18049,32768,16330,0.00,0.00,31060
1781299948,1221.1,maxram=32768/nginx/n=590,32039,31294,745,14719,18049,32768,16396,0.00,0.00,31043
1781299950,1223.1,maxram=32768/nginx/n=600,32039,30784,1254,15281,17487,32768,16449,0.00,0.00,30968
1781299952,1225.1,maxram=32768/nginx/n=600,32039,30903,1136,15281,17487,32768,16557,0.00,0.00,30158
1781299954,1227.2,maxram=32768/nginx/n=610,32039,30967,1072,15281,17487,32768,16640,0.00,0.00,30682
1781299956,1229.2,maxram=32768/nginx/n=610,32039,31033,1005,15281,17487,32768,16699,0.00,0.00,30535
1781299958,1231.2,maxram=32768/nginx/n=610,32039,31087,952,15281,17487,32768,16765,0.00,0.00,30194
1781299960,1233.3,maxram=32768/nginx/n=620,32039,31098,941,15281,17487,32768,16848,0.00,0.00,30367
1781299962,1235.3,maxram=32768/nginx/n=620,32039,31191,848,15281,17487,32768,16906,0.00,0.00,30641
1781299964,1237.3,maxram=32768/nginx/n=620,32039,30718,1321,15837,16931,32768,16957,0.00,0.00,30391
1781299966,1239.3,maxram=32768/nginx/n=630,32039,30768,1271,15837,16931,32768,17031,0.00,0.00,30432
1781299968,1241.4,maxram=32768/nginx/n=630,32039,30810,1229,15837,16931,32768,17079,0.00,0.00,30425
1781299970,1243.4,maxram=32768/nginx/n=630,32039,30788,1250,15837,16931,32768,17080,0.00,0.00,30588
1781299973,1245.5,maxram=32768/nginx/n=630,32039,30877,1161,15837,16931,32768,17123,0.00,0.00,30606
1781299975,1247.6,maxram=32768/nginx/n=630,32039,30971,1068,15837,16931,32768,17219,0.00,0.00,30588
1781299977,1249.6,maxram=32768/nginx/n=640,32039,31032,1007,15837,16931,32768,17284,0.00,0.00,30292
1781299979,1251.6,maxram=32768/nginx/n=640,32039,31094,944,15837,16931,32768,17366,0.00,0.00,30327
1781299981,1253.7,maxram=32768/nginx/n=640,32039,31193,846,15837,16931,32768,17446,0.00,0.00,30026
1781299983,1255.7,maxram=32768/nginx/n=650,32039,31219,819,15837,16931,32768,17496,0.00,0.00,30345
1781299985,1257.7,maxram=32768/nginx/n=650,32039,30791,1248,16359,16409,32768,17574,0.00,0.00,30481
1781299987,1259.8,maxram=32768/nginx/n=650,32039,30881,1158,16359,16409,32768,17676,0.00,0.00,30624
1781299989,1261.8,maxram=32768/nginx/n=660,32039,30927,1112,16359,16409,32768,17718,0.00,0.00,30568
1781299991,1263.8,maxram=32768/nginx/n=660,32039,31034,1004,16359,16409,32768,17806,0.00,0.00,30083
1781299993,1265.9,maxram=32768/nginx/n=670,32039,31101,938,16359,16409,32768,17901,0.00,0.00,29920
1781299995,1267.9,maxram=32768/nginx/n=670,32039,31164,874,16359,16409,32768,17957,0.00,0.00,30050
1781299997,1269.9,maxram=32768/nginx/n=670,32039,31222,816,16359,16409,32768,18021,0.00,0.00,29912
1781299999,1271.9,maxram=32768/nginx/n=680,32039,30748,1290,16885,15883,32768,18090,0.00,0.00,29904
1781300001,1274.0,maxram=32768/nginx/n=680,32039,30746,1293,16885,15883,32768,18093,0.00,0.00,30046
1781300003,1276.3,maxram=32768/nginx/n=680,32039,30761,1278,16885,15883,32768,18115,0.00,0.00,29923
1781300005,1278.4,maxram=32768/nginx/n=680,32039,30848,1191,16885,15883,32768,18173,0.00,0.00,29943
1781300007,1280.4,maxram=32768/nginx/n=680,32039,30932,1107,16885,15883,32768,18257,0.00,0.00,29952
1781300010,1282.4,maxram=32768/nginx/n=690,32039,31005,1034,16885,15883,32768,18342,0.00,0.00,29794
1781300012,1284.5,maxram=32768/nginx/n=690,32039,31027,1011,16885,15883,32768,18374,0.00,0.00,29891
1781300014,1286.5,maxram=32768/nginx/n=690,32039,31127,912,16885,15883,32768,18456,0.00,0.00,30097
1781300016,1288.5,maxram=32768/nginx/n=700,32039,31195,844,16885,15883,32768,18546,0.00,0.00,30044
1781300018,1290.6,maxram=32768/nginx/n=700,32039,31246,792,16885,15883,32768,18578,0.00,0.00,30079
1781300020,1292.6,maxram=32768/nginx/n=700,32039,30764,1275,17470,15298,32768,18658,0.00,0.00,29669
1781300022,1294.6,maxram=32768/nginx/n=700,32039,30839,1200,17470,15298,32768,18732,0.00,0.00,29855
1781300024,1296.7,maxram=32768/nginx/n=710,32039,30874,1164,17470,15298,32768,18789,0.00,0.00,29914
1781300026,1298.7,maxram=32768/nginx/n=710,32039,30933,1106,17470,15298,32768,18871,0.00,0.00,30081
1781300028,1300.7,maxram=32768/nginx/n=710,32039,30968,1071,17470,15298,32768,18945,0.00,0.00,30044
1781300030,1302.8,maxram=32768/nginx/n=720,32039,31014,1025,17470,15298,32768,18987,0.00,0.00,30035
1781300032,1304.8,maxram=32768/nginx/n=720,32039,31108,931,17470,15298,32768,19057,0.00,0.00,29736
1781300034,1306.8,maxram=32768/nginx/n=720,32039,31191,848,17470,15298,32768,19142,0.00,0.00,29365
1781300036,1308.9,maxram=32768/nginx/n=730,32039,31220,819,17470,15298,32768,19192,0.00,0.00,29173
1781300038,1310.9,maxram=32768/nginx/n=730,32039,30724,1315,17987,14781,32768,19211,0.00,0.00,29338
1781300040,1313.2,maxram=32768/nginx/n=730,32039,30708,1331,17987,14781,32768,19212,0.00,0.00,29377
1781300042,1315.3,maxram=32768/nginx/n=730,32039,30742,1297,17987,14781,32768,19241,0.00,0.00,29502
1781300044,1317.3,maxram=32768/nginx/n=730,32039,30864,1175,17987,14781,32768,19352,0.00,0.00,29016
1781300046,1319.3,maxram=32768/nginx/n=740,32039,30915,1124,17987,14781,32768,19416,0.00,0.00,29368
1781300048,1321.3,maxram=32768/nginx/n=740,32039,30994,1045,17987,14781,32768,19476,0.00,0.00,29247
1781300050,1323.4,maxram=32768/nginx/n=740,32039,31079,960,17987,14781,32768,19557,0.00,0.00,29081
1781300052,1325.4,maxram=32768/nginx/n=750,32039,31117,922,17987,14781,32768,19631,0.00,0.00,28963
1781300055,1327.4,maxram=32768/nginx/n=750,32039,31210,829,17987,14781,32768,19705,0.00,0.00,28702
1781300057,1329.5,maxram=32768/nginx/n=750,32039,30760,1279,18513,14255,32768,19772,0.00,0.00,28658
1781300059,1331.5,maxram=32768/nginx/n=760,32039,30811,1228,18513,14255,32768,19828,0.00,0.00,28755
1781300061,1333.5,maxram=32768/nginx/n=760,32039,30912,1127,18513,14255,32768,19915,0.00,0.00,28794
1781300063,1335.6,maxram=32768/nginx/n=760,32039,31005,1034,18513,14255,32768,20011,0.00,0.00,28957
1781300065,1337.6,maxram=32768/nginx/n=770,32039,31016,1023,18513,14255,32768,20060,0.00,0.00,29067
1781300067,1339.6,maxram=32768/nginx/n=770,32039,31109,930,18513,14255,32768,20141,0.00,0.00,29036
1781300069,1341.7,maxram=32768/nginx/n=770,32039,31190,848,18513,14255,32768,20220,0.00,0.00,29023
1781300071,1343.7,maxram=32768/nginx/n=780,32039,31204,835,18513,14255,32768,20267,0.00,0.00,29038
1781300073,1345.7,maxram=32768/nginx/n=780,32039,31199,840,18513,14255,32768,20270,0.00,0.00,28947
1781300075,1348.0,maxram=32768/nginx/n=780,32039,31226,812,18513,14255,32768,20271,0.00,0.00,29095
1781300077,1350.0,maxram=32768/nginx/n=780,32039,30819,1220,19054,13714,32768,20365,0.00,0.00,29106
1781300079,1352.0,maxram=32768/nginx/n=780,32039,30880,1159,19054,13714,32768,20442,0.00,0.00,29301
1781300081,1354.1,maxram=32768/nginx/n=790,32039,30911,1128,19054,13714,32768,20492,0.00,0.00,28950
1781300083,1356.1,maxram=32768/nginx/n=790,32039,31018,1020,19054,13714,32768,20586,0.00,0.00,29425
1781300085,1358.1,maxram=32768/nginx/n=790,32039,31095,944,19054,13714,32768,20677,0.00,0.00,28990
1781300087,1360.2,maxram=32768/nginx/n=800,32039,31149,890,19054,13714,32768,20745,0.00,0.00,29082
1781300089,1362.2,maxram=32768/nginx/n=800,32039,31199,840,19054,13714,32768,20816,0.00,0.00,28810
1781300091,1364.2,maxram=32768/nginx/n=810,32039,30767,1272,19606,13162,32768,20888,0.00,0.00,29154
1781300093,1366.3,maxram=32768/nginx/n=810,32039,30811,1227,19606,13162,32768,20940,0.00,0.00,29134
1781300095,1368.3,maxram=32768/nginx/n=810,32039,30874,1164,19606,13162,32768,21024,0.00,0.00,29032
1781300097,1370.3,maxram=32768/nginx/n=810,32039,30973,1066,19606,13162,32768,21120,0.00,0.00,28698
1781300099,1372.4,maxram=32768/nginx/n=820,32039,30944,1095,19606,13162,32768,21138,0.00,0.00,29066
1781300101,1374.4,maxram=32768/nginx/n=820,32039,31051,988,19606,13162,32768,21214,0.00,0.00,29079
1781300104,1376.4,maxram=32768/nginx/n=820,32039,31136,902,19606,13162,32768,21300,0.00,0.00,29019
1781300106,1378.5,maxram=32768/nginx/n=820,32039,31116,923,19606,13162,32768,21316,0.00,0.00,29276
1781300108,1380.6,maxram=32768/nginx/n=820,32039,31126,913,19606,13162,32768,21328,0.00,0.00,29258
1781300110,1382.6,maxram=32768/nginx/n=830,32039,31180,858,19606,13162,32768,21366,0.00,0.00,29153
1781300112,1384.6,maxram=32768/nginx/n=830,32039,30747,1291,20146,12622,32768,21441,0.00,0.00,28758
1781300114,1386.7,maxram=32768/nginx/n=840,32039,30855,1184,20146,12622,32768,21540,0.00,0.00,28876
1781300116,1388.7,maxram=32768/nginx/n=840,32039,30895,1144,20146,12622,32768,21585,0.00,0.00,29008
1781300118,1390.7,maxram=32768/nginx/n=840,32039,31026,1012,20146,12622,32768,21720,0.00,0.00,28903
1781300120,1392.7,maxram=32768/nginx/n=850,32039,31059,980,20146,12622,32768,21794,0.00,0.00,28697
1781300122,1394.8,maxram=32768/nginx/n=850,32039,31092,946,20146,12622,32768,21832,0.00,0.00,28647
1781300124,1396.8,maxram=32768/nginx/n=850,32039,31203,836,20146,12622,32768,21926,0.00,0.00,28670
1781300126,1398.8,maxram=32768/nginx/n=860,32039,30707,1332,20681,12087,32768,21967,0.00,0.00,28531
1781300128,1400.9,maxram=32768/nginx/n=860,32039,30827,1212,20681,12087,32768,22061,0.00,0.00,28560
1781300130,1402.9,maxram=32768/nginx/n=860,32039,30914,1124,20681,12087,32768,22169,0.00,0.00,28687
1781300132,1404.9,maxram=32768/nginx/n=870,32039,30925,1114,20681,12087,32768,22218,0.00,0.00,28590
1781300134,1407.0,maxram=32768/nginx/n=870,32039,31039,1000,20681,12087,32768,22299,0.00,0.00,28587
1781300136,1409.0,maxram=32768/nginx/n=870,32039,31108,930,20681,12087,32768,22385,0.00,0.00,28685
1781300138,1411.0,maxram=32768/nginx/n=880,32039,31151,888,20681,12087,32768,22436,0.00,0.00,28668
1781300140,1413.1,maxram=32768/nginx/n=880,32039,31147,892,20681,12087,32768,22450,0.00,0.00,28583
1781300142,1415.3,maxram=32768/nginx/n=880,32039,31223,816,20681,12087,32768,22491,0.00,0.00,28579
1781300144,1417.4,maxram=32768/nginx/n=880,32039,31163,875,20681,12087,32768,22526,0.00,0.00,28542
1781300147,1419.4,maxram=32768/nginx/n=890,32039,31240,798,20681,12087,32768,22556,0.00,0.00,28595
1781300149,1421.4,maxram=32768/nginx/n=890,32039,30552,1487,21209,11559,32768,22593,0.72,0.72,28520
1781300151,1423.5,maxram=32768/nginx/n=890,32039,30650,1389,21209,11559,32768,22623,0.59,0.59,28504
1781300153,1425.5,maxram=32768/nginx/n=900,32039,30689,1350,21209,11559,32768,22652,0.48,0.48,28451
1781300155,1427.5,maxram=32768/nginx/n=900,32039,30777,1262,21209,11559,32768,22686,0.39,0.39,28436
1781300157,1429.6,maxram=32768/nginx/n=900,32039,30879,1160,21209,11559,32768,22729,0.32,0.32,28665
1781300159,1431.6,maxram=32768/nginx/n=910,32039,30924,1115,21209,11559,32768,22797,0.26,0.26,28304
1781300161,1433.6,maxram=32768/nginx/n=910,32039,30978,1061,21209,11559,32768,22872,0.21,0.21,28154
1781300163,1435.7,maxram=32768/nginx/n=910,32039,31074,964,21209,11559,32768,22951,0.17,0.17,28399
1781300165,1437.7,maxram=32768/nginx/n=920,32039,31128,911,21209,11559,32768,23008,0.14,0.14,27766
1781300167,1439.7,maxram=32768/nginx/n=920,32039,31193,846,21209,11559,32768,23064,0.11,0.11,28450
1781300169,1441.8,maxram=32768/nginx/n=920,32039,31140,898,21209,11559,32768,23106,0.09,0.09,28138
1781300171,1444.1,maxram=32768/nginx/n=920,32039,31135,904,21209,11559,32768,23110,0.26,0.26,28035
1781300173,1446.3,maxram=32768/nginx/n=930,32039,31202,837,21209,11559,32768,23154,0.21,0.21,27744
1781300175,1448.3,maxram=32768/nginx/n=930,32039,31233,806,21209,11559,32768,23156,0.17,0.17,28034
1781300178,1450.4,maxram=32768/nginx/n=930,32039,31236,802,21209,11559,32768,23173,0.32,0.32,28185
1781300180,1452.4,maxram=32768/nginx/n=940,32039,30783,1256,21735,11033,32768,23204,0.26,0.26,27818
1781300182,1454.4,maxram=32768/nginx/n=940,32039,30847,1191,21735,11033,32768,23238,0.21,0.21,28219
1781300184,1456.5,maxram=32768/nginx/n=940,32039,30919,1119,21735,11033,32768,23331,0.17,0.17,28231
1781300186,1458.5,maxram=32768/nginx/n=950,32039,30987,1052,21735,11033,32768,23412,0.14,0.14,28389
1781300188,1460.5,maxram=32768/nginx/n=950,32039,31074,965,21735,11033,32768,23469,0.11,0.11,28243
1781300190,1462.6,maxram=32768/nginx/n=950,32039,31162,877,21735,11033,32768,23561,0.09,0.09,28288
1781300192,1464.6,maxram=32768/nginx/n=960,32039,30693,1346,22249,10519,32768,23629,0.07,0.07,28000
1781300194,1466.6,maxram=32768/nginx/n=960,32039,30775,1263,22249,10519,32768,23675,0.06,0.06,28193
1781300196,1468.7,maxram=32768/nginx/n=960,32039,30863,1176,22249,10519,32768,23769,0.05,0.05,28022
1781300198,1470.7,maxram=32768/nginx/n=970,32039,30938,1100,22249,10519,32768,23871,0.04,0.04,28229
1781300200,1472.7,maxram=32768/nginx/n=970,32039,31017,1022,22249,10519,32768,23921,0.03,0.03,28149
1781300202,1474.7,maxram=32768/nginx/n=970,32039,30965,1074,22249,10519,32768,23943,0.02,0.02,28154
1781300204,1476.8,maxram=32768/nginx/n=970,32039,30993,1046,22249,10519,32768,23946,0.02,0.02,28141
1781300206,1479.1,maxram=32768/nginx/n=970,32039,31098,941,22249,10519,32768,24009,0.01,0.01,27945
1781300208,1481.2,maxram=32768/nginx/n=980,32039,31122,916,22249,10519,32768,24080,0.01,0.01,27432
1781300210,1483.2,maxram=32768/nginx/n=980,32039,31223,816,22249,10519,32768,24147,0.00,0.00,28724
1781300212,1485.2,maxram=32768/nginx/n=980,32039,31143,896,22249,10519,32768,24178,2.54,2.54,28084
1781300214,1487.3,maxram=32768/nginx/n=990,32039,31183,856,22249,10519,32768,24201,2.08,2.08,28304
1781300216,1489.3,maxram=32768/nginx/n=990,32039,31034,1005,22249,10519,32768,24220,2.97,2.97,28442
1781300218,1491.3,maxram=32768/nginx/n=990,32039,31103,935,22249,10519,32768,24246,4.79,4.79,28281
1781300220,1493.4,maxram=32768/nginx/n=1000,32039,31127,912,22249,10519,32768,24254,6.45,6.45,28454
1781300223,1495.4,maxram=32768/nginx/n=1000,32039,31215,824,22249,10519,32768,24254,5.47,5.47,28414
1781300225,1497.4,maxram=32768/nginx/n=1000,32039,30768,1271,22777,9991,32768,24282,8.64,8.64,28006
1781300227,1499.5,maxram=32768/nginx/n=1010,32039,30805,1234,22777,9991,32768,24302,7.07,7.07,28559
1781300229,1501.5,maxram=32768/nginx/n=1010,32039,30934,1105,22777,9991,32768,24368,5.79,5.79,28064
1781300231,1503.5,maxram=32768/nginx/n=1010,32039,31012,1027,22777,9991,32768,24447,4.74,4.74,28056
1781300233,1505.5,maxram=32768/nginx/n=1020,32039,31036,1003,22777,9991,32768,24503,3.88,3.88,28392
1781300235,1507.6,maxram=32768/nginx/n=1020,32039,31088,951,22777,9991,32768,24535,3.18,3.18,28391
1781300237,1509.8,maxram=32768/nginx/n=1020,32039,31078,960,22777,9991,32768,24556,2.60,2.60,28415
1781300239,1512.0,maxram=32768/nginx/n=1020,32039,31105,934,22777,9991,32768,24581,2.13,2.13,28399
1781300241,1514.0,maxram=32768/nginx/n=1020,32039,31080,959,22777,9991,32768,24593,1.74,1.74,28299
1781300243,1516.0,maxram=32768/nginx/n=1020,32039,30695,1344,22777,9991,32768,24621,1.43,1.43,28010
1781300245,1518.1,maxram=32768/nginx/n=1020,32039,30651,1388,22777,9991,32768,24619,1.17,1.17,28122
1781300247,1520.1,maxram=32768/nginx/n=1020,32039,29790,2248,22777,9991,32768,24623,0.95,0.95,27829
1781300249,1522.1,maxram=32768/nginx/n=1020,32039,29729,2310,22777,9991,32768,24622,0.78,0.78,28007
1781300251,1524.2,maxram=32768/nginx/n=1020,32039,29666,2373,22777,9991,32768,24622,0.64,0.64,28094
1781300253,1526.2,maxram=32768/nginx/n=1020,32039,28745,3294,22777,9991,32768,24623,0.52,0.52,27850
1781300255,1528.2,maxram=32768/nginx/n=1020,32039,28715,3324,22777,9991,32768,24624,0.43,0.43,28049
1781300257,1530.3,maxram=32768/nginx/n=1020,32039,28668,3370,22777,9991,32768,24624,0.35,0.35,27839
1781300259,1532.3,maxram=32768/nginx/n=1020,32039,27757,4282,22777,9991,32768,24626,0.28,0.28,27877
1781300261,1534.3,maxram=32768/nginx/n=1020,32039,27786,4252,22777,9991,32768,24623,0.23,0.23,27903
1781300264,1536.6,maxram=32768/nginx/n=1020,32039,27729,4310,22777,9991,32768,24623,0.19,0.19,27740
1781300266,1538.7,maxram=32768/nginx/n=1020,32039,27702,4337,22777,9991,32768,24622,0.15,0.15,27981
1781300268,1540.7,maxram=32768/nginx/n=1020,32039,27673,4366,22777,9991,32768,24621,0.12,0.12,27858
1781300270,1542.7,maxram=32768/nginx/n=1020,32039,26784,5255,22777,9991,32768,24625,0.10,0.10,27226
1781300272,1544.8,maxram=32768/nginx/n=1020,32039,26753,5286,22777,9991,32768,24624,0.08,0.08,27579
1781300274,1546.8,maxram=32768/nginx/n=1020,32039,26702,5337,22777,9991,32768,24623,0.07,0.07,27587
1781300276,1548.8,maxram=32768/nginx/n=1020,32039,25757,6281,22777,9991,32768,24624,0.05,0.05,27457
1781300278,1550.9,maxram=32768/nginx/n=1020,32039,25725,6314,22777,9991,32768,24623,0.04,0.04,27367
1781300280,1552.9,maxram=32768/nginx/n=1020,32039,25725,6313,22777,9991,32768,24623,0.03,0.03,27431
1781300282,1555.0,maxram=32768/nginx/n=1020,32039,24845,7194,22777,9991,32768,24625,0.03,0.03,27402
1781300284,1557.0,maxram=32768/nginx/n=1020,32039,24750,7288,22777,9991,32768,24624,0.02,0.02,27437
1781300286,1559.2,maxram=32768/nginx/n=1020,32039,24747,7291,22777,9991,32768,24624,0.01,0.01,27575
1781300289,1561.5,maxram=32768/nginx/n=1020,32039,24730,7309,22777,9991,32768,24622,0.01,0.01,27824
1781300291,1563.6,maxram=32768/nginx/n=1020,32039,24882,7157,16754,16014,32768,24622,0.01,0.01,27776
1781300293,1565.6,maxram=32768/nginx/n=1020,32039,28133,3905,16754,16014,32768,24625,0.00,0.00,28184
1781300295,1567.6,maxram=32768/nginx/n=1020,32039,29791,2248,16754,16014,32768,24623,0.00,0.00,27884
1781300297,1569.7,maxram=32768/nginx/n=1020,32039,29770,2269,16754,16014,32768,24623,0.00,0.00,27888
1781300299,1571.7,maxram=32768/nginx/n=1020,32039,28875,3164,16754,16014,32768,24630,0.00,0.00,27898
1781300301,1573.7,maxram=32768/nginx/n=1020,32039,28823,3215,16754,16014,32768,24628,0.00,0.00,27486
1781300303,1575.8,maxram=32768/nginx/n=1020,32039,28780,3259,16754,16014,32768,24626,0.00,0.00,27736
1781300305,1577.8,maxram=32768/nginx/n=1020,32039,28767,3271,16754,16014,32768,24626,0.00,0.00,28485
1781300307,1579.8,maxram=32768/nginx/n=1020,32039,27833,4205,16754,16014,32768,24628,0.00,0.00,28597
1781300309,1581.9,maxram=32768/nginx/n=1020,32039,27800,4239,16754,16014,32768,24628,0.00,0.00,28270
1781300311,1583.9,maxram=32768/nginx/n=1020,32039,27813,4226,16754,16014,32768,24628,0.00,0.00,27624
1781300313,1586.0,maxram=32768/nginx/n=1020,32039,27788,4251,16754,16014,32768,24628,0.00,0.00,27363
1781300315,1588.0,maxram=32768/nginx/n=1020,32039,27791,4247,16754,16014,32768,24627,0.00,0.00,27894
1781300317,1590.0,maxram=32768/nginx/n=1020,32039,27757,4282,16754,16014,32768,24626,0.00,0.00,27566
1781300319,1592.1,maxram=32768/nginx/n=1020,32039,27152,4887,16754,16014,32768,24628,0.00,0.00,27735
1781300321,1594.1,maxram=32768/nginx/n=1020,32039,26961,5078,16754,16014,32768,24627,0.00,0.00,27601
1781300323,1596.2,maxram=32768/nginx/n=1020,32039,26917,5122,16754,16014,32768,24627,0.00,0.00,27611
1781300325,1598.2,maxram=32768/nginx/n=1020,32039,26902,5136,16754,16014,32768,24627,0.00,0.00,27879
1781300327,1600.2,maxram=32768/nginx/n=1020,32039,26849,5190,16754,16014,32768,24625,0.00,0.00,28083
1781300329,1602.2,maxram=32768/nginx/n=1020,32039,26015,6024,16754,16014,32768,24627,0.00,0.00,28049
1781300331,1604.3,maxram=32768/nginx/n=1020,32039,26006,6033,16754,16014,32768,24626,0.00,0.00,28050
1781300333,1606.3,maxram=32768/nginx/n=1020,32039,25973,6066,16754,16014,32768,24626,0.00,0.00,27648
1781300336,1608.6,maxram=32768/nginx/n=1020,32039,25967,6072,16754,16014,32768,24627,0.00,0.00,27719
1781300338,1610.7,maxram=32768/nginx/n=1020,32039,25968,6071,16754,16014,32768,24627,0.00,0.00,27199
1781300340,1612.8,maxram=32768/nginx/n=1020,32039,25954,6085,16754,16014,32768,24626,0.00,0.00,27955
1781300342,1614.8,maxram=32768/nginx/n=1020,32039,26992,5047,11192,21576,32768,24628,0.00,0.00,27767
1781300344,1616.8,maxram=32768/nginx/n=1020,32039,30645,1393,11192,21576,32768,24628,0.00,0.00,26859
1781300346,1618.9,maxram=32768/nginx/n=1020,32039,30651,1388,11192,21576,32768,24628,1.26,1.26,27391
1781300348,1620.9,maxram=32768/nginx/n=1020,32039,30607,1432,11192,21576,32768,24628,2.48,2.48,28176
1781300350,1622.9,maxram=32768/nginx/n=1020,32039,29626,2413,11192,21576,32768,24639,7.10,7.10,28476
1781300352,1625.0,maxram=32768/nginx/n=1020,32039,29604,2435,11192,21576,32768,24637,6.18,6.18,27903
1781300354,1627.0,maxram=32768/nginx/n=1020,32039,29587,2452,11192,21576,32768,24637,5.06,5.06,28109
1781300356,1629.1,maxram=32768/nginx/n=1020,32039,29562,2476,11192,21576,32768,24637,4.14,4.14,27769
1781300358,1631.1,maxram=32768/nginx/n=1020,32039,28735,3304,11192,21576,32768,24638,3.39,3.39,28118
1781300360,1633.1,maxram=32768/nginx/n=1020,32039,28711,3328,11192,21576,32768,24637,2.77,2.77,27825
1781300362,1635.2,maxram=32768/nginx/n=1020,32039,28680,3359,11192,21576,32768,24637,2.27,2.27,27785
1781300365,1637.9,maxram=32768/nginx/n=1020,32039,28682,3357,11192,21576,32768,24637,1.52,1.52,27823
1781300367,1639.9,maxram=32768/nginx/n=1020,32039,28311,3728,11192,21576,32768,24639,1.24,1.24,27648
1781300369,1641.9,maxram=32768/nginx/n=1020,32039,27818,4221,11192,21576,32768,24639,1.02,1.02,27750
1781300371,1644.0,maxram=32768/nginx/n=1020,32039,27783,4256,11192,21576,32768,24638,0.83,0.83,27349
1781300373,1646.0,maxram=32768/nginx/n=1020,32039,27810,4229,11192,21576,32768,24637,0.68,0.68,27670
1781300375,1648.0,maxram=32768/nginx/n=1020,32039,26946,5093,11192,21576,32768,24639,0.56,0.56,27705
1781300377,1650.1,maxram=32768/nginx/n=1020,32039,26903,5136,11192,21576,32768,24638,0.45,0.45,27565
1781300379,1652.1,maxram=32768/nginx/n=1020,32039,26896,5142,11192,21576,32768,24641,0.37,0.37,27484
1781300381,1654.1,maxram=32768/nginx/n=1020,32039,25957,6082,11192,21576,32768,24643,0.30,0.30,27533
1781300383,1656.2,maxram=32768/nginx/n=1020,32039,25914,6124,11192,21576,32768,24642,0.25,0.25,27785
1781300386,1658.4,maxram=32768/nginx/n=1020,32039,25900,6138,11192,21576,32768,24642,0.20,0.20,27491
1781300388,1660.5,maxram=32768/nginx/n=1020,32039,25902,6137,11192,21576,32768,24642,0.16,0.16,27122
1781300390,1662.5,maxram=32768/nginx/n=1020,32039,24979,7060,11192,21576,32768,24643,0.13,0.13,27881
1781300392,1664.6,maxram=32768/nginx/n=1020,32039,24942,7097,11192,21576,32768,24643,0.11,0.11,27042
1781300394,1666.6,maxram=32768/nginx/n=1020,32039,25926,6113,5394,27374,32768,24642,0.09,0.09,27766
1781300396,1668.6,maxram=32768/nginx/n=1020,32039,29740,2298,5394,27374,32768,24643,0.07,0.07,27860
1781300398,1670.7,maxram=32768/nginx/n=1020,32039,29532,2507,5394,27374,32768,24643,0.78,0.78,27812
1781300400,1672.7,maxram=32768/nginx/n=1020,32039,29521,2518,5394,27374,32768,24643,0.64,0.64,28195
1781300402,1674.7,maxram=32768/nginx/n=1020,32039,29479,2560,5394,27374,32768,24642,0.52,0.52,27951
1781300404,1676.8,maxram=32768/nginx/n=1020,32039,28982,3057,5394,27374,32768,24641,0.43,0.43,27331
1781300406,1678.8,maxram=32768/nginx/n=1020,32039,28981,3058,5394,27374,32768,24641,0.35,0.35,28115
1781300408,1681.1,maxram=32768/nginx/n=1020,32039,28986,3053,5394,27374,32768,24640,0.28,0.28,27675
1781300412,1685.2,maxram=65536/idle,64183,866,63316,65536,0,65536,3930,0.00,0.00,36239
1781300414,1687.2,maxram=65536/idle,64183,856,63326,65536,0,65536,3965,0.00,0.00,35381
1781300416,1689.2,maxram=65536/idle,64183,972,63210,65536,0,65536,4124,0.00,0.00,35677
1781300418,1691.2,maxram=65536/idle,64183,1095,63088,65536,0,65536,4302,0.00,0.00,35848
1781300420,1693.3,maxram=65536/idle,64183,1157,63025,65536,0,65536,4368,0.00,0.00,35785
1781300422,1695.3,maxram=65536/idle/n=10,64183,1188,62995,65536,0,65536,4404,0.00,0.00,35119
1781300424,1697.3,maxram=65536/idle/n=10,64183,1221,62962,65536,0,65536,4448,0.00,0.00,35241
1781300427,1699.4,maxram=65536/idle/n=20,64183,1240,62943,65536,0,65536,4487,0.00,0.00,35169
1781300429,1701.4,maxram=65536/idle/n=20,64183,1268,62915,65536,0,65536,4505,0.00,0.00,34865
1781300431,1703.5,maxram=65536/idle/n=20,64183,1287,62895,65536,0,65536,4520,0.00,0.00,35302
1781300433,1705.5,maxram=65536/idle/n=30,64183,1307,62876,65536,0,65536,4552,0.00,0.00,34704
1781300435,1707.5,maxram=65536/idle/n=30,64183,1344,62838,65536,0,65536,4592,0.00,0.00,35183
1781300437,1709.8,maxram=65536/idle/n=30,64183,1343,62840,65536,0,65536,4592,0.00,0.00,34793
1781300439,1711.8,maxram=65536/idle/n=30,64183,1355,62828,65536,0,65536,4603,0.00,0.00,34634
1781300441,1713.9,maxram=65536/idle/n=40,64183,1388,62795,65536,0,65536,4637,0.00,0.00,34544
1781300443,1715.9,maxram=65536/idle/n=40,64183,1439,62743,65536,0,65536,4686,0.00,0.00,34120
1781300445,1717.9,maxram=65536/idle/n=50,64183,1471,62712,65536,0,65536,4725,0.00,0.00,34381
1781300447,1720.0,maxram=65536/idle/n=50,64183,1512,62671,65536,0,65536,4756,0.00,0.00,33516
1781300449,1722.0,maxram=65536/idle/n=50,64183,1551,62632,65536,0,65536,4799,0.00,0.00,33711
1781300451,1724.0,maxram=65536/idle/n=60,64183,1575,62608,65536,0,65536,4825,0.00,0.00,33695
1781300453,1726.1,maxram=65536/idle/n=60,64183,1610,62573,65536,0,65536,4863,0.00,0.00,33745
1781300455,1728.1,maxram=65536/idle/n=70,64183,1632,62550,65536,0,65536,4896,0.00,0.00,33265
1781300457,1730.1,maxram=65536/idle/n=70,64183,22112,42071,5751,59785,65536,4935,0.00,0.00,33905
1781300459,1732.2,maxram=65536/idle/n=80,64183,58116,6066,5751,59785,65536,5023,0.00,0.00,34179
1781300461,1734.2,maxram=65536/idle/n=80,64183,61513,2670,5751,59785,65536,5052,0.00,0.00,33715
1781300464,1736.6,maxram=65536/idle/n=80,64183,61513,2669,5751,59785,65536,5054,0.00,0.00,33675
1781300466,1738.8,maxram=65536/idle/n=80,64183,61536,2647,5751,59785,65536,5082,0.00,0.00,33366
1781300468,1740.9,maxram=65536/idle/n=90,64183,61579,2603,5751,59785,65536,5118,0.00,0.00,33598
1781300470,1742.9,maxram=65536/idle/n=90,64183,61605,2578,5751,59785,65536,5151,0.00,0.00,33624
1781300472,1744.9,maxram=65536/idle/n=90,64183,61636,2546,5751,59785,65536,5188,0.00,0.00,33193
1781300474,1747.0,maxram=65536/idle/n=100,64183,61685,2498,5751,59785,65536,5231,0.00,0.00,33132
1781300476,1749.0,maxram=65536/idle/n=100,64183,61737,2446,5751,59785,65536,5273,0.00,0.00,33359
1781300478,1751.1,maxram=65536/idle/n=110,64183,61771,2411,5751,59785,65536,5309,0.00,0.00,33143
1781300480,1753.1,maxram=65536/idle/n=110,64183,61827,2356,5751,59785,65536,5372,0.00,0.00,33478
1781300482,1755.1,maxram=65536/idle/n=120,64183,61846,2336,5751,59785,65536,5400,0.00,0.00,33279
1781300484,1757.2,maxram=65536/idle/n=120,64183,61873,2310,5751,59785,65536,5427,0.00,0.00,33317
1781300486,1759.2,maxram=65536/idle/n=120,64183,61877,2305,5751,59785,65536,5461,0.00,0.00,33342
1781300488,1761.2,maxram=65536/idle/n=130,64183,61898,2284,5751,59785,65536,5471,0.00,0.00,33455
1781300491,1763.6,maxram=65536/idle/n=130,64183,61917,2265,5751,59785,65536,5482,0.00,0.00,33715
1781300493,1765.9,maxram=65536/idle/n=130,64183,61930,2252,5751,59785,65536,5495,0.00,0.00,33280
1781300495,1767.9,maxram=65536/idle/n=130,64183,61449,2734,6281,59255,65536,5531,0.00,0.00,32733
1781300497,1770.0,maxram=65536/idle/n=140,64183,61484,2699,6281,59255,65536,5569,0.00,0.00,33975
1781300499,1772.0,maxram=65536/idle/n=140,64183,61521,2661,6281,59255,65536,5613,0.00,0.00,33888
1781300501,1774.0,maxram=65536/idle/n=150,64183,61545,2638,6281,59255,65536,5646,0.00,0.00,33878
1781300503,1776.0,maxram=65536/idle/n=150,64183,61596,2587,6281,59255,65536,5686,0.00,0.00,33515
1781300505,1778.1,maxram=65536/idle/n=160,64183,61625,2557,6281,59255,65536,5731,0.00,0.00,33467
1781300507,1780.1,maxram=65536/idle/n=160,64183,61677,2505,6281,59255,65536,5778,0.00,0.00,33725
1781300509,1782.1,maxram=65536/idle/n=160,64183,61692,2491,6281,59255,65536,5800,0.00,0.00,33705
1781300511,1784.2,maxram=65536/idle/n=170,64183,61741,2441,6281,59255,65536,5847,0.00,0.00,32923
1781300513,1786.2,maxram=65536/idle/n=170,64183,61777,2406,6281,59255,65536,5883,0.00,0.00,32987
1781300515,1788.2,maxram=65536/idle/n=180,64183,61839,2344,6281,59255,65536,5952,0.00,0.00,32764
1781300517,1790.3,maxram=65536/idle/n=180,64183,61839,2343,6281,59255,65536,5956,0.00,0.00,32381
1781300520,1792.4,maxram=65536/idle/n=180,64183,61845,2338,6281,59255,65536,5957,0.00,0.00,32489
1781300522,1794.5,maxram=65536/idle/n=180,64183,61846,2337,6281,59255,65536,5972,0.00,0.00,32626
1781300524,1796.5,maxram=65536/idle/n=180,64183,61846,2337,6281,59255,65536,5993,0.00,0.00,32360
1781300526,1798.5,maxram=65536/idle/n=190,64183,61890,2292,6281,59255,65536,6018,0.00,0.00,32594
1781300528,1800.6,maxram=65536/idle/n=190,64183,61903,2279,6281,59255,65536,6028,0.00,0.00,33363
1781300530,1802.6,maxram=65536/idle/n=190,64183,61921,2261,6281,59255,65536,6053,0.00,0.00,32850
1781300532,1804.6,maxram=65536/idle/n=200,64183,61434,2749,6827,58709,65536,6086,0.00,0.00,32807
1781300534,1806.7,maxram=65536/idle/n=200,64183,61475,2707,6827,58709,65536,6131,0.00,0.00,32555
1781300536,1808.7,maxram=65536/idle/n=210,64183,61536,2647,6827,58709,65536,6180,0.00,0.00,33118
1781300538,1810.7,maxram=65536/idle/n=210,64183,61555,2628,6827,58709,65536,6211,0.00,0.00,32884
1781300540,1812.8,maxram=65536/idle/n=210,64183,61578,2604,6827,58709,65536,6266,0.00,0.00,33012
1781300542,1814.8,maxram=65536/idle/n=220,64183,61610,2572,6827,58709,65536,6282,0.00,0.00,32589
1781300544,1816.8,maxram=65536/idle/n=220,64183,61606,2576,6827,58709,65536,6297,0.00,0.00,32689
1781300546,1818.9,maxram=65536/idle/n=220,64183,61641,2542,6827,58709,65536,6319,0.00,0.00,32944
1781300548,1820.9,maxram=65536/idle/n=220,64183,61672,2511,6827,58709,65536,6363,0.00,0.00,32588
1781300550,1823.2,maxram=65536/idle/n=220,64183,61670,2512,6827,58709,65536,6363,0.00,0.00,32988
1781300552,1825.3,maxram=65536/idle/n=230,64183,61673,2510,6827,58709,65536,6369,0.00,0.00,32515
1781300554,1827.4,maxram=65536/idle/n=230,64183,61716,2467,6827,58709,65536,6402,0.00,0.00,32880
1781300557,1829.4,maxram=65536/idle/n=230,64183,61744,2439,6827,58709,65536,6435,0.00,0.00,33014
1781300559,1831.4,maxram=65536/idle/n=240,64183,61766,2417,6827,58709,65536,6461,0.00,0.00,32800
1781300561,1833.5,maxram=65536/idle/n=240,64183,61814,2368,6827,58709,65536,6499,0.00,0.00,32341
1781300563,1835.5,maxram=65536/idle/n=240,64183,61852,2331,6827,58709,65536,6535,0.00,0.00,33041
1781300565,1837.5,maxram=65536/idle/n=250,64183,61868,2315,6827,58709,65536,6559,0.00,0.00,32767
1781300567,1839.6,maxram=65536/idle/n=250,64183,61880,2303,6827,58709,65536,6587,0.00,0.00,32205
1781300569,1841.6,maxram=65536/idle/n=260,64183,61904,2279,6827,58709,65536,6613,0.00,0.00,32784
1781300571,1843.6,maxram=65536/idle/n=260,64183,61446,2736,7358,58178,65536,6653,0.00,0.00,32884
1781300573,1845.7,maxram=65536/idle/n=270,64183,61504,2678,7358,58178,65536,6710,0.00,0.00,32814
1781300575,1847.7,maxram=65536/idle/n=270,64183,61505,2677,7358,58178,65536,6737,0.00,0.00,32628
1781300577,1849.7,maxram=65536/idle/n=270,64183,61535,2648,7358,58178,65536,6792,0.00,0.00,32830
1781300579,1851.7,maxram=65536/idle/n=270,64183,61539,2643,7358,58178,65536,6792,0.00,0.00,32342
1781300581,1853.9,maxram=65536/idle/n=270,64183,61550,2633,7358,58178,65536,6795,0.00,0.00,32588
1781300583,1855.9,maxram=65536/idle/n=280,64183,61577,2606,7358,58178,65536,6820,0.00,0.00,32416
1781300585,1858.0,maxram=65536/idle/n=280,64183,61629,2554,7358,58178,65536,6882,0.00,0.00,32500
1781300587,1860.0,maxram=65536/idle/n=290,64183,61663,2520,7358,58178,65536,6901,0.00,0.00,32610
1781300589,1862.0,maxram=65536/idle/n=290,64183,61685,2497,7358,58178,65536,6936,0.00,0.00,32530
1781300591,1864.1,maxram=65536/idle/n=290,64183,61696,2486,7358,58178,65536,6943,0.00,0.00,32061
1781300593,1866.1,maxram=65536/idle/n=300,64183,61723,2459,7358,58178,65536,6992,0.00,0.00,32739
1781300595,1868.1,maxram=65536/idle/n=300,64183,61749,2433,7358,58178,65536,7005,0.00,0.00,31865
1781300597,1870.2,maxram=65536/idle/n=310,64183,61791,2392,7358,58178,65536,7054,0.00,0.00,32566
1781300599,1872.2,maxram=65536/idle/n=310,64183,61820,2362,7358,58178,65536,7073,0.00,0.00,32538
1781300601,1874.2,maxram=65536/idle/n=310,64183,61864,2319,7358,58178,65536,7109,0.00,0.00,32493
1781300603,1876.3,maxram=65536/idle/n=320,64183,61871,2311,7358,58178,65536,7127,0.00,0.00,32590
1781300605,1878.3,maxram=65536/idle/n=320,64183,61909,2274,7358,58178,65536,7175,0.00,0.00,32355
1781300608,1880.5,maxram=65536/idle/n=320,64183,61901,2282,7358,58178,65536,7178,0.00,0.00,32605
1781300610,1882.8,maxram=65536/idle/n=320,64183,61908,2274,7358,58178,65536,7184,0.00,0.00,32623
1781300612,1884.8,maxram=65536/idle/n=330,64183,61967,2216,7358,58178,65536,7195,0.00,0.00,32597
1781300614,1886.8,maxram=65536/idle/n=330,64183,61460,2722,7912,57624,65536,7232,0.00,0.00,32293
1781300616,1888.9,maxram=65536/idle/n=340,64183,61506,2677,7912,57624,65536,7279,0.00,0.00,32127
1781300618,1890.9,maxram=65536/idle/n=340,64183,61523,2659,7912,57624,65536,7315,0.00,0.00,32241
1781300620,1892.9,maxram=65536/idle/n=340,64183,61565,2618,7912,57624,65536,7347,0.00,0.00,32272
1781300622,1895.0,maxram=65536/idle/n=350,64183,61595,2588,7912,57624,65536,7385,0.00,0.00,32069
1781300624,1897.0,maxram=65536/idle/n=350,64183,61653,2530,7912,57624,65536,7455,0.00,0.00,32463
1781300626,1899.0,maxram=65536/idle/n=360,64183,61691,2492,7912,57624,65536,7497,0.00,0.00,32083
1781300628,1901.1,maxram=65536/idle/n=360,64183,61722,2460,7912,57624,65536,7532,0.00,0.00,32030
1781300630,1903.1,maxram=65536/idle/n=360,64183,61764,2419,7912,57624,65536,7582,0.00,0.00,31997
1781300632,1905.1,maxram=65536/idle/n=370,64183,61777,2406,7912,57624,65536,7607,0.00,0.00,32007
1781300634,1907.2,maxram=65536/idle/n=370,64183,61801,2382,7912,57624,65536,7616,0.00,0.00,32002
1781300637,1909.4,maxram=65536/idle/n=370,64183,61806,2377,7912,57624,65536,7616,0.00,0.00,32265
1781300639,1911.7,maxram=65536/idle/n=370,64183,61819,2364,7912,57624,65536,7646,0.00,0.00,31924
1781300641,1913.7,maxram=65536/idle/n=380,64183,61855,2328,7912,57624,65536,7674,0.00,0.00,32372
1781300643,1915.8,maxram=65536/idle/n=380,64183,61874,2309,7912,57624,65536,7701,0.00,0.00,32355
1781300645,1917.8,maxram=65536/idle/n=390,64183,61913,2269,7912,57624,65536,7728,0.00,0.00,32485
1781300647,1919.8,maxram=65536/idle/n=390,64183,61942,2241,7912,57624,65536,7758,0.00,0.00,31943
1781300649,1921.9,maxram=65536/idle/n=390,64183,61457,2725,8452,57084,65536,7810,0.00,0.00,32427
1781300651,1923.9,maxram=65536/idle/n=400,64183,61502,2680,8452,57084,65536,7839,0.00,0.00,31661
1781300653,1925.9,maxram=65536/idle/n=400,64183,61550,2632,8452,57084,65536,7882,0.00,0.00,31668
1781300655,1928.0,maxram=65536/idle/n=410,64183,61537,2645,8452,57084,65536,7919,0.00,0.00,32100
1781300657,1930.0,maxram=65536/idle/n=410,64183,61585,2598,8452,57084,65536,7948,0.00,0.00,32163
1781300659,1932.0,maxram=65536/idle/n=410,64183,61610,2572,8452,57084,65536,7982,0.00,0.00,32170
1781300661,1934.1,maxram=65536/idle/n=420,64183,61635,2547,8452,57084,65536,8012,0.00,0.00,31925
1781300663,1936.1,maxram=65536/idle/n=420,64183,61659,2524,8452,57084,65536,8032,0.00,0.00,31937
1781300665,1938.2,maxram=65536/idle/n=420,64183,61660,2523,8452,57084,65536,8035,0.00,0.00,32062
1781300668,1940.4,maxram=65536/idle/n=420,64183,61700,2482,8452,57084,65536,8073,0.00,0.00,32075
1781300670,1942.4,maxram=65536/idle/n=430,64183,61740,2442,8452,57084,65536,8111,0.00,0.00,32050
1781300672,1944.4,maxram=65536/idle/n=430,64183,61765,2417,8452,57084,65536,8138,0.00,0.00,31818
1781300674,1946.5,maxram=65536/idle/n=440,64183,61780,2403,8452,57084,65536,8167,0.00,0.00,32101
1781300676,1948.5,maxram=65536/idle/n=440,64183,61844,2338,8452,57084,65536,8208,0.00,0.00,32079
1781300678,1950.5,maxram=65536/idle/n=440,64183,61849,2334,8452,57084,65536,8245,0.00,0.00,32015
1781300680,1952.6,maxram=65536/idle/n=450,64183,61867,2316,8452,57084,65536,8265,0.00,0.00,32022
1781300682,1954.6,maxram=65536/idle/n=450,64183,61885,2298,8452,57084,65536,8277,0.00,0.00,31786
1781300684,1956.6,maxram=65536/idle/n=460,64183,61935,2247,8452,57084,65536,8329,0.00,0.00,32016
1781300686,1958.7,maxram=65536/idle/n=460,64183,61457,2725,8987,56549,65536,8353,0.00,0.00,32000
1781300688,1960.7,maxram=65536/idle/n=460,64183,61487,2696,8987,56549,65536,8387,0.00,0.00,31996
1781300690,1962.7,maxram=65536/idle/n=470,64183,61524,2659,8987,56549,65536,8435,0.00,0.00,31731
1781300692,1964.8,maxram=65536/idle/n=470,64183,61535,2648,8987,56549,65536,8451,0.00,0.00,31893
1781300694,1966.9,maxram=65536/idle/n=470,64183,61557,2625,8987,56549,65536,8467,0.00,0.00,31879
1781300696,1969.2,maxram=65536/idle/n=470,64183,61591,2592,8987,56549,65536,8494,0.00,0.00,31845
1781300698,1971.2,maxram=65536/idle/n=480,64183,61609,2573,8987,56549,65536,8534,0.00,0.00,31191
1781300700,1973.2,maxram=65536/idle/n=480,64183,61640,2542,8987,56549,65536,8566,0.00,0.00,31791
1781300702,1975.3,maxram=65536/idle/n=490,64183,61684,2498,8987,56549,65536,8602,0.00,0.00,31736
1781300704,1977.3,maxram=65536/idle/n=490,64183,61706,2477,8987,56549,65536,8641,0.00,0.00,31197
1781300706,1979.3,maxram=65536/idle/n=490,64183,61740,2443,8987,56549,65536,8672,0.00,0.00,31898
1781300708,1981.4,maxram=65536/idle/n=500,64183,61773,2410,8987,56549,65536,8700,0.00,0.00,31899
1781300711,1983.4,maxram=65536/idle/n=500,64183,61825,2358,8987,56549,65536,8743,0.00,0.00,31478
1781300713,1985.4,maxram=65536/idle/n=500,64183,61870,2313,8987,56549,65536,8780,0.00,0.00,31180
1781300715,1987.5,maxram=65536/idle/n=510,64183,61875,2308,8987,56549,65536,8800,0.00,0.00,31350
1781300717,1989.5,maxram=65536/idle/n=510,64183,61881,2302,8987,56549,65536,8824,0.00,0.00,31774
1781300719,1991.5,maxram=65536/idle/n=520,64183,61902,2281,8987,56549,65536,8843,0.00,0.00,31677
1781300721,1993.6,maxram=65536/idle/n=520,64183,61440,2742,9504,56032,65536,8877,0.00,0.00,31706
1781300723,1995.7,maxram=65536/idle/n=520,64183,61449,2733,9504,56032,65536,8884,0.00,0.00,31493
1781300725,1997.9,maxram=65536/idle/n=520,64183,61472,2711,9504,56032,65536,8908,0.00,0.00,31669
1781300727,1999.9,maxram=65536/idle/n=530,64183,61486,2696,9504,56032,65536,8951,0.00,0.00,31597
1781300729,2001.9,maxram=65536/idle/n=530,64183,61548,2635,9504,56032,65536,8990,0.00,0.00,31545
1781300731,2003.9,maxram=65536/idle/n=530,64183,61574,2609,9504,56032,65536,9032,0.00,0.00,31223
1781300733,2006.0,maxram=65536/idle/n=540,64183,61603,2580,9504,56032,65536,9062,0.00,0.00,31480
1781300735,2008.0,maxram=65536/idle/n=540,64183,61658,2524,9504,56032,65536,9101,0.00,0.00,31438
1781300737,2010.0,maxram=65536/idle/n=550,64183,61716,2467,9504,56032,65536,9154,0.00,0.00,31459
1781300739,2012.1,maxram=65536/idle/n=550,64183,61714,2469,9504,56032,65536,9180,0.00,0.00,31206
1781300741,2014.1,maxram=65536/idle/n=550,64183,61753,2429,9504,56032,65536,9206,0.00,0.00,31214
1781300743,2016.1,maxram=65536/idle/n=560,64183,61764,2418,9504,56032,65536,9242,0.00,0.00,31003
1781300745,2018.2,maxram=65536/idle/n=560,64183,61826,2356,9504,56032,65536,9279,0.00,0.00,31496
1781300748,2020.4,maxram=65536/idle/n=560,64183,61830,2352,9504,56032,65536,9283,0.00,0.00,31463
1781300750,2022.5,maxram=65536/idle/n=560,64183,61828,2355,9504,56032,65536,9285,0.00,0.00,31465
1781300752,2024.6,maxram=65536/idle/n=560,64183,61830,2352,9504,56032,65536,9300,0.00,0.00,31202
1781300754,2026.6,maxram=65536/idle/n=570,64183,61837,2345,9504,56032,65536,9318,0.00,0.00,31139
1781300756,2028.7,maxram=65536/idle/n=570,64183,61861,2321,9504,56032,65536,9347,0.00,0.00,31944
1781300758,2030.7,maxram=65536/idle/n=570,64183,61898,2284,9504,56032,65536,9370,0.00,0.00,31648
1781300760,2032.7,maxram=65536/idle/n=580,64183,61941,2242,9504,56032,65536,9392,0.00,0.00,31897
1781300762,2034.8,maxram=65536/idle/n=580,64183,61468,2715,10022,55514,65536,9430,0.00,0.00,31808
1781300764,2036.8,maxram=65536/idle/n=580,64183,61514,2668,10022,55514,65536,9474,0.00,0.00,31083
1781300766,2038.8,maxram=65536/idle/n=590,64183,61524,2659,10022,55514,65536,9509,0.00,0.00,31615
1781300768,2040.8,maxram=65536/idle/n=590,64183,61550,2633,10022,55514,65536,9534,0.00,0.00,31879
1781300770,2042.9,maxram=65536/idle/n=590,64183,61590,2592,10022,55514,65536,9576,0.00,0.00,31197
1781300772,2044.9,maxram=65536/idle/n=600,64183,61586,2597,10022,55514,65536,9595,0.00,0.00,31413
1781300774,2046.9,maxram=65536/idle/n=600,64183,61651,2532,10022,55514,65536,9652,0.00,0.00,31241
1781300776,2049.0,maxram=65536/idle/n=600,64183,61669,2514,10022,55514,65536,9674,0.00,0.00,30971
1781300778,2051.0,maxram=65536/idle/n=610,64183,61683,2500,10022,55514,65536,9684,0.00,0.00,31195
1781300780,2053.0,maxram=65536/idle/n=610,64183,61707,2475,10022,55514,65536,9716,0.00,0.00,31621
1781300782,2055.1,maxram=65536/idle/n=610,64183,61719,2464,10022,55514,65536,9743,0.00,0.00,31674
1781300784,2057.3,maxram=65536/idle/n=610,64183,61720,2462,10022,55514,65536,9745,0.00,0.00,31660
1781300787,2059.4,maxram=65536/idle/n=610,64183,61747,2436,10022,55514,65536,9767,0.00,0.00,31639
1781300789,2061.4,maxram=65536/idle/n=620,64183,61768,2414,10022,55514,65536,9784,0.00,0.00,31327
1781300791,2063.5,maxram=65536/idle/n=620,64183,61803,2380,10022,55514,65536,9816,0.00,0.00,31415
1781300793,2065.5,maxram=65536/idle/n=630,64183,61835,2348,10022,55514,65536,9861,0.00,0.00,31548
1781300795,2067.5,maxram=65536/idle/n=630,64183,61847,2335,10022,55514,65536,9884,0.00,0.00,31328
1781300797,2069.5,maxram=65536/idle/n=630,64183,61882,2301,10022,55514,65536,9909,0.00,0.00,31529
1781300799,2071.6,maxram=65536/idle/n=640,64183,61947,2236,10022,55514,65536,9927,0.00,0.00,31278
1781300801,2073.6,maxram=65536/idle/n=640,64183,61467,2715,10551,54985,65536,9971,0.00,0.00,30940
1781300803,2075.6,maxram=65536/idle/n=640,64183,61526,2656,10551,54985,65536,10027,0.00,0.00,31086
1781300805,2077.7,maxram=65536/idle/n=650,64183,61524,2658,10551,54985,65536,10050,0.00,0.00,31465
1781300807,2079.7,maxram=65536/idle/n=650,64183,61570,2612,10551,54985,65536,10089,0.00,0.00,31452
1781300809,2081.7,maxram=65536/idle/n=660,64183,61563,2619,10551,54985,65536,10116,0.00,0.00,31199
1781300811,2083.8,maxram=65536/idle/n=660,64183,61570,2613,10551,54985,65536,10129,0.00,0.00,31122
1781300813,2085.9,maxram=65536/idle/n=660,64183,61577,2606,10551,54985,65536,10134,0.00,0.00,31138
1781300815,2088.2,maxram=65536/idle/n=660,64183,61613,2570,10551,54985,65536,10157,0.00,0.00,31448
1781300817,2090.2,maxram=65536/idle/n=660,64183,61666,2516,10551,54985,65536,10212,0.00,0.00,31165
1781300819,2092.2,maxram=65536/idle/n=670,64183,61659,2523,10551,54985,65536,10234,0.00,0.00,31272
1781300821,2094.3,maxram=65536/idle/n=670,64183,61731,2451,10551,54985,65536,10267,0.00,0.00,31235
1781300823,2096.3,maxram=65536/idle/n=680,64183,61739,2443,10551,54985,65536,10295,0.00,0.00,31463
1781300825,2098.3,maxram=65536/idle/n=680,64183,61787,2396,10551,54985,65536,10334,0.00,0.00,31452
1781300828,2100.4,maxram=65536/idle/n=680,64183,61829,2354,10551,54985,65536,10390,0.00,0.00,31447
1781300830,2102.4,maxram=65536/idle/n=690,64183,61851,2332,10551,54985,65536,10412,0.00,0.00,31231
1781300832,2104.4,maxram=65536/idle/n=690,64183,61862,2321,10551,54985,65536,10432,0.00,0.00,30970
1781300834,2106.5,maxram=65536/idle/n=690,64183,61883,2300,10551,54985,65536,10452,0.00,0.00,31263
1781300836,2108.5,maxram=65536/idle/n=700,64183,61910,2273,10551,54985,65536,10473,0.00,0.00,30899
1781300838,2110.5,maxram=65536/idle/n=700,64183,61554,2629,11096,54440,65536,10517,0.00,0.00,31024
1781300840,2112.6,maxram=65536/idle/n=710,64183,61479,2704,11096,54440,65536,10552,0.00,0.00,30829
1781300842,2114.6,maxram=65536/idle/n=710,64183,61487,2696,11096,54440,65536,10567,0.00,0.00,31080
1781300844,2116.6,maxram=65536/idle/n=710,64183,61471,2711,11096,54440,65536,10569,0.00,0.00,31319
1781300846,2118.8,maxram=65536/idle/n=710,64183,61505,2677,11096,54440,65536,10605,0.00,0.00,31297
1781300848,2120.8,maxram=65536/idle/n=710,64183,61531,2652,11096,54440,65536,10638,0.00,0.00,31314
1781300850,2122.8,maxram=65536/idle/n=720,64183,61539,2643,11096,54440,65536,10668,0.00,0.00,31506
1781300852,2124.9,maxram=65536/idle/n=720,64183,61586,2597,11096,54440,65536,10709,0.00,0.00,31393
1781300854,2126.9,maxram=65536/idle/n=730,64183,61619,2564,11096,54440,65536,10738,0.00,0.00,31382
1781300856,2128.9,maxram=65536/idle/n=730,64183,61625,2558,11096,54440,65536,10760,0.00,0.00,30577
1781300858,2131.0,maxram=65536/idle/n=730,64183,61668,2515,11096,54440,65536,10793,0.00,0.00,31555
1781300860,2133.0,maxram=65536/idle/n=740,64183,61729,2454,11096,54440,65536,10860,0.00,0.00,31283
1781300862,2135.0,maxram=65536/idle/n=740,64183,61747,2436,11096,54440,65536,10876,0.00,0.00,31188
1781300864,2137.1,maxram=65536/idle/n=740,64183,61791,2391,11096,54440,65536,10913,0.00,0.00,31394
1781300866,2139.1,maxram=65536/idle/n=750,64183,61798,2385,11096,54440,65536,10934,0.00,0.00,31298
1781300868,2141.1,maxram=65536/idle/n=750,64183,61827,2356,11096,54440,65536,10963,0.00,0.00,30462
1781300870,2143.1,maxram=65536/idle/n=760,64183,61850,2332,11096,54440,65536,10997,0.00,0.00,31138
1781300872,2145.2,maxram=65536/idle/n=760,64183,61857,2325,11096,54440,65536,11005,0.00,0.00,31614
1781300874,2147.3,maxram=65536/idle/n=760,64183,61854,2329,11096,54440,65536,11009,0.00,0.00,31348
1781300877,2149.4,maxram=65536/idle/n=760,64183,61871,2312,11096,54440,65536,11019,0.00,0.00,31137
1781300879,2151.4,maxram=65536/idle/n=760,64183,61962,2221,11096,54440,65536,11056,0.00,0.00,31667
1781300881,2153.4,maxram=65536/idle/n=770,64183,61452,2730,11619,53917,65536,11084,0.00,0.00,31614
1781300883,2155.5,maxram=65536/idle/n=770,64183,61475,2707,11619,53917,65536,11115,0.00,0.00,31565
1781300885,2157.5,maxram=65536/idle/n=770,64183,61537,2646,11619,53917,65536,11169,0.00,0.00,30939
1781300887,2159.5,maxram=65536/idle/n=780,64183,61533,2650,11619,53917,65536,11191,0.00,0.00,31611
1781300889,2161.6,maxram=65536/idle/n=780,64183,61582,2600,11619,53917,65536,11240,0.00,0.00,31277
1781300891,2163.6,maxram=65536/idle/n=780,64183,61619,2564,11619,53917,65536,11277,0.00,0.00,30668
1781300893,2165.6,maxram=65536/idle/n=790,64183,61623,2559,11619,53917,65536,11289,0.00,0.00,31016
1781300895,2167.7,maxram=65536/idle/n=790,64183,61661,2522,11619,53917,65536,11318,0.00,0.00,31270
1781300897,2169.7,maxram=65536/idle/n=800,64183,61696,2487,11619,53917,65536,11356,0.00,0.00,31161
1781300899,2171.7,maxram=65536/idle/n=800,64183,61718,2465,11619,53917,65536,11375,0.00,0.00,31315
1781300901,2173.7,maxram=65536/idle/n=800,64183,61744,2439,11619,53917,65536,11423,0.00,0.00,31064
1781300903,2175.8,maxram=65536/idle/n=810,64183,61768,2415,11619,53917,65536,11444,0.00,0.00,31329
1781300905,2177.8,maxram=65536/idle/n=810,64183,61754,2428,11619,53917,65536,11446,0.00,0.00,31135
1781300907,2179.8,maxram=65536/idle/n=810,64183,61746,2437,11619,53917,65536,11446,0.00,0.00,31022
1781300909,2181.9,maxram=65536/idle/n=810,64183,61791,2392,11619,53917,65536,11467,0.00,0.00,31354
1781300911,2183.9,maxram=65536/idle/n=820,64183,61857,2325,11619,53917,65536,11516,0.00,0.00,31047
1781300913,2185.9,maxram=65536/idle/n=820,64183,61868,2315,11619,53917,65536,11539,0.00,0.00,30770
1781300915,2188.0,maxram=65536/idle/n=820,64183,61906,2277,11619,53917,65536,11582,0.00,0.00,31290
1781300917,2190.0,maxram=65536/idle/n=830,64183,61955,2228,11619,53917,65536,11596,0.00,0.00,31331
1781300919,2192.0,maxram=65536/idle/n=830,64183,61419,2763,12168,53368,65536,11616,0.00,0.00,31244
1781300921,2194.1,maxram=65536/idle/n=830,64183,61478,2704,12168,53368,65536,11657,0.00,0.00,31058
1781300923,2196.1,maxram=65536/idle/n=840,64183,61503,2680,12168,53368,65536,11693,0.00,0.00,30849
1781300925,2198.1,maxram=65536/idle/n=840,64183,61560,2623,12168,53368,65536,11737,0.00,0.00,31410
1781300927,2200.2,maxram=65536/idle/n=840,64183,61571,2612,12168,53368,65536,11763,0.00,0.00,31241
1781300929,2202.2,maxram=65536/idle/n=850,64183,61587,2595,12168,53368,65536,11795,0.00,0.00,31597
1781300931,2204.2,maxram=65536/idle/n=850,64183,61642,2541,12168,53368,65536,11839,0.00,0.00,31708
1781300933,2206.2,maxram=65536/idle/n=850,64183,61662,2521,12168,53368,65536,11870,0.00,0.00,31409
1781300935,2208.3,maxram=65536/idle/n=860,64183,61683,2500,12168,53368,65536,11895,0.00,0.00,30777
1781300937,2210.3,maxram=65536/idle/n=860,64183,61660,2522,12168,53368,65536,11896,0.00,0.00,31013
1781300940,2212.5,maxram=65536/idle/n=860,64183,61657,2526,12168,53368,65536,11898,0.00,0.00,31440
1781300942,2214.5,maxram=65536/idle/n=860,64183,61723,2460,12168,53368,65536,11941,0.00,0.00,30790
1781300944,2216.5,maxram=65536/idle/n=870,64183,61743,2440,12168,53368,65536,11970,0.00,0.00,30884
1781300946,2218.6,maxram=65536/idle/n=870,64183,61781,2402,12168,53368,65536,11996,0.00,0.00,31427
1781300948,2220.6,maxram=65536/idle/n=870,64183,61809,2374,12168,53368,65536,12029,0.00,0.00,31384
1781300950,2222.6,maxram=65536/idle/n=880,64183,61836,2347,12168,53368,65536,12059,0.00,0.00,31333
1781300952,2224.7,maxram=65536/idle/n=880,64183,61867,2315,12168,53368,65536,12089,0.00,0.00,30950
1781300954,2226.7,maxram=65536/idle/n=880,64183,61880,2303,12168,53368,65536,12107,0.00,0.00,30765
1781300956,2228.7,maxram=65536/idle/n=890,64183,61891,2292,12168,53368,65536,12136,0.00,0.00,31189
1781300958,2230.8,maxram=65536/idle/n=890,64183,61959,2224,12168,53368,65536,12167,0.00,0.00,31389
1781300960,2232.8,maxram=65536/idle/n=890,64183,61470,2713,12687,52849,65536,12200,0.00,0.00,31372
1781300962,2234.8,maxram=65536/idle/n=900,64183,61492,2691,12687,52849,65536,12231,0.00,0.00,31317
1781300964,2236.9,maxram=65536/idle/n=900,64183,61545,2637,12687,52849,65536,12270,0.00,0.00,30952
1781300966,2238.9,maxram=65536/idle/n=910,64183,61578,2605,12687,52849,65536,12312,0.00,0.00,31110
1781300968,2240.9,maxram=65536/idle/n=910,64183,61598,2584,12687,52849,65536,12331,0.00,0.00,31068
1781300970,2243.0,maxram=65536/idle/n=910,64183,61581,2602,12687,52849,65536,12336,0.00,0.00,31097
1781300972,2245.1,maxram=65536/idle/n=910,64183,61572,2611,12687,52849,65536,12339,0.00,0.00,31086
1781300974,2247.2,maxram=65536/idle/n=910,64183,61624,2559,12687,52849,65536,12370,0.00,0.00,31267
1781300976,2249.2,maxram=65536/idle/n=920,64183,61657,2526,12687,52849,65536,12401,0.00,0.00,30700
1781300978,2251.2,maxram=65536/idle/n=920,64183,61709,2474,12687,52849,65536,12437,0.00,0.00,31244
1781300980,2253.3,maxram=65536/idle/n=920,64183,61716,2466,12687,52849,65536,12472,0.00,0.00,31559
1781300982,2255.3,maxram=65536/idle/n=930,64183,61734,2448,12687,52849,65536,12494,0.00,0.00,31096
1781300984,2257.3,maxram=65536/idle/n=930,64183,61788,2395,12687,52849,65536,12528,0.00,0.00,31237
1781300986,2259.3,maxram=65536/idle/n=930,64183,61831,2352,12687,52849,65536,12570,0.00,0.00,31199
1781300989,2261.4,maxram=65536/idle/n=940,64183,61859,2324,12687,52849,65536,12596,0.00,0.00,31170
1781300991,2263.4,maxram=65536/idle/n=940,64183,61854,2329,12687,52849,65536,12626,0.00,0.00,31149
1781300993,2265.4,maxram=65536/idle/n=940,64183,61891,2292,12687,52849,65536,12646,0.00,0.00,31070
1781300995,2267.5,maxram=65536/idle/n=950,64183,61901,2282,12687,52849,65536,12666,0.00,0.00,31050
1781300997,2269.5,maxram=65536/idle/n=950,64183,61941,2242,12687,52849,65536,12690,0.00,0.00,31034
1781300999,2271.5,maxram=65536/idle/n=950,64183,61507,2675,13203,52333,65536,12744,0.00,0.00,31014
1781301001,2273.6,maxram=65536/idle/n=960,64183,61522,2661,13203,52333,65536,12776,0.00,0.00,31013
1781301003,2275.6,maxram=65536/idle/n=960,64183,61504,2678,13203,52333,65536,12789,0.00,0.00,30786
1781301005,2277.7,maxram=65536/idle/n=960,64183,61532,2651,13203,52333,65536,12799,0.00,0.00,31005
1781301007,2279.8,maxram=65536/idle/n=960,64183,61570,2613,13203,52333,65536,12840,0.00,0.00,31225
1781301009,2281.8,maxram=65536/idle/n=970,64183,61564,2618,13203,52333,65536,12869,0.00,0.00,31255
1781301011,2283.8,maxram=65536/idle/n=970,64183,61594,2588,13203,52333,65536,12880,0.00,0.00,30427
1781301013,2285.9,maxram=65536/idle/n=970,64183,61635,2548,13203,52333,65536,12918,0.00,0.00,30416
1781301015,2287.9,maxram=65536/idle/n=980,64183,61649,2534,13203,52333,65536,12937,0.00,0.00,30933
1781301017,2289.9,maxram=65536/idle/n=980,64183,61712,2471,13203,52333,65536,12996,0.00,0.00,30842
1781301019,2292.0,maxram=65536/idle/n=980,64183,61759,2424,13203,52333,65536,13039,0.00,0.00,30990
1781301021,2294.0,maxram=65536/idle/n=990,64183,61746,2437,13203,52333,65536,13053,0.00,0.00,30762
1781301023,2296.0,maxram=65536/idle/n=990,64183,61782,2401,13203,52333,65536,13071,0.00,0.00,30929
1781301025,2298.1,maxram=65536/idle/n=990,64183,61800,2383,13203,52333,65536,13109,0.00,0.00,30861
1781301027,2300.1,maxram=65536/idle/n=1000,64183,61822,2360,13203,52333,65536,13116,0.00,0.00,30884
1781301029,2302.1,maxram=65536/idle/n=1000,64183,61859,2324,13203,52333,65536,13157,0.00,0.00,30856
1781301031,2304.2,maxram=65536/idle/n=1010,64183,61893,2290,13203,52333,65536,13187,0.00,0.00,30685
1781301033,2306.2,maxram=65536/idle/n=1010,64183,61853,2329,13203,52333,65536,13191,0.00,0.00,30857
1781301035,2308.3,maxram=65536/idle/n=1010,64183,61851,2331,13203,52333,65536,13191,0.00,0.00,30676
1781301038,2310.4,maxram=65536/idle/n=1010,64183,61891,2292,13203,52333,65536,13200,0.00,0.00,30844
1781301040,2312.4,maxram=65536/idle/n=1010,64183,61933,2250,13203,52333,65536,13231,0.00,0.00,30573
1781301042,2314.5,maxram=65536/idle/n=1010,64183,61479,2704,13727,51809,65536,13268,0.00,0.00,30840
1781301044,2316.5,maxram=65536/idle/n=1020,64183,61487,2695,13727,51809,65536,13290,0.00,0.00,30653
1781301046,2318.5,maxram=65536/idle/n=1020,64183,61505,2678,13727,51809,65536,13312,0.00,0.00,30538
1781301048,2320.6,maxram=65536/idle/n=1020,64183,61487,2696,13727,51809,65536,13323,0.00,0.00,30114
1781301050,2322.6,maxram=65536/idle/n=1020,64183,61308,2874,13727,51809,65536,13455,0.00,0.00,30467
1781301052,2324.6,maxram=65536/idle/n=1020,64183,61234,2948,13727,51809,65536,13455,0.00,0.00,30654
1781301054,2326.7,maxram=65536/idle/n=1020,64183,61205,2978,13727,51809,65536,13455,0.00,0.00,30753
1781301056,2328.7,maxram=65536/idle/n=1020,64183,60915,3268,13727,51809,65536,13457,0.00,0.00,30555
1781301058,2330.7,maxram=65536/idle/n=1020,64183,60869,3314,13727,51809,65536,13457,0.00,0.00,30076
1781301060,2332.8,maxram=65536/idle/n=1020,64183,60828,3354,13727,51809,65536,13455,0.00,0.00,30348
1781301062,2334.8,maxram=65536/idle/n=1020,64183,60794,3389,13727,51809,65536,13454,0.00,0.00,30327
1781301064,2336.8,maxram=65536/idle/n=1020,64183,60466,3716,13727,51809,65536,13456,0.00,0.00,30059
1781301066,2339.4,maxram=65536/idle/n=1020,64183,60467,3715,13727,51809,65536,13456,0.00,0.00,31045
1781301069,2341.8,maxram=65536/idle/n=1020,64183,60437,3745,13727,51809,65536,13455,0.00,0.00,31053
1781301071,2343.8,maxram=65536/idle/n=1020,64183,60438,3744,13727,51809,65536,13454,0.00,0.00,29933
1781301073,2345.8,maxram=65536/idle/n=1020,64183,60426,3757,13727,51809,65536,13454,0.00,0.00,29994
1781301075,2347.9,maxram=65536/idle/n=1020,64183,60105,4078,13727,51809,65536,13455,0.00,0.00,30979
1781301077,2349.9,maxram=65536/idle/n=1020,64183,60100,4083,13727,51809,65536,13455,0.00,0.00,30795
1781301079,2351.9,maxram=65536/idle/n=1020,64183,60065,4117,13727,51809,65536,13454,0.00,0.00,31315
1781301081,2354.0,maxram=65536/idle/n=1020,64183,59720,4463,13727,51809,65536,13455,0.00,0.00,30792
1781301083,2356.0,maxram=65536/idle/n=1020,64183,59695,4487,13727,51809,65536,13455,0.00,0.00,30973
1781301085,2358.0,maxram=65536/idle/n=1020,64183,59644,4538,13727,51809,65536,13454,0.00,0.00,30684
1781301087,2360.1,maxram=65536/idle/n=1020,64183,59622,4561,13727,51809,65536,13453,0.00,0.00,31382
1781301089,2362.1,maxram=65536/idle/n=1020,64183,59321,4862,13727,51809,65536,13455,0.00,0.00,31097
1781301092,2364.4,maxram=65536/idle/n=1020,64183,59273,4909,13727,51809,65536,13455,0.00,0.00,31365
1781301094,2366.6,maxram=65536/idle/n=1020,64183,59257,4925,13727,51809,65536,13455,0.00,0.00,30654
1781301096,2368.7,maxram=65536/idle/n=1020,64183,59222,4961,13727,51809,65536,13454,0.00,0.00,30712
1781301098,2370.7,maxram=65536/idle/n=1020,64183,59306,4876,13727,51809,65536,13455,0.00,0.00,30851
1781301100,2372.7,maxram=65536/idle/n=1020,64183,58861,5321,13727,51809,65536,13455,0.00,0.00,30834
1781301102,2374.8,maxram=65536/idle/n=1020,64183,61419,2763,11147,54389,65536,13459,0.00,0.00,30822
1781301104,2376.8,maxram=65536/idle/n=1020,64183,61361,2822,11147,54389,65536,13604,0.00,0.00,31071
1781301106,2378.8,maxram=65536/idle/n=1020,64183,61041,3142,11147,54389,65536,13603,0.00,0.00,30758
1781301108,2380.9,maxram=65536/idle/n=1020,64183,61000,3183,11147,54389,65536,13603,0.00,0.00,30799
1781301110,2382.9,maxram=65536/idle/n=1020,64183,60980,3203,11147,54389,65536,13604,0.00,0.00,30535
1781301112,2384.9,maxram=65536/idle/n=1020,64183,60650,3533,11147,54389,65536,13604,0.00,0.00,31179
1781301114,2387.1,maxram=65536/idle/n=1020,64183,60656,3527,11147,54389,65536,13604,0.00,0.00,30244
1781301116,2389.1,maxram=65536/idle/n=1020,64183,60643,3540,11147,54389,65536,13603,0.00,0.00,30775
1781301118,2391.1,maxram=65536/idle/n=1020,64183,60597,3586,11147,54389,65536,13603,0.00,0.00,30289
1781301120,2393.2,maxram=65536/idle/n=1020,64183,60289,3894,11147,54389,65536,13604,0.00,0.00,29920
1781301122,2395.2,maxram=65536/idle/n=1020,64183,60223,3960,11147,54389,65536,13603,0.00,0.00,30782
1781301124,2397.2,maxram=65536/idle/n=1020,64183,60185,3997,11147,54389,65536,13603,0.00,0.00,30196
1781301126,2399.3,maxram=65536/idle/n=1020,64183,59834,4349,11147,54389,65536,13604,0.00,0.00,29577
1781301128,2401.3,maxram=65536/idle/n=1020,64183,59812,4370,11147,54389,65536,13603,0.00,0.00,30493
1781301130,2403.3,maxram=65536/idle/n=1020,64183,59790,4393,11147,54389,65536,13602,0.00,0.00,29978
1781301133,2405.4,maxram=65536/idle/n=1020,64183,59466,4717,11147,54389,65536,13604,0.00,0.00,29825
1781301135,2407.4,maxram=65536/idle/n=1020,64183,59472,4710,11147,54389,65536,13604,0.00,0.00,30474
1781301137,2409.5,maxram=65536/idle/n=1020,64183,59408,4774,11147,54389,65536,13604,0.00,0.00,30644
1781301139,2411.5,maxram=65536/idle/n=1020,64183,59388,4795,11147,54389,65536,13603,0.00,0.00,30650
1781301141,2413.6,maxram=65536/idle/n=1020,64183,59377,4805,11147,54389,65536,13602,0.00,0.00,30384
1781301143,2415.6,maxram=65536/idle/n=1020,64183,59029,5154,11147,54389,65536,13604,0.00,0.00,30015
1781301145,2417.6,maxram=65536/idle/n=1020,64183,58987,5195,11147,54389,65536,13603,0.00,0.00,31062
1781301147,2419.7,maxram=65536/idle/n=1020,64183,58933,5249,11147,54389,65536,13602,0.00,0.00,31115
1781301149,2421.7,maxram=65536/idle/n=1020,64183,58638,5545,11147,54389,65536,13604,0.00,0.00,30446
1781301151,2423.7,maxram=65536/idle/n=1020,64183,58598,5584,11147,54389,65536,13603,0.00,0.00,30413
1781301153,2425.8,maxram=65536/idle/n=1020,64183,58546,5637,11147,54389,65536,13602,0.00,0.00,31137
1781301155,2427.8,maxram=65536/idle/n=1020,64183,58598,5584,8251,57285,65536,13602,0.00,0.00,30879
1781301157,2429.9,maxram=65536/idle/n=1020,64183,61429,2753,8251,57285,65536,13604,0.00,0.00,30263
1781301159,2431.9,maxram=65536/idle/n=1020,64183,61308,2875,8251,57285,65536,13800,0.00,0.00,30230
1781301161,2434.0,maxram=65536/idle/n=1020,64183,61269,2914,8251,57285,65536,13799,0.00,0.00,30475
1781301163,2436.0,maxram=65536/idle/n=1020,64183,61182,3000,8251,57285,65536,13801,0.00,0.00,29533
1781301165,2438.1,maxram=65536/idle/n=1020,64183,60786,3397,8251,57285,65536,13800,0.00,0.00,30490
1781301167,2440.1,maxram=65536/idle/n=1020,64183,60706,3476,8251,57285,65536,13799,0.00,0.00,30478
1781301169,2442.1,maxram=65536/idle/n=1020,64183,60622,3561,8251,57285,65536,13801,0.00,0.00,30500
1781301171,2444.2,maxram=65536/idle/n=1020,64183,60273,3910,8251,57285,65536,13800,0.00,0.00,29836
1781301173,2446.2,maxram=65536/idle/n=1020,64183,60260,3922,8251,57285,65536,13799,0.00,0.00,30056
1781301175,2448.2,maxram=65536/idle/n=1020,64183,60210,3973,8251,57285,65536,13799,0.00,0.00,30151
1781301177,2450.3,maxram=65536/idle/n=1020,64183,60227,3956,8251,57285,65536,13799,0.00,0.00,30188
1781301180,2452.4,maxram=65536/idle/n=1020,64183,59882,4301,8251,57285,65536,13801,0.00,0.00,29969
1781301182,2454.4,maxram=65536/idle/n=1020,64183,59845,4338,8251,57285,65536,13800,0.00,0.00,30213
1781301184,2456.5,maxram=65536/idle/n=1020,64183,59810,4372,8251,57285,65536,13799,0.00,0.00,29777
1781301186,2458.5,maxram=65536/idle/n=1020,64183,59483,4699,8251,57285,65536,13801,0.00,0.00,30204
1781301188,2460.5,maxram=65536/idle/n=1020,64183,59434,4748,8251,57285,65536,13800,0.00,0.00,30296
1781301190,2462.6,maxram=65536/idle/n=1020,64183,59400,4783,8251,57285,65536,13799,0.00,0.00,30259
1781301192,2464.6,maxram=65536/idle/n=1020,64183,59035,5147,8251,57285,65536,13801,0.00,0.00,29922
1781301194,2466.6,maxram=65536/idle/n=1020,64183,59025,5158,8251,57285,65536,13800,0.00,0.00,29550
1781301196,2468.7,maxram=65536/idle/n=1020,64183,59006,5176,8251,57285,65536,13799,0.00,0.00,30137
1781301198,2470.7,maxram=65536/idle/n=1020,64183,58993,5189,8251,57285,65536,13799,0.00,0.00,30029
1781301200,2472.8,maxram=65536/idle/n=1020,64183,58992,5191,8251,57285,65536,13799,0.00,0.00,29937
1781301202,2474.9,maxram=65536/idle/n=1020,64183,58798,5385,8251,57285,65536,13799,0.00,0.00,29982
1781301206,2478.9,maxram=65536/nginx,64183,663,63519,65536,0,65536,3629,0.00,0.00,34508
1781301208,2480.9,maxram=65536/nginx,64183,919,63264,65536,0,65536,4050,0.00,0.00,34400
1781301210,2483.0,maxram=65536/nginx,64183,1095,63088,65536,0,65536,4251,0.00,0.00,34497
1781301212,2485.0,maxram=65536/nginx,64183,1204,62979,65536,0,65536,4390,0.00,0.00,34492
1781301214,2487.0,maxram=65536/nginx/n=10,64183,1303,62880,65536,0,65536,4512,0.00,0.00,34458
1781301216,2489.1,maxram=65536/nginx/n=10,64183,1409,62773,65536,0,65536,4612,0.00,0.00,34401
1781301218,2491.1,maxram=65536/nginx/n=10,64183,1504,62678,65536,0,65536,4714,0.00,0.00,34737
1781301220,2493.1,maxram=65536/nginx/n=20,64183,1544,62639,65536,0,65536,4775,0.00,0.00,34763
1781301222,2495.2,maxram=65536/nginx/n=20,64183,1635,62548,65536,0,65536,4856,0.00,0.00,34310
1781301224,2497.2,maxram=65536/nginx/n=30,64183,1719,62464,65536,0,65536,4948,0.00,0.00,34136
1781301226,2499.2,maxram=65536/nginx/n=30,64183,1718,62464,65536,0,65536,4958,0.00,0.00,34340
1781301229,2501.5,maxram=65536/nginx/n=30,64183,1724,62458,65536,0,65536,4966,0.00,0.00,34627
1781301231,2503.5,maxram=65536/nginx/n=30,64183,1806,62377,65536,0,65536,5043,0.00,0.00,34246
1781301233,2505.5,maxram=65536/nginx/n=40,64183,1914,62269,65536,0,65536,5149,0.00,0.00,34216
1781301235,2507.6,maxram=65536/nginx/n=40,64183,2012,62171,65536,0,65536,5254,0.00,0.00,33915
1781301237,2509.6,maxram=65536/nginx/n=50,64183,2075,62108,65536,0,65536,5344,0.00,0.00,34111
1781301239,2511.6,maxram=65536/nginx/n=50,64183,2157,62026,65536,0,65536,5417,0.00,0.00,34019
1781301241,2513.7,maxram=65536/nginx/n=50,64183,2259,61924,65536,0,65536,5511,0.00,0.00,34130
1781301243,2515.7,maxram=65536/nginx/n=60,64183,2331,61852,65536,0,65536,5600,0.00,0.00,33747
1781301245,2517.7,maxram=65536/nginx/n=60,64183,2426,61757,65536,0,65536,5692,0.00,0.00,33615
1781301247,2519.8,maxram=65536/nginx/n=70,64183,2537,61645,65536,0,65536,5792,0.00,0.00,33898
1781301249,2521.8,maxram=65536/nginx/n=70,64183,2629,61553,65536,0,65536,5884,0.00,0.00,33593
1781301251,2523.8,maxram=65536/nginx/n=80,64183,6307,57876,6813,58723,65536,6031,0.00,0.00,33308
1781301253,2525.8,maxram=65536/nginx/n=80,64183,36354,27828,6813,58723,65536,6044,0.00,0.00,33220
1781301255,2528.0,maxram=65536/nginx/n=80,64183,61455,2728,6813,58723,65536,6055,0.00,0.00,33645
1781301257,2530.1,maxram=65536/nginx/n=80,64183,61502,2680,6813,58723,65536,6101,0.00,0.00,33975
1781301259,2532.1,maxram=65536/nginx/n=80,64183,61580,2602,6813,58723,65536,6178,0.00,0.00,33694
1781301261,2534.2,maxram=65536/nginx/n=90,64183,61640,2543,6813,58723,65536,6256,0.00,0.00,33234
1781301263,2536.2,maxram=65536/nginx/n=90,64183,61716,2467,6813,58723,65536,6327,0.00,0.00,33964
1781301265,2538.2,maxram=65536/nginx/n=90,64183,61782,2401,6813,58723,65536,6396,0.00,0.00,33926
1781301267,2540.2,maxram=65536/nginx/n=100,64183,61843,2340,6813,58723,65536,6466,0.00,0.00,33929
1781301269,2542.3,maxram=65536/nginx/n=100,64183,61904,2278,6813,58723,65536,6533,0.00,0.00,33856
1781301271,2544.3,maxram=65536/nginx/n=100,64183,61479,2704,7362,58174,65536,6625,0.00,0.00,33405
1781301273,2546.3,maxram=65536/nginx/n=110,64183,61550,2632,7362,58174,65536,6707,0.00,0.00,33017
1781301276,2548.4,maxram=65536/nginx/n=110,64183,61648,2534,7362,58174,65536,6811,0.00,0.00,33318
1781301278,2550.4,maxram=65536/nginx/n=110,64183,61702,2481,7362,58174,65536,6879,0.00,0.00,34007
1781301280,2552.5,maxram=65536/nginx/n=120,64183,61805,2378,7362,58174,65536,6982,0.00,0.00,34161
1781301282,2554.5,maxram=65536/nginx/n=120,64183,61867,2315,7362,58174,65536,7044,0.00,0.00,34065
1781301284,2556.5,maxram=65536/nginx/n=120,64183,61888,2294,7362,58174,65536,7077,0.00,0.00,33130
1781301286,2558.8,maxram=65536/nginx/n=120,64183,61896,2286,7362,58174,65536,7088,0.00,0.00,33643
1781301288,2560.8,maxram=65536/nginx/n=130,64183,61895,2288,7362,58174,65536,7132,0.00,0.00,33557
1781301290,2562.9,maxram=65536/nginx/n=130,64183,61443,2740,7920,57616,65536,7171,0.00,0.00,33927
1781301292,2564.9,maxram=65536/nginx/n=130,64183,61550,2633,7920,57616,65536,7272,0.00,0.00,33898
1781301294,2566.9,maxram=65536/nginx/n=140,64183,61602,2581,7920,57616,65536,7374,0.00,0.00,33201
1781301296,2569.0,maxram=65536/nginx/n=140,64183,61682,2500,7920,57616,65536,7425,0.00,0.00,33075
1781301298,2571.0,maxram=65536/nginx/n=140,64183,61773,2409,7920,57616,65536,7514,0.00,0.00,33072
1781301300,2573.0,maxram=65536/nginx/n=150,64183,61844,2338,7920,57616,65536,7613,0.00,0.00,33245
1781301302,2575.1,maxram=65536/nginx/n=150,64183,61900,2282,7920,57616,65536,7668,0.00,0.00,33632
1781301304,2577.1,maxram=65536/nginx/n=160,64183,61955,2228,7920,57616,65536,7717,0.00,0.00,33154
1781301306,2579.1,maxram=65536/nginx/n=160,64183,61508,2674,8490,57046,65536,7845,0.00,0.00,33253
1781301308,2581.2,maxram=65536/nginx/n=160,64183,61594,2589,8490,57046,65536,7917,0.00,0.00,33150
1781301310,2583.2,maxram=65536/nginx/n=170,64183,61683,2499,8490,57046,65536,8007,0.00,0.00,32889
1781301312,2585.2,maxram=65536/nginx/n=170,64183,61755,2428,8490,57046,65536,8092,0.00,0.00,32865
1781301314,2587.3,maxram=65536/nginx/n=170,64183,61817,2365,8490,57046,65536,8168,0.00,0.00,32209
1781301317,2589.5,maxram=65536/nginx/n=170,64183,61819,2363,8490,57046,65536,8189,0.00,0.00,32443
1781301319,2591.6,maxram=65536/nginx/n=180,64183,61885,2297,8490,57046,65536,8230,0.00,0.00,31975
1781301321,2593.7,maxram=65536/nginx/n=180,64183,61936,2247,8490,57046,65536,8288,0.00,0.00,32599
1781301323,2595.7,maxram=65536/nginx/n=190,64183,61455,2728,9070,56466,65536,8381,0.00,0.00,32800
1781301325,2597.7,maxram=65536/nginx/n=190,64183,61574,2608,9070,56466,65536,8480,0.00,0.00,32692
1781301327,2599.8,maxram=65536/nginx/n=190,64183,61665,2518,9070,56466,65536,8580,0.00,0.00,32601
1781301329,2601.8,maxram=65536/nginx/n=200,64183,61722,2461,9070,56466,65536,8651,0.00,0.00,31838
1781301331,2603.8,maxram=65536/nginx/n=200,64183,61806,2377,9070,56466,65536,8743,0.00,0.00,32079
1781301333,2605.9,maxram=65536/nginx/n=210,64183,61872,2311,9070,56466,65536,8850,0.00,0.00,31923
1781301335,2607.9,maxram=65536/nginx/n=210,64183,61930,2253,9070,56466,65536,8896,0.00,0.00,31944
1781301337,2609.9,maxram=65536/nginx/n=210,64183,61480,2703,9606,55930,65536,8967,0.00,0.00,32669
1781301339,2611.9,maxram=65536/nginx/n=220,64183,61578,2605,9606,55930,65536,9065,0.00,0.00,31911
1781301341,2614.0,maxram=65536/nginx/n=220,64183,61678,2505,9606,55930,65536,9162,0.00,0.00,32148
1781301343,2616.0,maxram=65536/nginx/n=230,64183,61744,2438,9606,55930,65536,9239,0.00,0.00,31709
1781301345,2618.2,maxram=65536/nginx/n=230,64183,61751,2432,9606,55930,65536,9244,0.00,0.00,32565
1781301347,2620.3,maxram=65536/nginx/n=230,64183,61785,2397,9606,55930,65536,9273,0.00,0.00,32195
1781301349,2622.3,maxram=65536/nginx/n=230,64183,61867,2315,9606,55930,65536,9353,0.00,0.00,32260
1781301351,2624.3,maxram=65536/nginx/n=240,64183,61938,2245,9606,55930,65536,9433,0.00,0.00,32638
1781301353,2626.4,maxram=65536/nginx/n=240,64183,61468,2714,10185,55351,65536,9511,0.00,0.00,31759
1781301356,2628.4,maxram=65536/nginx/n=240,64183,61561,2622,10185,55351,65536,9609,0.00,0.00,32168
1781301358,2630.4,maxram=65536/nginx/n=250,64183,61647,2536,10185,55351,65536,9698,0.00,0.00,31955
1781301360,2632.4,maxram=65536/nginx/n=250,64183,61727,2456,10185,55351,65536,9781,0.00,0.00,32373
1781301362,2634.5,maxram=65536/nginx/n=260,64183,61767,2415,10185,55351,65536,9864,0.00,0.00,32087
1781301364,2636.5,maxram=65536/nginx/n=260,64183,61880,2303,10185,55351,65536,9946,0.00,0.00,31192
1781301366,2638.5,maxram=65536/nginx/n=260,64183,61925,2258,10185,55351,65536,10013,0.00,0.00,31596
1781301368,2640.6,maxram=65536/nginx/n=270,64183,61461,2721,10715,54821,65536,10077,0.00,0.00,31607
1781301370,2642.6,maxram=65536/nginx/n=270,64183,61556,2626,10715,54821,65536,10167,0.00,0.00,31477
1781301372,2644.6,maxram=65536/nginx/n=270,64183,61656,2527,10715,54821,65536,10261,0.00,0.00,31093
1781301374,2646.7,maxram=65536/nginx/n=280,64183,61655,2528,10715,54821,65536,10294,0.00,0.00,31339
1781301376,2648.9,maxram=65536/nginx/n=280,64183,61654,2528,10715,54821,65536,10297,0.00,0.00,31508
1781301378,2651.0,maxram=65536/nginx/n=280,64183,61704,2478,10715,54821,65536,10327,0.00,0.00,31050
1781301380,2653.1,maxram=65536/nginx/n=280,64183,61810,2372,10715,54821,65536,10439,0.00,0.00,31143
1781301382,2655.1,maxram=65536/nginx/n=290,64183,61895,2288,10715,54821,65536,10513,0.00,0.00,31290
1781301384,2657.1,maxram=65536/nginx/n=290,64183,61931,2252,10715,54821,65536,10565,0.00,0.00,31255
1781301386,2659.2,maxram=65536/nginx/n=290,64183,61460,2723,11260,54276,65536,10635,0.00,0.00,30763
1781301388,2661.2,maxram=65536/nginx/n=300,64183,61517,2665,11260,54276,65536,10695,0.00,0.00,30527
1781301390,2663.2,maxram=65536/nginx/n=300,64183,61624,2558,11260,54276,65536,10788,0.00,0.00,31034
1781301392,2665.3,maxram=65536/nginx/n=310,64183,61709,2474,11260,54276,65536,10871,0.00,0.00,31727
1781301394,2667.3,maxram=65536/nginx/n=310,64183,61771,2411,11260,54276,65536,10940,0.00,0.00,31658
1781301396,2669.3,maxram=65536/nginx/n=310,64183,61905,2278,11260,54276,65536,11073,0.00,0.00,31514
1781301398,2671.3,maxram=65536/nginx/n=320,64183,61950,2232,11260,54276,65536,11128,0.00,0.00,31367
1781301401,2673.4,maxram=65536/nginx/n=320,64183,61506,2677,11826,53710,65536,11229,0.00,0.00,31434
1781301403,2675.4,maxram=65536/nginx/n=320,64183,61553,2630,11826,53710,65536,11289,0.00,0.00,31382
1781301405,2677.5,maxram=65536/nginx/n=320,64183,61544,2639,11826,53710,65536,11303,0.00,0.00,31328
1781301407,2679.6,maxram=65536/nginx/n=330,64183,61606,2576,11826,53710,65536,11358,0.00,0.00,31296
1781301409,2681.6,maxram=65536/nginx/n=330,64183,61670,2513,11826,53710,65536,11422,0.00,0.00,31241
1781301411,2683.7,maxram=65536/nginx/n=330,64183,61791,2392,11826,53710,65536,11530,0.00,0.00,31062
1781301413,2685.7,maxram=65536/nginx/n=340,64183,61837,2345,11826,53710,65536,11604,0.00,0.00,31011
1781301415,2687.7,maxram=65536/nginx/n=340,64183,61913,2269,11826,53710,65536,11675,0.00,0.00,31229
1781301417,2689.8,maxram=65536/nginx/n=350,64183,61448,2734,12361,53175,65536,11754,0.00,0.00,31167
1781301419,2691.8,maxram=65536/nginx/n=350,64183,61566,2616,12361,53175,65536,11841,0.00,0.00,31151
1781301421,2693.8,maxram=65536/nginx/n=350,64183,61647,2536,12361,53175,65536,11937,0.00,0.00,31116
1781301423,2695.9,maxram=65536/nginx/n=360,64183,61742,2441,12361,53175,65536,12031,0.00,0.00,31122
1781301425,2697.9,maxram=65536/nginx/n=360,64183,61801,2382,12361,53175,65536,12097,0.00,0.00,31357
1781301427,2699.9,maxram=65536/nginx/n=360,64183,61899,2283,12361,53175,65536,12189,0.00,0.00,31181
1781301429,2701.9,maxram=65536/nginx/n=370,64183,61934,2249,12361,53175,65536,12238,0.00,0.00,30932
1781301431,2704.0,maxram=65536/nginx/n=370,64183,61441,2742,12924,52612,65536,12313,0.00,0.00,30307
1781301433,2706.3,maxram=65536/nginx/n=370,64183,61435,2747,12924,52612,65536,12319,0.00,0.00,30643
1781301436,2708.4,maxram=65536/nginx/n=370,64183,61476,2706,12924,52612,65536,12349,0.00,0.00,30981
1781301438,2710.4,maxram=65536/nginx/n=380,64183,61567,2615,12924,52612,65536,12438,0.00,0.00,31401
1781301440,2712.5,maxram=65536/nginx/n=380,64183,61650,2532,12924,52612,65536,12533,0.00,0.00,31365
1781301442,2714.5,maxram=65536/nginx/n=390,64183,61733,2450,12924,52612,65536,12625,0.00,0.00,31334
1781301444,2716.5,maxram=65536/nginx/n=390,64183,61787,2395,12924,52612,65536,12674,0.00,0.00,31279
1781301446,2718.6,maxram=65536/nginx/n=390,64183,61901,2281,12924,52612,65536,12778,0.00,0.00,31133
1781301448,2720.6,maxram=65536/nginx/n=400,64183,61928,2254,12924,52612,65536,12840,0.00,0.00,30788
1781301450,2722.6,maxram=65536/nginx/n=400,64183,61518,2665,13442,52094,65536,12932,0.00,0.00,30442
1781301452,2724.7,maxram=65536/nginx/n=400,64183,61606,2577,13442,52094,65536,13041,0.00,0.00,30694
1781301454,2726.7,maxram=65536/nginx/n=410,64183,61669,2513,13442,52094,65536,13087,0.00,0.00,30766
1781301456,2728.7,maxram=65536/nginx/n=410,64183,61781,2402,13442,52094,65536,13179,0.00,0.00,30630
1781301458,2730.8,maxram=65536/nginx/n=420,64183,61823,2360,13442,52094,65536,13272,0.00,0.00,30514
1781301460,2732.8,maxram=65536/nginx/n=420,64183,61891,2292,13442,52094,65536,13316,0.00,0.00,30607
1781301462,2734.8,maxram=65536/nginx/n=420,64183,61878,2305,13442,52094,65536,13322,0.00,0.00,30553
1781301464,2737.1,maxram=65536/nginx/n=420,64183,61906,2277,13442,52094,65536,13345,0.00,0.00,30486
1781301466,2739.2,maxram=65536/nginx/n=420,64183,61488,2695,13969,51567,65536,13424,0.00,0.00,30296
1781301468,2741.2,maxram=65536/nginx/n=430,64183,61585,2598,13969,51567,65536,13519,0.00,0.00,30276
1781301470,2743.2,maxram=65536/nginx/n=430,64183,61662,2520,13969,51567,65536,13597,0.00,0.00,30308
1781301472,2745.3,maxram=65536/nginx/n=440,64183,61732,2451,13969,51567,65536,13692,0.00,0.00,30585
1781301474,2747.3,maxram=65536/nginx/n=440,64183,61803,2379,13969,51567,65536,13748,0.00,0.00,30498
1781301476,2749.3,maxram=65536/nginx/n=440,64183,61891,2291,13969,51567,65536,13841,0.00,0.00,30472
1781301478,2751.3,maxram=65536/nginx/n=450,64183,61925,2258,13969,51567,65536,13889,0.00,0.00,30449
1781301481,2753.4,maxram=65536/nginx/n=450,64183,61483,2700,14515,51021,65536,13961,0.00,0.00,30841
1781301483,2755.4,maxram=65536/nginx/n=450,64183,61585,2598,14515,51021,65536,14068,0.00,0.00,30774
1781301485,2757.4,maxram=65536/nginx/n=460,64183,61629,2554,14515,51021,65536,14123,0.00,0.00,30002
1781301487,2759.5,maxram=65536/nginx/n=460,64183,61714,2469,14515,51021,65536,14220,0.00,0.00,30566
1781301489,2761.5,maxram=65536/nginx/n=470,64183,61795,2388,14515,51021,65536,14303,0.00,0.00,30887
1781301491,2763.5,maxram=65536/nginx/n=470,64183,61885,2298,14515,51021,65536,14383,0.00,0.00,29650
1781301493,2765.6,maxram=65536/nginx/n=470,64183,61894,2289,14515,51021,65536,14403,0.00,0.00,30362
1781301495,2768.0,maxram=65536/nginx/n=470,64183,61900,2283,14515,51021,65536,14411,0.00,0.00,30347
1781301497,2770.0,maxram=65536/nginx/n=470,64183,61994,2189,14515,51021,65536,14491,0.00,0.00,30733
1781301499,2772.1,maxram=65536/nginx/n=480,64183,61455,2728,15092,50444,65536,14562,0.00,0.00,29496
1781301501,2774.1,maxram=65536/nginx/n=480,64183,61587,2596,15092,50444,65536,14660,0.00,0.00,30335
1781301503,2776.1,maxram=65536/nginx/n=490,64183,61665,2517,15092,50444,65536,14751,0.00,0.00,30641
1781301505,2778.2,maxram=65536/nginx/n=490,64183,61745,2438,15092,50444,65536,14832,0.00,0.00,30053
1781301507,2780.2,maxram=65536/nginx/n=490,64183,61814,2369,15092,50444,65536,14925,0.00,0.00,30359
1781301509,2782.2,maxram=65536/nginx/n=500,64183,61864,2318,15092,50444,65536,14968,0.00,0.00,30347
1781301511,2784.3,maxram=65536/nginx/n=500,64183,61948,2235,15092,50444,65536,15048,0.00,0.00,29930
1781301513,2786.3,maxram=65536/nginx/n=500,64183,61502,2680,15622,49914,65536,15143,0.00,0.00,30408
1781301515,2788.3,maxram=65536/nginx/n=510,64183,61587,2595,15622,49914,65536,15215,0.00,0.00,30389
1781301518,2790.4,maxram=65536/nginx/n=510,64183,61656,2527,15622,49914,65536,15315,0.00,0.00,29684
1781301520,2792.4,maxram=65536/nginx/n=510,64183,61720,2462,15622,49914,65536,15352,0.00,0.00,30309
1781301522,2794.6,maxram=65536/nginx/n=510,64183,61709,2474,15622,49914,65536,15358,0.00,0.00,29640
1781301524,2796.9,maxram=65536/nginx/n=520,64183,61714,2468,15622,49914,65536,15389,0.00,0.00,29340
1781301526,2799.0,maxram=65536/nginx/n=520,64183,61794,2389,15622,49914,65536,15443,0.00,0.00,30088
1781301528,2801.0,maxram=65536/nginx/n=520,64183,61894,2289,15622,49914,65536,15532,0.00,0.00,29272
1781301530,2803.0,maxram=65536/nginx/n=530,64183,61445,2738,16135,49401,65536,15598,0.00,0.00,29533
1781301532,2805.1,maxram=65536/nginx/n=530,64183,61486,2696,16135,49401,65536,15650,0.00,0.00,29741
1781301534,2807.1,maxram=65536/nginx/n=530,64183,61582,2600,16135,49401,65536,15735,0.00,0.00,29497
1781301536,2809.2,maxram=65536/nginx/n=530,64183,61664,2519,16135,49401,65536,15809,0.00,0.00,29830
1781301538,2811.2,maxram=65536/nginx/n=540,64183,61678,2504,16135,49401,65536,15858,0.00,0.00,29769
1781301540,2813.2,maxram=65536/nginx/n=540,64183,61787,2395,16135,49401,65536,15948,0.00,0.00,29702
1781301542,2815.3,maxram=65536/nginx/n=540,64183,61850,2332,16135,49401,65536,16015,0.00,0.00,29432
1781301544,2817.3,maxram=65536/nginx/n=550,64183,61918,2265,16135,49401,65536,16086,0.00,0.00,29055
1781301546,2819.3,maxram=65536/nginx/n=550,64183,61982,2200,16135,49401,65536,16137,0.00,0.00,29649
1781301548,2821.4,maxram=65536/nginx/n=550,64183,61480,2702,16715,48821,65536,16222,0.00,0.00,29656
1781301551,2823.4,maxram=65536/nginx/n=560,64183,61554,2629,16715,48821,65536,16274,0.00,0.00,28678
1781301553,2825.4,maxram=65536/nginx/n=560,64183,61613,2570,16715,48821,65536,16338,0.00,0.00,29013
1781301555,2827.5,maxram=65536/nginx/n=560,64183,61706,2476,16715,48821,65536,16436,0.00,0.00,29820
1781301557,2829.5,maxram=65536/nginx/n=570,64183,61696,2486,16715,48821,65536,16467,0.00,0.00,29139
1781301559,2831.7,maxram=65536/nginx/n=570,64183,61722,2461,16715,48821,65536,16475,0.00,0.00,28916
1781301561,2834.1,maxram=65536/nginx/n=570,64183,61715,2468,16715,48821,65536,16481,0.00,0.00,29696
1781301563,2836.1,maxram=65536/nginx/n=570,64183,61836,2347,16715,48821,65536,16576,0.00,0.00,29888
1781301565,2838.1,maxram=65536/nginx/n=580,64183,61912,2271,16715,48821,65536,16679,0.00,0.00,28802
1781301567,2840.2,maxram=65536/nginx/n=580,64183,61948,2235,16715,48821,65536,16717,0.00,0.00,29538
1781301569,2842.2,maxram=65536/nginx/n=580,64183,61531,2652,17235,48301,65536,16809,0.00,0.00,29443
1781301571,2844.2,maxram=65536/nginx/n=590,64183,61587,2595,17235,48301,65536,16885,0.00,0.00,29274
1781301573,2846.3,maxram=65536/nginx/n=590,64183,61690,2493,17235,48301,65536,16965,0.00,0.00,29542
1781301575,2848.3,maxram=65536/nginx/n=590,64183,61778,2405,17235,48301,65536,17061,0.00,0.00,29080
1781301577,2850.3,maxram=65536/nginx/n=600,64183,61797,2385,17235,48301,65536,17123,0.00,0.00,29196
1781301580,2852.4,maxram=65536/nginx/n=600,64183,61911,2272,17235,48301,65536,17206,0.00,0.00,28861
1781301582,2854.4,maxram=65536/nginx/n=600,64183,61976,2207,17235,48301,65536,17268,0.00,0.00,29222
1781301584,2856.4,maxram=65536/nginx/n=610,64183,61456,2727,17800,47736,65536,17325,0.00,0.00,29211
1781301586,2858.5,maxram=65536/nginx/n=610,64183,61573,2610,17800,47736,65536,17428,0.00,0.00,28911
1781301588,2860.5,maxram=65536/nginx/n=610,64183,61651,2532,17800,47736,65536,17496,0.00,0.00,28971
1781301590,2862.7,maxram=65536/nginx/n=610,64183,61608,2575,17800,47736,65536,17499,0.00,0.00,29119
1781301592,2865.1,maxram=65536/nginx/n=620,64183,61617,2566,17800,47736,65536,17517,0.00,0.00,28399
1781301594,2867.1,maxram=65536/nginx/n=620,64183,61726,2457,17800,47736,65536,17589,0.00,0.00,28870
1781301596,2869.2,maxram=65536/nginx/n=620,64183,61799,2384,17800,47736,65536,17683,0.00,0.00,29033
1781301598,2871.2,maxram=65536/nginx/n=630,64183,61879,2303,17800,47736,65536,17750,0.00,0.00,28970
1781301600,2873.2,maxram=65536/nginx/n=630,64183,61937,2246,17800,47736,65536,17808,0.00,0.00,29225
1781301602,2875.3,maxram=65536/nginx/n=630,64183,61496,2686,18317,47219,65536,17898,0.00,0.00,29395
1781301604,2877.3,maxram=65536/nginx/n=640,64183,61575,2608,18317,47219,65536,17973,0.00,0.00,28729
1781301606,2879.3,maxram=65536/nginx/n=640,64183,61669,2514,18317,47219,65536,18056,0.00,0.00,28893
1781301608,2881.4,maxram=65536/nginx/n=650,64183,61764,2418,18317,47219,65536,18177,0.00,0.00,29116
1781301611,2883.4,maxram=65536/nginx/n=650,64183,61817,2366,18317,47219,65536,18222,0.00,0.00,28457
1781301613,2885.4,maxram=65536/nginx/n=650,64183,61884,2299,18317,47219,65536,18295,0.00,0.00,28805
1781301615,2887.5,maxram=65536/nginx/n=660,64183,61928,2254,18317,47219,65536,18347,0.00,0.00,29022
1781301617,2889.5,maxram=65536/nginx/n=660,64183,61472,2711,18886,46650,65536,18425,0.00,0.00,29069
1781301619,2891.5,maxram=65536/nginx/n=660,64183,61534,2649,18886,46650,65536,18493,0.00,0.00,28388
1781301621,2893.6,maxram=65536/nginx/n=660,64183,61526,2656,18886,46650,65536,18501,0.00,0.00,28917
1781301623,2895.9,maxram=65536/nginx/n=660,64183,61551,2632,18886,46650,65536,18534,0.00,0.00,28576
1781301625,2898.0,maxram=65536/nginx/n=670,64183,61631,2552,18886,46650,65536,18599,0.00,0.00,28479
1781301627,2900.0,maxram=65536/nginx/n=670,64183,61716,2466,18886,46650,65536,18696,0.00,0.00,28566
1781301629,2902.0,maxram=65536/nginx/n=680,64183,61797,2386,18886,46650,65536,18782,0.00,0.00,27860
1781301631,2904.1,maxram=65536/nginx/n=680,64183,61833,2350,18886,46650,65536,18825,0.00,0.00,28980
1781301633,2906.1,maxram=65536/nginx/n=680,64183,61925,2258,18886,46650,65536,18930,0.00,0.00,28927
1781301635,2908.1,maxram=65536/nginx/n=690,64183,61456,2726,19402,46134,65536,18990,0.00,0.00,28618
1781301637,2910.2,maxram=65536/nginx/n=690,64183,61548,2634,19402,46134,65536,19061,0.00,0.00,28639
1781301639,2912.2,maxram=65536/nginx/n=690,64183,61659,2524,19402,46134,65536,19167,0.00,0.00,28270
1781301641,2914.2,maxram=65536/nginx/n=700,64183,61684,2499,19402,46134,65536,19225,0.00,0.00,28210
1781301643,2916.2,maxram=65536/nginx/n=700,64183,61766,2417,19402,46134,65536,19281,0.00,0.00,28341
1781301645,2918.3,maxram=65536/nginx/n=700,64183,61834,2349,19402,46134,65536,19384,0.00,0.00,27917
1781301647,2920.3,maxram=65536/nginx/n=710,64183,61883,2300,19402,46134,65536,19427,0.00,0.00,28073
1781301649,2922.3,maxram=65536/nginx/n=710,64183,61950,2232,19402,46134,65536,19479,0.00,0.00,28033
1781301652,2924.4,maxram=65536/nginx/n=710,64183,61412,2771,19955,45581,65536,19508,0.00,0.00,28115
1781301654,2926.6,maxram=65536/nginx/n=710,64183,61403,2780,19955,45581,65536,19508,0.00,0.00,28228
1781301656,2928.6,maxram=65536/nginx/n=710,64183,61539,2644,19955,45581,65536,19598,0.00,0.00,28029
1781301658,2930.7,maxram=65536/nginx/n=720,64183,61538,2645,19955,45581,65536,19658,0.00,0.00,27963
1781301660,2932.7,maxram=65536/nginx/n=720,64183,61630,2553,19955,45581,65536,19721,0.00,0.00,27635
1781301662,2934.7,maxram=65536/nginx/n=720,64183,61755,2428,19955,45581,65536,19822,0.00,0.00,27775
1781301664,2936.8,maxram=65536/nginx/n=730,64183,61770,2413,19955,45581,65536,19861,0.00,0.00,27735
1781301666,2938.8,maxram=65536/nginx/n=730,64183,61880,2303,19955,45581,65536,19959,0.00,0.00,28104
1781301668,2940.8,maxram=65536/nginx/n=730,64183,61931,2251,19955,45581,65536,20031,0.00,0.00,28140
1781301670,2942.9,maxram=65536/nginx/n=740,64183,62001,2182,19955,45581,65536,20085,0.00,0.00,27954
1781301672,2944.9,maxram=65536/nginx/n=740,64183,61525,2658,20537,44999,65536,20169,0.00,0.00,28574
1781301674,2946.9,maxram=65536/nginx/n=740,64183,61620,2563,20537,44999,65536,20266,0.00,0.00,28491
1781301676,2949.0,maxram=65536/nginx/n=750,64183,61628,2555,20537,44999,65536,20307,0.00,0.00,28003
1781301678,2951.0,maxram=65536/nginx/n=750,64183,61731,2452,20537,44999,65536,20399,0.00,0.00,27876
1781301680,2953.0,maxram=65536/nginx/n=760,64183,61783,2400,20537,44999,65536,20478,0.00,0.00,28534
1781301682,2955.0,maxram=65536/nginx/n=760,64183,61821,2361,20537,44999,65536,20523,0.00,0.00,28800
1781301684,2957.1,maxram=65536/nginx/n=760,64183,61880,2302,20537,44999,65536,20566,0.00,0.00,28709
1781301686,2959.3,maxram=65536/nginx/n=760,64183,61848,2335,20537,44999,65536,20570,0.00,0.00,28682
1781301689,2961.4,maxram=65536/nginx/n=760,64183,61931,2252,20537,44999,65536,20633,0.00,0.00,27845
1781301691,2963.5,maxram=65536/nginx/n=770,64183,61498,2685,21050,44486,65536,20706,0.00,0.00,28434
1781301693,2965.5,maxram=65536/nginx/n=770,64183,61579,2604,21050,44486,65536,20779,0.00,0.00,28537
1781301695,2967.5,maxram=65536/nginx/n=770,64183,61659,2523,21050,44486,65536,20870,0.00,0.00,28431
1781301697,2969.6,maxram=65536/nginx/n=780,64183,61709,2474,21050,44486,65536,20939,0.00,0.00,28411
1781301699,2971.6,maxram=65536/nginx/n=780,64183,61809,2374,21050,44486,65536,21013,0.00,0.00,28345
1781301701,2973.6,maxram=65536/nginx/n=780,64183,61870,2313,21050,44486,65536,21081,0.00,0.00,28341
1781301703,2975.7,maxram=65536/nginx/n=790,64183,61887,2296,21050,44486,65536,21125,0.00,0.00,28354
1781301705,2977.7,maxram=65536/nginx/n=790,64183,62002,2181,21050,44486,65536,21203,0.00,0.00,28358
1781301707,2979.7,maxram=65536/nginx/n=790,64183,61517,2666,21640,43896,65536,21292,0.00,0.00,28319
1781301709,2981.8,maxram=65536/nginx/n=800,64183,61540,2643,21640,43896,65536,21359,0.00,0.00,28292
1781301711,2983.8,maxram=65536/nginx/n=800,64183,61627,2555,21640,43896,65536,21451,0.00,0.00,28243
1781301713,2985.8,maxram=65536/nginx/n=800,64183,61740,2442,21640,43896,65536,21543,0.00,0.00,27770
1781301715,2987.8,maxram=65536/nginx/n=810,64183,61701,2482,21640,43896,65536,21583,0.00,0.00,28128
1781301717,2989.9,maxram=65536/nginx/n=810,64183,61768,2414,21640,43896,65536,21631,0.00,0.00,27777
1781301719,2991.9,maxram=65536/nginx/n=810,64183,61766,2417,21640,43896,65536,21631,0.00,0.00,27492
1781301722,2994.6,maxram=65536/nginx/n=810,64183,61868,2314,21640,43896,65536,21689,0.00,0.00,27949
1781301724,2996.6,maxram=65536/nginx/n=820,64183,61900,2283,21640,43896,65536,21771,0.00,0.00,27480
1781301726,2998.6,maxram=65536/nginx/n=820,64183,61465,2718,22174,43362,65536,21837,0.00,0.00,27773
1781301728,3000.7,maxram=65536/nginx/n=820,64183,61543,2640,22174,43362,65536,21922,0.00,0.00,27913
1781301730,3002.7,maxram=65536/nginx/n=830,64183,61604,2579,22174,43362,65536,22008,0.00,0.00,27405
1781301732,3004.7,maxram=65536/nginx/n=830,64183,61704,2479,22174,43362,65536,22075,0.00,0.00,27817
1781301734,3006.8,maxram=65536/nginx/n=830,64183,61762,2421,22174,43362,65536,22141,0.00,0.00,27544
1781301736,3008.8,maxram=65536/nginx/n=840,64183,61828,2354,22174,43362,65536,22228,0.00,0.00,27457
1781301738,3010.8,maxram=65536/nginx/n=840,64183,61905,2278,22174,43362,65536,22286,0.00,0.00,27511
1781301740,3012.8,maxram=65536/nginx/n=840,64183,61950,2232,22174,43362,65536,22332,0.00,0.00,27802
1781301742,3014.9,maxram=65536/nginx/n=850,64183,61510,2673,22695,42841,65536,22418,0.00,0.00,28061
1781301744,3016.9,maxram=65536/nginx/n=850,64183,61599,2584,22695,42841,65536,22493,0.00,0.00,28014
1781301746,3018.9,maxram=65536/nginx/n=850,64183,61667,2515,22695,42841,65536,22571,0.00,0.00,27602
1781301748,3021.0,maxram=65536/nginx/n=860,64183,61731,2452,22695,42841,65536,22645,0.00,0.00,27804
1781301750,3023.0,maxram=65536/nginx/n=860,64183,61784,2398,22695,42841,65536,22697,0.00,0.00,27633
1781301752,3025.0,maxram=65536/nginx/n=860,64183,61791,2392,22695,42841,65536,22745,0.00,0.00,27824
1781301754,3027.2,maxram=65536/nginx/n=860,64183,61784,2398,22695,42841,65536,22752,0.00,0.00,27888
1781301757,3029.4,maxram=65536/nginx/n=860,64183,61893,2290,22695,42841,65536,22809,0.00,0.00,27500
1781301759,3031.4,maxram=65536/nginx/n=870,64183,61891,2291,22695,42841,65536,22849,0.00,0.00,27717
1781301761,3033.5,maxram=65536/nginx/n=870,64183,61479,2704,23219,42317,65536,22938,0.00,0.00,27692
1781301763,3035.5,maxram=65536/nginx/n=870,64183,61575,2608,23219,42317,65536,23020,0.00,0.00,27751
1781301765,3037.5,maxram=65536/nginx/n=880,64183,61571,2612,23219,42317,65536,23080,0.00,0.00,27475
1781301767,3039.6,maxram=65536/nginx/n=880,64183,61700,2482,23219,42317,65536,23148,0.00,0.00,27674
1781301769,3041.6,maxram=65536/nginx/n=880,64183,61767,2415,23219,42317,65536,23228,0.00,0.00,26948
1781301771,3043.6,maxram=65536/nginx/n=890,64183,61816,2366,23219,42317,65536,23297,0.00,0.00,27334
1781301773,3045.7,maxram=65536/nginx/n=890,64183,61911,2271,23219,42317,65536,23367,0.00,0.00,26799
1781301775,3047.7,maxram=65536/nginx/n=890,64183,61480,2703,23759,41777,65536,23450,0.00,0.00,28446
1781301777,3049.7,maxram=65536/nginx/n=900,64183,61509,2674,23759,41777,65536,23507,0.00,0.00,28190
1781301779,3051.8,maxram=65536/nginx/n=900,64183,61609,2573,23759,41777,65536,23592,0.00,0.00,27609
1781301781,3053.8,maxram=65536/nginx/n=900,64183,61700,2482,23759,41777,65536,23697,0.00,0.00,27475
1781301783,3055.8,maxram=65536/nginx/n=910,64183,61721,2462,23759,41777,65536,23745,0.00,0.00,27635
1781301785,3057.9,maxram=65536/nginx/n=910,64183,61808,2375,23759,41777,65536,23814,0.00,0.00,27553
1781301787,3059.9,maxram=65536/nginx/n=910,64183,61759,2423,23759,41777,65536,23817,0.00,0.00,27896
1781301789,3062.0,maxram=65536/nginx/n=910,64183,61823,2360,23759,41777,65536,23839,0.00,0.00,27437
1781301791,3064.0,maxram=65536/nginx/n=920,64183,61911,2271,23759,41777,65536,23931,0.00,0.00,26637
1781301793,3066.0,maxram=65536/nginx/n=920,64183,61948,2235,23759,41777,65536,23971,0.00,0.00,27516
1781301795,3068.1,maxram=65536/nginx/n=920,64183,61505,2677,24309,41227,65536,24049,0.00,0.00,28042
1781301797,3070.1,maxram=65536/nginx/n=930,64183,61576,2607,24309,41227,65536,24147,0.00,0.00,28078
1781301799,3072.1,maxram=65536/nginx/n=930,64183,61630,2553,24309,41227,65536,24188,0.00,0.00,27403
1781301801,3074.2,maxram=65536/nginx/n=930,64183,61707,2475,24309,41227,65536,24279,0.00,0.00,27710
1781301803,3076.2,maxram=65536/nginx/n=940,64183,61782,2401,24309,41227,65536,24352,0.00,0.00,27379
1781301805,3078.2,maxram=65536/nginx/n=940,64183,61844,2339,24309,41227,65536,24416,0.00,0.00,27341
1781301807,3080.3,maxram=65536/nginx/n=940,64183,61907,2276,24309,41227,65536,24485,0.00,0.00,27500
1781301809,3082.3,maxram=65536/nginx/n=950,64183,61959,2223,24309,41227,65536,24547,0.00,0.00,27241
1781301811,3084.3,maxram=65536/nginx/n=950,64183,61532,2651,24825,40711,65536,24608,0.00,0.00,27219
1781301813,3086.3,maxram=65536/nginx/n=950,64183,61624,2559,24825,40711,65536,24708,0.00,0.00,27154
1781301816,3088.4,maxram=65536/nginx/n=960,64183,61638,2545,24825,40711,65536,24761,0.00,0.00,27471
1781301818,3090.4,maxram=65536/nginx/n=960,64183,61706,2477,24825,40711,65536,24821,0.00,0.00,27126
1781301820,3092.4,maxram=65536/nginx/n=960,64183,61767,2416,24825,40711,65536,24872,0.00,0.00,27342
1781301822,3094.7,maxram=65536/nginx/n=960,64183,61741,2441,24825,40711,65536,24875,0.00,0.00,27103
1781301824,3096.9,maxram=65536/nginx/n=960,64183,61817,2366,24825,40711,65536,24934,0.00,0.00,27478
1781301826,3098.9,maxram=65536/nginx/n=970,64183,61853,2330,24825,40711,65536,24985,0.00,0.00,27146
1781301828,3101.0,maxram=65536/nginx/n=970,64183,61928,2255,24825,40711,65536,25037,0.00,0.00,27006
1781301830,3103.0,maxram=65536/nginx/n=970,64183,61501,2682,25348,40188,65536,25113,0.00,0.00,26811
1781301832,3105.0,maxram=65536/nginx/n=970,64183,61566,2616,25348,40188,65536,25186,0.00,0.00,27365
1781301834,3107.1,maxram=65536/nginx/n=980,64183,61590,2592,25348,40188,65536,25217,0.00,0.00,26798
1781301836,3109.1,maxram=65536/nginx/n=980,64183,61675,2507,25348,40188,65536,25302,0.00,0.00,26500
1781301838,3111.1,maxram=65536/nginx/n=980,64183,61739,2444,25348,40188,65536,25382,0.00,0.00,26894
1781301840,3113.2,maxram=65536/nginx/n=990,64183,61735,2448,25348,40188,65536,25448,0.00,0.00,26698
1781301842,3115.2,maxram=65536/nginx/n=990,64183,61850,2333,25348,40188,65536,25496,0.00,0.00,26949
1781301844,3117.2,maxram=65536/nginx/n=990,64183,61875,2307,25348,40188,65536,25541,0.00,0.00,26107
1781301846,3119.3,maxram=65536/nginx/n=1000,64183,61444,2738,25861,39675,65536,25599,0.00,0.00,27503
1781301848,3121.3,maxram=65536/nginx/n=1000,64183,61513,2670,25861,39675,65536,25666,0.00,0.00,27355
1781301850,3123.3,maxram=65536/nginx/n=1000,64183,61575,2607,25861,39675,65536,25743,0.00,0.00,27084
1781301853,3125.4,maxram=65536/nginx/n=1000,64183,61619,2563,25861,39675,65536,25828,0.00,0.00,26728
1781301855,3127.4,maxram=65536/nginx/n=1010,64183,61668,2515,25861,39675,65536,25848,0.00,0.00,27355
1781301857,3129.5,maxram=65536/nginx/n=1010,64183,61688,2495,25861,39675,65536,25881,0.00,0.00,27415
1781301859,3131.5,maxram=65536/nginx/n=1010,64183,61681,2502,25861,39675,65536,25885,0.00,0.00,26804
1781301861,3134.0,maxram=65536/nginx/n=1010,64183,61776,2406,25861,39675,65536,25939,0.00,0.00,27139
1781301863,3136.1,maxram=65536/nginx/n=1010,64183,61827,2356,25861,39675,65536,25997,0.00,0.00,27145
1781301865,3138.1,maxram=65536/nginx/n=1020,64183,61868,2315,25861,39675,65536,26055,0.00,0.00,27096
1781301867,3140.1,maxram=65536/nginx/n=1020,64183,61927,2256,25861,39675,65536,26105,0.00,0.00,27386
1781301869,3142.2,maxram=65536/nginx/n=1020,64183,61425,2758,26390,39146,65536,26144,0.00,0.00,26671
1781301871,3144.2,maxram=65536/nginx/n=1020,64183,60920,3262,26390,39146,65536,26181,0.00,0.00,26750
1781301873,3146.2,maxram=65536/nginx/n=1020,64183,60895,3287,26390,39146,65536,26181,0.00,0.00,26989
1781301875,3148.3,maxram=65536/nginx/n=1020,64183,60020,4163,26390,39146,65536,26184,0.00,0.00,26928
1781301877,3150.3,maxram=65536/nginx/n=1020,64183,59936,4246,26390,39146,65536,26182,0.00,0.00,27311
1781301879,3152.3,maxram=65536/nginx/n=1020,64183,59899,4283,26390,39146,65536,26182,0.00,0.00,28066
1781301882,3154.4,maxram=65536/nginx/n=1020,64183,59858,4325,26390,39146,65536,26183,0.00,0.00,27637
1781301884,3156.4,maxram=65536/nginx/n=1020,64183,58920,5263,26390,39146,65536,26182,0.00,0.00,27441
1781301886,3158.4,maxram=65536/nginx/n=1020,64183,58924,5258,26390,39146,65536,26182,0.00,0.00,27605
1781301888,3160.5,maxram=65536/nginx/n=1020,64183,58891,5291,26390,39146,65536,26182,0.00,0.00,27470
1781301890,3163.0,maxram=65536/nginx/n=1020,64183,58905,5278,26390,39146,65536,26181,0.00,0.00,27190
1781301892,3165.0,maxram=65536/nginx/n=1020,64183,58028,6154,26390,39146,65536,26183,0.00,0.00,27602
1781301894,3167.0,maxram=65536/nginx/n=1020,64183,57917,6265,26390,39146,65536,26182,0.00,0.00,27385
1781301896,3169.1,maxram=65536/nginx/n=1020,64183,57893,6289,26390,39146,65536,26181,0.00,0.00,27382
1781301898,3171.1,maxram=65536/nginx/n=1020,64183,57517,6666,26390,39146,65536,26183,0.00,0.00,26954
1781301900,3173.1,maxram=65536/nginx/n=1020,64183,56944,7238,26390,39146,65536,26182,0.00,0.00,26918
1781301902,3175.1,maxram=65536/nginx/n=1020,64183,56913,7270,26390,39146,65536,26181,0.00,0.00,27542
1781301904,3177.2,maxram=65536/nginx/n=1020,64183,56885,7297,26390,39146,65536,26180,0.00,0.00,27426
1781301906,3179.2,maxram=65536/nginx/n=1020,64183,55946,8237,26390,39146,65536,26183,0.00,0.00,27139
1781301909,3181.7,maxram=65536/nginx/n=1020,64183,55948,8234,26390,39146,65536,26183,0.00,0.00,27017
1781301911,3183.9,maxram=65536/nginx/n=1020,64183,55940,8243,26390,39146,65536,26183,0.00,0.00,26542
1781301913,3185.9,maxram=65536/nginx/n=1020,64183,55939,8244,26390,39146,65536,26181,0.00,0.00,26611
1781301915,3187.9,maxram=65536/nginx/n=1020,64183,55024,9159,26390,39146,65536,26182,0.00,0.00,27448
1781301917,3190.0,maxram=65536/nginx/n=1020,64183,54997,9186,26390,39146,65536,26182,0.00,0.00,27278
1781301919,3192.0,maxram=65536/nginx/n=1020,64183,55651,8532,19903,45633,65536,26182,0.00,0.00,27094
1781301921,3194.0,maxram=65536/nginx/n=1020,64183,60723,3460,19903,45633,65536,26314,0.00,0.00,27170
1781301923,3196.1,maxram=65536/nginx/n=1020,64183,60584,3599,19903,45633,65536,26314,0.00,0.00,27081
1781301925,3198.1,maxram=65536/nginx/n=1020,64183,60501,3682,19903,45633,65536,26313,0.00,0.00,27119
1781301927,3200.1,maxram=65536/nginx/n=1020,64183,59639,4543,19903,45633,65536,26314,0.00,0.00,27270
1781301929,3202.2,maxram=65536/nginx/n=1020,64183,59571,4612,19903,45633,65536,26315,0.00,0.00,26988
1781301931,3204.2,maxram=65536/nginx/n=1020,64183,59506,4677,19903,45633,65536,26315,0.00,0.00,27000
1781301934,3206.6,maxram=65536/nginx/n=1020,64183,59498,4685,19903,45633,65536,26314,0.00,0.00,26998
1781301936,3208.6,maxram=65536/nginx/n=1020,64183,59426,4757,19903,45633,65536,26313,0.00,0.00,26922
1781301938,3210.6,maxram=65536/nginx/n=1020,64183,58478,5704,19903,45633,65536,26315,0.00,0.00,26832
1781301940,3212.7,maxram=65536/nginx/n=1020,64183,58480,5702,19903,45633,65536,26315,0.00,0.00,27267
1781301942,3214.7,maxram=65536/nginx/n=1020,64183,58453,5729,19903,45633,65536,26314,0.00,0.00,26882
1781301944,3216.7,maxram=65536/nginx/n=1020,64183,57501,6682,19903,45633,65536,26315,0.00,0.00,26482
1781301946,3218.8,maxram=65536/nginx/n=1020,64183,57451,6732,19903,45633,65536,26315,0.00,0.00,26897
1781301948,3220.8,maxram=65536/nginx/n=1020,64183,57437,6745,19903,45633,65536,26314,0.00,0.00,27190
1781301950,3222.8,maxram=65536/nginx/n=1020,64183,56473,7710,19903,45633,65536,26315,0.00,0.00,26434
1781301952,3224.9,maxram=65536/nginx/n=1020,64183,56473,7710,19903,45633,65536,26315,0.00,0.00,27212
1781301954,3227.1,maxram=65536/nginx/n=1020,64183,56468,7715,19903,45633,65536,26315,0.00,0.00,27084
1781301956,3229.1,maxram=65536/nginx/n=1020,64183,56457,7726,19903,45633,65536,26314,0.00,0.00,27012
1781301958,3231.2,maxram=65536/nginx/n=1020,64183,56418,7765,19903,45633,65536,26313,0.00,0.00,27130
1781301960,3233.2,maxram=65536/nginx/n=1020,64183,55459,8724,19903,45633,65536,26314,0.00,0.00,27029
1781301962,3235.2,maxram=65536/nginx/n=1020,64183,55455,8728,19903,45633,65536,26313,0.00,0.00,27012
1781301964,3237.3,maxram=65536/nginx/n=1020,64183,55445,8737,19903,45633,65536,26313,0.00,0.00,26566
1781301966,3239.3,maxram=65536/nginx/n=1020,64183,54517,9666,19903,45633,65536,26315,0.00,0.00,26940
1781301968,3241.3,maxram=65536/nginx/n=1020,64183,54477,9706,19903,45633,65536,26314,0.00,0.00,27248
1781301971,3243.4,maxram=65536/nginx/n=1020,64183,61404,2779,12928,52608,65536,26314,0.00,0.00,26590
1781301973,3245.4,maxram=65536/nginx/n=1020,64183,61392,2791,12928,52608,65536,26318,0.00,0.00,26239
1781301975,3247.6,maxram=65536/nginx/n=1020,64183,61445,2738,12928,52608,65536,26356,0.00,0.00,27300
1781301977,3250.0,maxram=65536/nginx/n=1020,64183,60644,3539,12928,52608,65536,26414,0.00,0.00,26801
1781301979,3252.0,maxram=65536/nginx/n=1020,64183,60534,3649,12928,52608,65536,26413,0.00,0.00,26499
1781301981,3254.0,maxram=65536/nginx/n=1020,64183,60453,3729,12928,52608,65536,26412,0.00,0.00,26868
1781301983,3256.1,maxram=65536/nginx/n=1020,64183,59467,4715,12928,52608,65536,26414,0.00,0.00,26738
1781301985,3258.1,maxram=65536/nginx/n=1020,64183,59450,4732,12928,52608,65536,26413,0.00,0.00,26772
1781301987,3260.1,maxram=65536/nginx/n=1020,64183,59403,4780,12928,52608,65536,26412,0.00,0.00,27108
1781301989,3262.2,maxram=65536/nginx/n=1020,64183,58465,5718,12928,52608,65536,26414,0.00,0.00,26731
1781301991,3264.2,maxram=65536/nginx/n=1020,64183,58450,5733,12928,52608,65536,26414,0.00,0.00,26315
1781301994,3266.8,maxram=65536/nginx/n=1020,64183,58451,5732,12928,52608,65536,26414,0.00,0.00,27112
1781301996,3268.9,maxram=65536/nginx/n=1020,64183,58404,5779,12928,52608,65536,26413,0.00,0.00,26792
1781301998,3270.9,maxram=65536/nginx/n=1020,64183,58367,5816,12928,52608,65536,26412,0.00,0.00,27207
1781302000,3272.9,maxram=65536/nginx/n=1020,64183,57445,6737,12928,52608,65536,26414,0.00,0.00,26750
1781302002,3275.0,maxram=65536/nginx/n=1020,64183,57426,6757,12928,52608,65536,26413,0.00,0.00,26803
1781302004,3277.0,maxram=65536/nginx/n=1020,64183,57373,6809,12928,52608,65536,26412,0.00,0.00,26794
1781302006,3279.0,maxram=65536/nginx/n=1020,64183,56422,7761,12928,52608,65536,26414,0.00,0.00,26643
1781302008,3281.1,maxram=65536/nginx/n=1020,64183,56390,7793,12928,52608,65536,26413,0.00,0.00,26611
1781302010,3283.1,maxram=65536/nginx/n=1020,64183,56359,7824,12928,52608,65536,26412,0.00,0.00,27141
1781302012,3285.1,maxram=65536/nginx/n=1020,64183,55359,8824,12928,52608,65536,26414,0.00,0.00,26648
1781302014,3287.2,maxram=65536/nginx/n=1020,64183,55370,8812,12928,52608,65536,26413,0.00,0.00,26709
1781302017,3289.4,maxram=65536/nginx/n=1020,64183,55383,8800,12928,52608,65536,26413,0.00,0.00,26342
1781302019,3291.5,maxram=65536/nginx/n=1020,64183,55375,8808,12928,52608,65536,26412,0.00,0.00,26436
1781302021,3293.5,maxram=65536/nginx/n=1020,64183,55413,8770,12928,52608,65536,26412,0.00,0.00,26469
1781302023,3295.6,maxram=65536/nginx/n=1020,64183,58344,5839,6291,59245,65536,26412,0.00,0.00,26477
1781302025,3297.6,maxram=65536/nginx/n=1020,64183,61076,3107,6291,59245,65536,26413,0.00,0.00,27044
